0 verbose cli /usr/bin/node /usr/bin/npm
1 info using npm@10.8.2
2 info using node@v20.20.2
3 silly config load:file:/usr/lib/node_modules/npm/npmrc
4 silly config load:file:/home/user/frontend/.npmrc
5 silly config load:file:/home/user/.npmrc
6 silly config load:file:/usr/etc/npmrc
7 verbose title npm install @privy-io/react-auth
8 verbose argv "install" "@privy-io/react-auth" "--legacy-peer-deps" "--loglevel" "silent"
9 verbose logfile logs-max:10 dir:/home/user/.npm/_logs/2026-09-22T19_13_48_142Z-
10 verbose logfile /home/user/.npm/_logs/2026-09-22T19_13_48_142Z-debug-0.log
11 silly packumentCache heap:998768640 maxSize:249692160 maxEntrySize:124846080
12 silly logfile done cleaning log files
13 silly idealTree buildDeps
14 silly fetch manifest @privy-io/react-auth@*
15 silly packumentCache full:https://registry.npmjs.org/@privy-io%2freact-auth cache-miss
16 http fetch GET 200 https://registry.npmjs.org/@privy-io%2freact-auth 74ms (cache hit)
17 silly packumentCache full:https://registry.npmjs.org/@privy-io%2freact-auth set size:9284711 disposed:false
18 silly placeDep ROOT @privy-io/react-auth@3.45.0 OK for: placemark@0.1.0 want: *
19 silly fetch manifest jose@^4.15.5
20 silly packumentCache full:https://registry.npmjs.org/jose cache-miss
21 http fetch GET 200 https://registry.npmjs.org/jose 146ms (cache miss)
22 silly packumentCache full:https://registry.npmjs.org/jose set size:undefined disposed:false
23 silly fetch manifest mipd@^0.0.7
24 silly packumentCache full:https://registry.npmjs.org/mipd cache-miss
25 http fetch GET 200 https://registry.npmjs.org/mipd 45ms (cache miss)
26 silly packumentCache full:https://registry.npmjs.org/mipd set size:undefined disposed:false
27 silly fetch manifest viem@2.56.0
28 silly packumentCache full:https://registry.npmjs.org/viem cache-miss
29 http fetch GET 200 https://registry.npmjs.org/viem 23ms (cache hit)
30 silly packumentCache full:https://registry.npmjs.org/viem set size:11117850 disposed:false
31 silly fetch manifest x402@^0.7.1
32 silly packumentCache full:https://registry.npmjs.org/x402 cache-miss
33 http fetch GET 200 https://registry.npmjs.org/x402 42ms (cache miss)
34 silly packumentCache full:https://registry.npmjs.org/x402 set size:undefined disposed:false
35 silly fetch manifest ofetch@^1.3.4
36 silly packumentCache full:https://registry.npmjs.org/ofetch cache-miss
37 http fetch GET 200 https://registry.npmjs.org/ofetch 35ms (cache miss)
38 silly packumentCache full:https://registry.npmjs.org/ofetch set size:undefined disposed:false
39 silly fetch manifest qrcode@^1.5.1
40 silly packumentCache full:https://registry.npmjs.org/qrcode cache-miss
41 http fetch GET 200 https://registry.npmjs.org/qrcode 32ms (cache miss)
42 silly packumentCache full:https://registry.npmjs.org/qrcode set size:undefined disposed:false
43 silly fetch manifest stylis@^4.3.4
44 silly packumentCache full:https://registry.npmjs.org/stylis cache-miss
45 http fetch GET 200 https://registry.npmjs.org/stylis 47ms (cache miss)
46 silly packumentCache full:https://registry.npmjs.org/stylis set size:undefined disposed:false
47 silly fetch manifest zustand@^5.0.4
48 silly packumentCache full:https://registry.npmjs.org/zustand cache-miss
49 http fetch GET 200 https://registry.npmjs.org/zustand 44ms (cache miss)
50 silly packumentCache full:https://registry.npmjs.org/zustand set size:undefined disposed:false
51 silly fetch manifest js-cookie@^3.0.5
52 silly packumentCache full:https://registry.npmjs.org/js-cookie cache-miss
53 http fetch GET 200 https://registry.npmjs.org/js-cookie 43ms (cache miss)
54 silly packumentCache full:https://registry.npmjs.org/js-cookie set size:undefined disposed:false
55 silly fetch manifest tinycolor2@^1.6.0
56 silly packumentCache full:https://registry.npmjs.org/tinycolor2 cache-miss
57 http fetch GET 200 https://registry.npmjs.org/tinycolor2 33ms (cache miss)
58 silly packumentCache full:https://registry.npmjs.org/tinycolor2 set size:undefined disposed:false
59 silly fetch manifest pino-pretty@^10.0.0
60 silly packumentCache full:https://registry.npmjs.org/pino-pretty cache-miss
61 http fetch GET 200 https://registry.npmjs.org/pino-pretty 41ms (cache miss)
62 silly packumentCache full:https://registry.npmjs.org/pino-pretty set size:undefined disposed:false
63 silly fetch manifest lucide-react@^0.554.0
64 silly packumentCache full:https://registry.npmjs.org/lucide-react cache-miss
65 http fetch GET 200 https://registry.npmjs.org/lucide-react 97ms (cache miss)
66 silly packumentCache full:https://registry.npmjs.org/lucide-react set size:undefined disposed:false
67 silly fetch manifest @base-ui/react@^1.6.0
68 silly packumentCache full:https://registry.npmjs.org/@base-ui%2freact cache-miss
69 http fetch GET 200 https://registry.npmjs.org/@base-ui%2freact 51ms (cache miss)
70 silly packumentCache full:https://registry.npmjs.org/@base-ui%2freact set size:undefined disposed:false
71 silly fetch manifest @privy-io/urls@0.0.5
72 silly packumentCache full:https://registry.npmjs.org/@privy-io%2furls cache-miss
73 http fetch GET 200 https://registry.npmjs.org/@privy-io%2furls 51ms (cache miss)
74 silly packumentCache full:https://registry.npmjs.org/@privy-io%2furls set size:undefined disposed:false
75 silly fetch manifest @stripe/crypto@>=1.1.3
76 silly packumentCache full:https://registry.npmjs.org/@stripe%2fcrypto cache-miss
77 http fetch GET 200 https://registry.npmjs.org/@stripe%2fcrypto 46ms (cache miss)
78 silly packumentCache full:https://registry.npmjs.org/@stripe%2fcrypto set size:undefined disposed:false
79 silly fetch manifest @privy-io/popup@0.0.6
80 silly packumentCache full:https://registry.npmjs.org/@privy-io%2fpopup cache-miss
81 http fetch GET 200 https://registry.npmjs.org/@privy-io%2fpopup 47ms (cache miss)
82 silly packumentCache full:https://registry.npmjs.org/@privy-io%2fpopup set size:undefined disposed:false
83 silly fetch manifest @heroicons/react@^2.2.0
84 silly packumentCache full:https://registry.npmjs.org/@heroicons%2freact cache-miss
85 http fetch GET 200 https://registry.npmjs.org/@heroicons%2freact 52ms (cache miss)
86 silly packumentCache full:https://registry.npmjs.org/@heroicons%2freact set size:undefined disposed:false
87 silly fetch manifest @privy-io/chains@0.6.1
88 silly packumentCache full:https://registry.npmjs.org/@privy-io%2fchains cache-miss
89 http fetch GET 200 https://registry.npmjs.org/@privy-io%2fchains 41ms (cache miss)
90 silly packumentCache full:https://registry.npmjs.org/@privy-io%2fchains set size:undefined disposed:false
91 silly fetch manifest @privy-io/routes@0.4.1
92 silly packumentCache full:https://registry.npmjs.org/@privy-io%2froutes cache-miss
93 http fetch GET 200 https://registry.npmjs.org/@privy-io%2froutes 43ms (cache miss)
94 silly packumentCache full:https://registry.npmjs.org/@privy-io%2froutes set size:undefined disposed:false
95 silly fetch manifest @base-org/account@^1.1.0
96 silly packumentCache full:https://registry.npmjs.org/@base-org%2faccount cache-miss
97 http fetch GET 200 https://registry.npmjs.org/@base-org%2faccount 49ms (cache miss)
98 silly packumentCache full:https://registry.npmjs.org/@base-org%2faccount set size:undefined disposed:false
99 silly fetch manifest @headlessui/react@^2.2.0
100 silly packumentCache full:https://registry.npmjs.org/@headlessui%2freact cache-miss
101 http fetch GET 200 https://registry.npmjs.org/@headlessui%2freact 111ms (cache miss)
102 silly packumentCache full:https://registry.npmjs.org/@headlessui%2freact set size:undefined disposed:false
103 silly fetch manifest styled-components@^6.1.13
104 silly packumentCache full:https://registry.npmjs.org/styled-components cache-miss
105 http fetch GET 200 https://registry.npmjs.org/styled-components 72ms (cache miss)
106 silly packumentCache full:https://registry.npmjs.org/styled-components set size:undefined disposed:false
107 silly fetch manifest @floating-ui/react@^0.26.22
108 silly packumentCache full:https://registry.npmjs.org/@floating-ui%2freact cache-miss
109 http fetch GET 200 https://registry.npmjs.org/@floating-ui%2freact 69ms (cache miss)
110 silly packumentCache full:https://registry.npmjs.org/@floating-ui%2freact set size:undefined disposed:false
111 silly fetch manifest @privy-io/api-base@1.11.0
112 silly packumentCache full:https://registry.npmjs.org/@privy-io%2fapi-base cache-miss
113 http fetch GET 200 https://registry.npmjs.org/@privy-io%2fapi-base 98ms (cache miss)
114 silly packumentCache full:https://registry.npmjs.org/@privy-io%2fapi-base set size:undefined disposed:false
115 silly fetch manifest @privy-io/encoding@0.2.3
116 silly packumentCache full:https://registry.npmjs.org/@privy-io%2fencoding cache-miss
117 http fetch GET 200 https://registry.npmjs.org/@privy-io%2fencoding 91ms (cache miss)
118 silly packumentCache full:https://registry.npmjs.org/@privy-io%2fencoding set size:undefined disposed:false
119 silly fetch manifest @privy-io/ethereum@0.2.4
120 silly packumentCache full:https://registry.npmjs.org/@privy-io%2fethereum cache-miss
121 http fetch GET 200 https://registry.npmjs.org/@privy-io%2fethereum 115ms (cache miss)
122 silly packumentCache full:https://registry.npmjs.org/@privy-io%2fethereum set size:undefined disposed:false
123 silly fetch manifest @privy-io/api-types@0.22.0
124 silly packumentCache full:https://registry.npmjs.org/@privy-io%2fapi-types cache-miss
125 http fetch GET 200 https://registry.npmjs.org/@privy-io%2fapi-types 53ms (cache miss)
126 silly packumentCache full:https://registry.npmjs.org/@privy-io%2fapi-types set size:undefined disposed:false
127 silly fetch manifest react-device-detect@^2.2.2
128 silly packumentCache full:https://registry.npmjs.org/react-device-detect cache-miss
129 http fetch GET 200 https://registry.npmjs.org/react-device-detect 32ms (cache miss)
130 silly packumentCache full:https://registry.npmjs.org/react-device-detect set size:undefined disposed:false
131 silly fetch manifest @coinbase/wallet-sdk@4.3.2
132 silly packumentCache full:https://registry.npmjs.org/@coinbase%2fwallet-sdk cache-miss
133 http fetch GET 200 https://registry.npmjs.org/@coinbase%2fwallet-sdk 67ms (cache miss)
134 silly packumentCache full:https://registry.npmjs.org/@coinbase%2fwallet-sdk set size:undefined disposed:false
135 silly fetch manifest @wallet-standard/app@^1.0.1
136 silly packumentCache full:https://registry.npmjs.org/@wallet-standard%2fapp cache-miss
137 http fetch GET 200 https://registry.npmjs.org/@wallet-standard%2fapp 62ms (cache miss)
138 silly packumentCache full:https://registry.npmjs.org/@wallet-standard%2fapp set size:undefined disposed:false
139 silly fetch manifest @privy-io/js-sdk-core@0.76.2
140 silly packumentCache full:https://registry.npmjs.org/@privy-io%2fjs-sdk-core cache-miss
141 http fetch GET 200 https://registry.npmjs.org/@privy-io%2fjs-sdk-core 150ms (cache miss)
142 silly packumentCache full:https://registry.npmjs.org/@privy-io%2fjs-sdk-core set size:undefined disposed:false
143 silly fetch manifest fast-password-entropy@^1.1.1
144 silly packumentCache full:https://registry.npmjs.org/fast-password-entropy cache-miss
145 http fetch GET 200 https://registry.npmjs.org/fast-password-entropy 40ms (cache miss)
146 silly packumentCache full:https://registry.npmjs.org/fast-password-entropy set size:undefined disposed:false
147 silly fetch manifest @simplewebauthn/browser@^13.2.2
148 silly packumentCache full:https://registry.npmjs.org/@simplewebauthn%2fbrowser cache-miss
149 http fetch GET 200 https://registry.npmjs.org/@simplewebauthn%2fbrowser 47ms (cache miss)
150 silly packumentCache full:https://registry.npmjs.org/@simplewebauthn%2fbrowser set size:undefined disposed:false
151 silly fetch manifest @tanstack/react-virtual@^3.13.10
152 silly packumentCache full:https://registry.npmjs.org/@tanstack%2freact-virtual cache-miss
153 http fetch GET 200 https://registry.npmjs.org/@tanstack%2freact-virtual 65ms (cache miss)
154 silly packumentCache full:https://registry.npmjs.org/@tanstack%2freact-virtual set size:undefined disposed:false
155 silly fetch manifest @hcaptcha/react-hcaptcha@^1.14.0
156 silly packumentCache full:https://registry.npmjs.org/@hcaptcha%2freact-hcaptcha cache-miss
157 http fetch GET 200 https://registry.npmjs.org/@hcaptcha%2freact-hcaptcha 56ms (cache miss)
158 silly packumentCache full:https://registry.npmjs.org/@hcaptcha%2freact-hcaptcha set size:undefined disposed:false
159 silly fetch manifest @marsidev/react-turnstile@^1.3.1
160 silly packumentCache full:https://registry.npmjs.org/@marsidev%2freact-turnstile cache-miss
161 http fetch GET 200 https://registry.npmjs.org/@marsidev%2freact-turnstile 46ms (cache miss)
162 silly packumentCache full:https://registry.npmjs.org/@marsidev%2freact-turnstile set size:undefined disposed:false
163 silly fetch manifest secure-password-utilities@^0.2.1
164 silly packumentCache full:https://registry.npmjs.org/secure-password-utilities cache-miss
165 http fetch GET 200 https://registry.npmjs.org/secure-password-utilities 34ms (cache miss)
166 silly packumentCache full:https://registry.npmjs.org/secure-password-utilities set size:undefined disposed:false
167 silly fetch manifest @privy-io/are-addresses-equal@0.0.13
168 silly packumentCache full:https://registry.npmjs.org/@privy-io%2fare-addresses-equal cache-miss
169 http fetch GET 200 https://registry.npmjs.org/@privy-io%2fare-addresses-equal 127ms (cache miss)
170 silly packumentCache full:https://registry.npmjs.org/@privy-io%2fare-addresses-equal set size:undefined disposed:false
171 silly fetch manifest @walletconnect/ethereum-provider@2.22.4
172 silly packumentCache full:https://registry.npmjs.org/@walletconnect%2fethereum-provider cache-miss
173 http fetch GET 200 https://registry.npmjs.org/@walletconnect%2fethereum-provider 155ms (cache miss)
174 silly packumentCache full:https://registry.npmjs.org/@walletconnect%2fethereum-provider set size:undefined disposed:false
175 silly fetch manifest @walletconnect/universal-provider@2.22.4
176 silly packumentCache full:https://registry.npmjs.org/@walletconnect%2funiversal-provider cache-miss
177 http fetch GET 200 https://registry.npmjs.org/@walletconnect%2funiversal-provider 91ms (cache miss)
178 silly packumentCache full:https://registry.npmjs.org/@walletconnect%2funiversal-provider set size:undefined disposed:false
179 silly placeDep ROOT @base-org/account@1.1.1 OK for: @privy-io/react-auth@3.45.0 want: ^1.1.0
180 silly placeDep ROOT @base-ui/react@1.8.0 OK for: @privy-io/react-auth@3.45.0 want: ^1.6.0
181 silly placeDep ROOT @coinbase/wallet-sdk@4.3.2 OK for: @privy-io/react-auth@3.45.0 want: 4.3.2
182 silly placeDep ROOT @floating-ui/react@0.26.28 OK for: @privy-io/react-auth@3.45.0 want: ^0.26.22
183 silly placeDep ROOT @hcaptcha/react-hcaptcha@1.17.4 OK for: @privy-io/react-auth@3.45.0 want: ^1.14.0
184 silly placeDep ROOT @headlessui/react@2.2.10 OK for: @privy-io/react-auth@3.45.0 want: ^2.2.0
185 silly placeDep ROOT @heroicons/react@2.2.0 OK for: @privy-io/react-auth@3.45.0 want: ^2.2.0
186 silly placeDep ROOT @marsidev/react-turnstile@1.6.1 OK for: @privy-io/react-auth@3.45.0 want: ^1.3.1
187 silly placeDep ROOT @privy-io/api-base@1.11.0 OK for: @privy-io/react-auth@3.45.0 want: 1.11.0
188 silly placeDep ROOT @privy-io/api-types@0.22.0 OK for: @privy-io/react-auth@3.45.0 want: 0.22.0
189 silly placeDep ROOT @privy-io/are-addresses-equal@0.0.13 OK for: @privy-io/react-auth@3.45.0 want: 0.0.13
190 silly placeDep ROOT @privy-io/chains@0.6.1 OK for: @privy-io/react-auth@3.45.0 want: 0.6.1
191 silly placeDep ROOT @privy-io/encoding@0.2.3 OK for: @privy-io/react-auth@3.45.0 want: 0.2.3
192 silly placeDep ROOT @privy-io/ethereum@0.2.4 OK for: @privy-io/react-auth@3.45.0 want: 0.2.4
193 silly placeDep ROOT @privy-io/js-sdk-core@0.76.2 OK for: @privy-io/react-auth@3.45.0 want: 0.76.2
194 silly placeDep ROOT @privy-io/popup@0.0.6 OK for: @privy-io/react-auth@3.45.0 want: 0.0.6
195 silly placeDep ROOT @privy-io/routes@0.4.1 OK for: @privy-io/react-auth@3.45.0 want: 0.4.1
196 silly placeDep ROOT @privy-io/urls@0.0.5 OK for: @privy-io/react-auth@3.45.0 want: 0.0.5
197 silly placeDep ROOT @simplewebauthn/browser@13.3.0 OK for: @privy-io/react-auth@3.45.0 want: ^13.2.2
198 silly placeDep ROOT @stripe/crypto@1.1.3 OK for: @privy-io/react-auth@3.45.0 want: >=1.1.3
199 silly placeDep ROOT @tanstack/react-virtual@3.14.13 OK for: @privy-io/react-auth@3.45.0 want: ^3.13.10
200 silly placeDep ROOT @wallet-standard/app@1.1.0 OK for: @privy-io/react-auth@3.45.0 want: ^1.0.1
201 silly placeDep ROOT @walletconnect/ethereum-provider@2.22.4 OK for: @privy-io/react-auth@3.45.0 want: 2.22.4
202 silly placeDep ROOT @walletconnect/universal-provider@2.22.4 OK for: @privy-io/react-auth@3.45.0 want: 2.22.4
203 silly placeDep ROOT fast-password-entropy@1.1.1 OK for: @privy-io/react-auth@3.45.0 want: ^1.1.1
204 silly placeDep ROOT jose@4.15.9 OK for: @privy-io/react-auth@3.45.0 want: ^4.15.5
205 silly placeDep ROOT js-cookie@3.0.8 OK for: @privy-io/react-auth@3.45.0 want: ^3.0.5
206 silly placeDep ROOT lucide-react@0.554.0 OK for: @privy-io/react-auth@3.45.0 want: ^0.554.0
207 silly placeDep ROOT mipd@0.0.7 OK for: @privy-io/react-auth@3.45.0 want: ^0.0.7
208 silly placeDep ROOT ofetch@1.5.1 OK for: @privy-io/react-auth@3.45.0 want: ^1.3.4
209 silly placeDep ROOT pino-pretty@10.3.1 OK for: @privy-io/react-auth@3.45.0 want: ^10.0.0
210 silly placeDep ROOT qrcode@1.5.4 OK for: @privy-io/react-auth@3.45.0 want: ^1.5.1
211 silly placeDep ROOT react-device-detect@2.2.3 OK for: @privy-io/react-auth@3.45.0 want: ^2.2.2
212 silly placeDep ROOT secure-password-utilities@0.2.1 OK for: @privy-io/react-auth@3.45.0 want: ^0.2.1
213 silly placeDep ROOT styled-components@6.5.3 OK for: @privy-io/react-auth@3.45.0 want: ^6.1.13
214 silly placeDep ROOT stylis@4.4.0 OK for: @privy-io/react-auth@3.45.0 want: ^4.3.4
215 silly placeDep ROOT tinycolor2@1.6.0 OK for: @privy-io/react-auth@3.45.0 want: ^1.6.0
216 silly placeDep node_modules/@privy-io/react-auth viem@2.56.0 OK for: @privy-io/react-auth@3.45.0 want: 2.56.0
217 silly placeDep ROOT x402@0.7.3 OK for: @privy-io/react-auth@3.45.0 want: ^0.7.1
218 silly placeDep ROOT zustand@5.0.15 OK for: @privy-io/react-auth@3.45.0 want: ^5.0.4
219 silly fetch manifest ox@0.6.9
220 silly packumentCache full:https://registry.npmjs.org/ox cache-miss
221 http fetch GET 200 https://registry.npmjs.org/ox 15ms (cache hit)
222 silly packumentCache full:https://registry.npmjs.org/ox set size:6517397 disposed:false
223 silly fetch manifest clsx@1.2.1
224 silly packumentCache full:https://registry.npmjs.org/clsx cache-miss
225 http fetch GET 200 https://registry.npmjs.org/clsx 28ms (cache miss)
226 silly packumentCache full:https://registry.npmjs.org/clsx set size:undefined disposed:false
227 silly fetch manifest preact@10.24.2
228 silly packumentCache full:https://registry.npmjs.org/preact cache-miss
229 http fetch GET 200 https://registry.npmjs.org/preact 58ms (cache miss)
230 silly packumentCache full:https://registry.npmjs.org/preact set size:undefined disposed:false
231 silly fetch manifest zustand@5.0.3
232 silly packumentCache full:https://registry.npmjs.org/zustand cache-miss
233 http fetch GET 200 https://registry.npmjs.org/zustand 3ms (cache hit)
234 silly packumentCache full:https://registry.npmjs.org/zustand set size:489641 disposed:false
235 silly fetch manifest idb-keyval@6.2.1
236 silly packumentCache full:https://registry.npmjs.org/idb-keyval cache-miss
237 http fetch GET 200 https://registry.npmjs.org/idb-keyval 31ms (cache miss)
238 silly packumentCache full:https://registry.npmjs.org/idb-keyval set size:undefined disposed:false
239 silly fetch manifest @noble/hashes@1.4.0
240 silly packumentCache full:https://registry.npmjs.org/@noble%2fhashes cache-miss
241 http fetch GET 200 https://registry.npmjs.org/@noble%2fhashes 47ms (cache miss)
242 silly packumentCache full:https://registry.npmjs.org/@noble%2fhashes set size:undefined disposed:false
243 silly fetch manifest @babel/runtime@^7.29.7
244 silly packumentCache full:https://registry.npmjs.org/@babel%2fruntime cache-miss
245 http fetch GET 200 https://registry.npmjs.org/@babel%2fruntime 136ms (cache miss)
246 silly packumentCache full:https://registry.npmjs.org/@babel%2fruntime set size:undefined disposed:false
247 silly fetch manifest @base-ui/utils@0.4.0
248 silly packumentCache full:https://registry.npmjs.org/@base-ui%2futils cache-miss
249 http fetch GET 200 https://registry.npmjs.org/@base-ui%2futils 57ms (cache miss)
250 silly packumentCache full:https://registry.npmjs.org/@base-ui%2futils set size:undefined disposed:false
251 silly fetch manifest @floating-ui/utils@^0.2.12
252 silly packumentCache full:https://registry.npmjs.org/@floating-ui%2futils cache-miss
253 http fetch GET 200 https://registry.npmjs.org/@floating-ui%2futils 55ms (cache miss)
254 silly packumentCache full:https://registry.npmjs.org/@floating-ui%2futils set size:undefined disposed:false
255 silly fetch manifest @floating-ui/react-dom@^2.1.9
256 silly packumentCache full:https://registry.npmjs.org/@floating-ui%2freact-dom cache-miss
257 http fetch GET 200 https://registry.npmjs.org/@floating-ui%2freact-dom 58ms (cache miss)
258 silly packumentCache full:https://registry.npmjs.org/@floating-ui%2freact-dom set size:undefined disposed:false
259 silly fetch manifest use-sync-external-store@^1.6.0
260 silly packumentCache full:https://registry.npmjs.org/use-sync-external-store cache-miss
261 http fetch GET 200 https://registry.npmjs.org/use-sync-external-store 163ms (cache miss)
262 silly packumentCache full:https://registry.npmjs.org/use-sync-external-store set size:undefined disposed:false
263 silly fetch manifest clsx@^1.2.1
264 silly packumentCache full:https://registry.npmjs.org/clsx cache-miss
265 http fetch GET 200 https://registry.npmjs.org/clsx 5ms (cache hit)
266 silly packumentCache full:https://registry.npmjs.org/clsx set size:42531 disposed:false
267 silly fetch manifest preact@^10.24.2
268 silly packumentCache full:https://registry.npmjs.org/preact cache-miss
269 http fetch GET 200 https://registry.npmjs.org/preact 8ms (cache hit)
270 silly packumentCache full:https://registry.npmjs.org/preact set size:1891336 disposed:false
271 silly fetch manifest tabbable@^6.0.0
272 silly packumentCache full:https://registry.npmjs.org/tabbable cache-miss
273 http fetch GET 200 https://registry.npmjs.org/tabbable 38ms (cache miss)
274 silly packumentCache full:https://registry.npmjs.org/tabbable set size:undefined disposed:false
275 silly fetch manifest @floating-ui/utils@^0.2.8
276 silly packumentCache full:https://registry.npmjs.org/@floating-ui%2futils cache-miss
277 http fetch GET 200 https://registry.npmjs.org/@floating-ui%2futils 2ms (cache hit)
278 silly packumentCache full:https://registry.npmjs.org/@floating-ui%2futils set size:54354 disposed:false
279 silly fetch manifest @floating-ui/react-dom@^2.1.2
280 silly packumentCache full:https://registry.npmjs.org/@floating-ui%2freact-dom cache-miss
281 http fetch GET 200 https://registry.npmjs.org/@floating-ui%2freact-dom 2ms (cache hit)
282 silly packumentCache full:https://registry.npmjs.org/@floating-ui%2freact-dom set size:168230 disposed:false
283 silly fetch manifest @babel/runtime@^7.17.9
284 silly packumentCache full:https://registry.npmjs.org/@babel%2fruntime cache-miss
285 http fetch GET 200 https://registry.npmjs.org/@babel%2fruntime 7ms (cache hit)
286 silly packumentCache full:https://registry.npmjs.org/@babel%2fruntime set size:3488363 disposed:false
287 silly fetch manifest @hcaptcha/loader@^2.3.0
288 silly packumentCache full:https://registry.npmjs.org/@hcaptcha%2floader cache-miss
289 http fetch GET 200 https://registry.npmjs.org/@hcaptcha%2floader 48ms (cache miss)
290 silly packumentCache full:https://registry.npmjs.org/@hcaptcha%2floader set size:undefined disposed:false
291 silly fetch manifest @react-aria/focus@^3.20.2
292 silly packumentCache full:https://registry.npmjs.org/@react-aria%2ffocus cache-miss
293 http fetch GET 200 https://registry.npmjs.org/@react-aria%2ffocus 124ms (cache miss)
294 silly packumentCache full:https://registry.npmjs.org/@react-aria%2ffocus set size:undefined disposed:false
295 silly fetch manifest @tanstack/react-virtual@^3.13.9
296 silly packumentCache full:https://registry.npmjs.org/@tanstack%2freact-virtual cache-miss
297 http fetch GET 200 https://registry.npmjs.org/@tanstack%2freact-virtual 10ms (cache hit)
298 silly packumentCache full:https://registry.npmjs.org/@tanstack%2freact-virtual set size:387960 disposed:false
299 silly fetch manifest use-sync-external-store@^1.5.0
300 silly packumentCache full:https://registry.npmjs.org/use-sync-external-store cache-miss
301 http fetch GET 200 https://registry.npmjs.org/use-sync-external-store 10ms (cache hit)
302 silly packumentCache full:https://registry.npmjs.org/use-sync-external-store set size:5051893 disposed:false
303 silly fetch manifest @react-aria/interactions@^3.25.0
304 silly packumentCache full:https://registry.npmjs.org/@react-aria%2finteractions cache-miss
305 http fetch GET 200 https://registry.npmjs.org/@react-aria%2finteractions 133ms (cache miss)
306 silly packumentCache full:https://registry.npmjs.org/@react-aria%2finteractions set size:undefined disposed:false
307 silly fetch manifest zod@^3.25.76
308 silly packumentCache full:https://registry.npmjs.org/zod cache-miss
309 http fetch GET 200 https://registry.npmjs.org/zod 101ms (cache miss)
310 silly packumentCache full:https://registry.npmjs.org/zod set size:undefined disposed:false
311 silly fetch manifest fetch-retry@^6.0.0
312 silly packumentCache full:https://registry.npmjs.org/fetch-retry cache-miss
313 http fetch GET 200 https://registry.npmjs.org/fetch-retry 32ms (cache miss)
314 silly packumentCache full:https://registry.npmjs.org/fetch-retry set size:undefined disposed:false
315 silly fetch manifest canonicalize@^2.0.0
316 silly packumentCache full:https://registry.npmjs.org/canonicalize cache-miss
317 http fetch GET 200 https://registry.npmjs.org/canonicalize 36ms (cache miss)
318 silly packumentCache full:https://registry.npmjs.org/canonicalize set size:undefined disposed:false
319 silly fetch manifest @privy-io/std@0.0.1
320 silly packumentCache full:https://registry.npmjs.org/@privy-io%2fstd cache-miss
321 http fetch GET 200 https://registry.npmjs.org/@privy-io%2fstd 97ms (cache miss)
322 silly packumentCache full:https://registry.npmjs.org/@privy-io%2fstd set size:undefined disposed:false
323 silly fetch manifest libphonenumber-js@^1.12.10
324 silly packumentCache full:https://registry.npmjs.org/libphonenumber-js cache-miss
325 http fetch GET 200 https://registry.npmjs.org/libphonenumber-js 88ms (cache miss)
326 silly packumentCache full:https://registry.npmjs.org/libphonenumber-js set size:undefined disposed:false
327 silly fetch manifest set-cookie-parser@^2.6.0
328 silly packumentCache full:https://registry.npmjs.org/set-cookie-parser cache-miss
329 http fetch GET 200 https://registry.npmjs.org/set-cookie-parser 30ms (cache miss)
330 silly packumentCache full:https://registry.npmjs.org/set-cookie-parser set size:undefined disposed:false
331 silly fetch manifest @tanstack/virtual-core@3.17.11
332 silly packumentCache full:https://registry.npmjs.org/@tanstack%2fvirtual-core cache-miss
333 http fetch GET 200 https://registry.npmjs.org/@tanstack%2fvirtual-core 53ms (cache miss)
334 silly packumentCache full:https://registry.npmjs.org/@tanstack%2fvirtual-core set size:undefined disposed:false
335 silly fetch manifest @wallet-standard/base@^1.1.0
336 silly packumentCache full:https://registry.npmjs.org/@wallet-standard%2fbase cache-miss
337 http fetch GET 200 https://registry.npmjs.org/@wallet-standard%2fbase 61ms (cache miss)
338 silly packumentCache full:https://registry.npmjs.org/@wallet-standard%2fbase set size:undefined disposed:false
339 silly fetch manifest events@3.3.0
340 silly packumentCache full:https://registry.npmjs.org/events cache-miss
341 http fetch GET 200 https://registry.npmjs.org/events 33ms (cache miss)
342 silly packumentCache full:https://registry.npmjs.org/events set size:undefined disposed:false
343 silly fetch manifest @reown/appkit@1.8.9
344 silly packumentCache full:https://registry.npmjs.org/@reown%2fappkit cache-miss
345 http fetch GET 200 https://registry.npmjs.org/@reown%2fappkit 131ms (cache miss)
346 silly packumentCache full:https://registry.npmjs.org/@reown%2fappkit set size:undefined disposed:false
347 silly fetch manifest @walletconnect/types@2.22.4
348 silly packumentCache full:https://registry.npmjs.org/@walletconnect%2ftypes cache-miss
349 http fetch GET 200 https://registry.npmjs.org/@walletconnect%2ftypes 97ms (cache miss)
350 silly packumentCache full:https://registry.npmjs.org/@walletconnect%2ftypes set size:undefined disposed:false
351 silly fetch manifest @walletconnect/utils@2.22.4
352 silly packumentCache full:https://registry.npmjs.org/@walletconnect%2futils cache-miss
353 http fetch GET 200 https://registry.npmjs.org/@walletconnect%2futils 141ms (cache miss)
354 silly packumentCache full:https://registry.npmjs.org/@walletconnect%2futils set size:undefined disposed:false
355 silly fetch manifest @walletconnect/logger@3.0.0
356 silly packumentCache full:https://registry.npmjs.org/@walletconnect%2flogger cache-miss
357 http fetch GET 200 https://registry.npmjs.org/@walletconnect%2flogger 47ms (cache miss)
358 silly packumentCache full:https://registry.npmjs.org/@walletconnect%2flogger set size:undefined disposed:false
359 silly fetch manifest @walletconnect/sign-client@2.22.4
360 silly packumentCache full:https://registry.npmjs.org/@walletconnect%2fsign-client cache-miss
361 http fetch GET 200 https://registry.npmjs.org/@walletconnect%2fsign-client 81ms (cache miss)
362 silly packumentCache full:https://registry.npmjs.org/@walletconnect%2fsign-client set size:undefined disposed:false
363 silly fetch manifest @walletconnect/jsonrpc-types@1.0.4
364 silly packumentCache full:https://registry.npmjs.org/@walletconnect%2fjsonrpc-types cache-miss
365 http fetch GET 200 https://registry.npmjs.org/@walletconnect%2fjsonrpc-types 43ms (cache miss)
366 silly packumentCache full:https://registry.npmjs.org/@walletconnect%2fjsonrpc-types set size:undefined disposed:false
367 silly fetch manifest @walletconnect/jsonrpc-utils@1.0.8
368 silly packumentCache full:https://registry.npmjs.org/@walletconnect%2fjsonrpc-utils cache-miss
369 http fetch GET 200 https://registry.npmjs.org/@walletconnect%2fjsonrpc-utils 51ms (cache miss)
370 silly packumentCache full:https://registry.npmjs.org/@walletconnect%2fjsonrpc-utils set size:undefined disposed:false
371 silly fetch manifest @walletconnect/keyvaluestorage@1.1.1
372 silly packumentCache full:https://registry.npmjs.org/@walletconnect%2fkeyvaluestorage cache-miss
373 http fetch GET 200 https://registry.npmjs.org/@walletconnect%2fkeyvaluestorage 100ms (cache miss)
374 silly packumentCache full:https://registry.npmjs.org/@walletconnect%2fkeyvaluestorage set size:undefined disposed:false
375 silly fetch manifest @walletconnect/jsonrpc-provider@1.0.14
376 silly packumentCache full:https://registry.npmjs.org/@walletconnect%2fjsonrpc-provider cache-miss
377 http fetch GET 200 https://registry.npmjs.org/@walletconnect%2fjsonrpc-provider 51ms (cache miss)
378 silly packumentCache full:https://registry.npmjs.org/@walletconnect%2fjsonrpc-provider set size:undefined disposed:false
379 silly fetch manifest @walletconnect/jsonrpc-http-connection@1.0.8
380 silly packumentCache full:https://registry.npmjs.org/@walletconnect%2fjsonrpc-http-connection cache-miss
381 http fetch GET 200 https://registry.npmjs.org/@walletconnect%2fjsonrpc-http-connection 105ms (cache miss)
382 silly packumentCache full:https://registry.npmjs.org/@walletconnect%2fjsonrpc-http-connection set size:undefined disposed:false
383 silly fetch manifest es-toolkit@1.39.3
384 silly packumentCache full:https://registry.npmjs.org/es-toolkit cache-miss
385 http fetch GET 200 https://registry.npmjs.org/es-toolkit 171ms (cache miss)
386 silly packumentCache full:https://registry.npmjs.org/es-toolkit set size:undefined disposed:false
387 silly fetch manifest @walletconnect/events@1.0.1
388 silly packumentCache full:https://registry.npmjs.org/@walletconnect%2fevents cache-miss
389 http fetch GET 200 https://registry.npmjs.org/@walletconnect%2fevents 57ms (cache miss)
390 silly packumentCache full:https://registry.npmjs.org/@walletconnect%2fevents set size:undefined disposed:false
391 silly fetch manifest destr@^2.0.5
392 silly packumentCache full:https://registry.npmjs.org/destr cache-miss
393 http fetch GET 200 https://registry.npmjs.org/destr 29ms (cache miss)
394 silly packumentCache full:https://registry.npmjs.org/destr set size:undefined disposed:false
395 silly fetch manifest node-fetch-native@^1.6.7
396 silly packumentCache full:https://registry.npmjs.org/node-fetch-native cache-miss
397 http fetch GET 200 https://registry.npmjs.org/node-fetch-native 35ms (cache miss)
398 silly packumentCache full:https://registry.npmjs.org/node-fetch-native set size:undefined disposed:false
399 silly fetch manifest ufo@^1.6.1
400 silly packumentCache full:https://registry.npmjs.org/ufo cache-miss
401 http fetch GET 200 https://registry.npmjs.org/ufo 32ms (cache miss)
402 silly packumentCache full:https://registry.npmjs.org/ufo set size:undefined disposed:false
403 silly fetch manifest pump@^3.0.0
404 silly packumentCache full:https://registry.npmjs.org/pump cache-miss
405 http fetch GET 200 https://registry.npmjs.org/pump 31ms (cache miss)
406 silly packumentCache full:https://registry.npmjs.org/pump set size:undefined disposed:false
407 silly fetch manifest joycon@^3.1.1
408 silly packumentCache full:https://registry.npmjs.org/joycon cache-miss
409 http fetch GET 200 https://registry.npmjs.org/joycon 30ms (cache miss)
410 silly packumentCache full:https://registry.npmjs.org/joycon set size:undefined disposed:false
411 silly fetch manifest help-me@^5.0.0
412 silly packumentCache full:https://registry.npmjs.org/help-me cache-miss
413 http fetch GET 200 https://registry.npmjs.org/help-me 31ms (cache miss)
414 silly packumentCache full:https://registry.npmjs.org/help-me set size:undefined disposed:false
415 silly fetch manifest colorette@^2.0.7
416 silly packumentCache full:https://registry.npmjs.org/colorette cache-miss
417 http fetch GET 200 https://registry.npmjs.org/colorette 28ms (cache miss)
418 silly packumentCache full:https://registry.npmjs.org/colorette set size:undefined disposed:false
419 silly fetch manifest fast-copy@^3.0.0
420 silly packumentCache full:https://registry.npmjs.org/fast-copy cache-miss
421 http fetch GET 200 https://registry.npmjs.org/fast-copy 37ms (cache miss)
422 silly packumentCache full:https://registry.npmjs.org/fast-copy set size:undefined disposed:false
423 silly fetch manifest dateformat@^4.6.3
424 silly packumentCache full:https://registry.npmjs.org/dateformat cache-miss
425 http fetch GET 200 https://registry.npmjs.org/dateformat 34ms (cache miss)
426 silly packumentCache full:https://registry.npmjs.org/dateformat set size:undefined disposed:false
427 silly fetch manifest sonic-boom@^3.0.0
428 silly packumentCache full:https://registry.npmjs.org/sonic-boom cache-miss
429 http fetch GET 200 https://registry.npmjs.org/sonic-boom 37ms (cache miss)
430 silly packumentCache full:https://registry.npmjs.org/sonic-boom set size:undefined disposed:false
431 silly fetch manifest readable-stream@^4.0.0
432 silly packumentCache full:https://registry.npmjs.org/readable-stream cache-miss
433 http fetch GET 200 https://registry.npmjs.org/readable-stream 35ms (cache miss)
434 silly packumentCache full:https://registry.npmjs.org/readable-stream set size:undefined disposed:false
435 silly fetch manifest on-exit-leak-free@^2.1.0
436 silly packumentCache full:https://registry.npmjs.org/on-exit-leak-free cache-miss
437 http fetch GET 200 https://registry.npmjs.org/on-exit-leak-free 32ms (cache miss)
438 silly packumentCache full:https://registry.npmjs.org/on-exit-leak-free set size:undefined disposed:false
439 silly fetch manifest secure-json-parse@^2.4.0
440 silly packumentCache full:https://registry.npmjs.org/secure-json-parse cache-miss
441 http fetch GET 200 https://registry.npmjs.org/secure-json-parse 30ms (cache miss)
442 silly packumentCache full:https://registry.npmjs.org/secure-json-parse set size:undefined disposed:false
443 silly fetch manifest fast-safe-stringify@^2.1.1
444 silly packumentCache full:https://registry.npmjs.org/fast-safe-stringify cache-miss
445 http fetch GET 200 https://registry.npmjs.org/fast-safe-stringify 35ms (cache miss)
446 silly packumentCache full:https://registry.npmjs.org/fast-safe-stringify set size:undefined disposed:false
447 silly fetch manifest pino-abstract-transport@^1.0.0
448 silly packumentCache full:https://registry.npmjs.org/pino-abstract-transport cache-miss
449 http fetch GET 200 https://registry.npmjs.org/pino-abstract-transport 26ms (cache miss)
450 silly packumentCache full:https://registry.npmjs.org/pino-abstract-transport set size:undefined disposed:false
451 silly fetch manifest pngjs@^5.0.0
452 silly packumentCache full:https://registry.npmjs.org/pngjs cache-miss
453 http fetch GET 200 https://registry.npmjs.org/pngjs 31ms (cache miss)
454 silly packumentCache full:https://registry.npmjs.org/pngjs set size:undefined disposed:false
455 silly fetch manifest yargs@^15.3.1
456 silly packumentCache full:https://registry.npmjs.org/yargs cache-miss
457 http fetch GET 200 https://registry.npmjs.org/yargs 46ms (cache miss)
458 silly packumentCache full:https://registry.npmjs.org/yargs set size:undefined disposed:false
459 silly fetch manifest dijkstrajs@^1.0.1
460 silly packumentCache full:https://registry.npmjs.org/dijkstrajs cache-miss
461 http fetch GET 200 https://registry.npmjs.org/dijkstrajs 28ms (cache miss)
462 silly packumentCache full:https://registry.npmjs.org/dijkstrajs set size:undefined disposed:false
463 silly fetch manifest ua-parser-js@^1.0.33
464 silly packumentCache full:https://registry.npmjs.org/ua-parser-js cache-miss
465 http fetch GET 200 https://registry.npmjs.org/ua-parser-js 39ms (cache miss)
466 silly packumentCache full:https://registry.npmjs.org/ua-parser-js set size:undefined disposed:false
467 silly fetch manifest stylis@4.3.6
468 silly packumentCache full:https://registry.npmjs.org/stylis cache-miss
469 http fetch GET 200 https://registry.npmjs.org/stylis 3ms (cache hit)
470 silly packumentCache full:https://registry.npmjs.org/stylis set size:338111 disposed:false
471 silly fetch manifest css-to-react-native@3.2.0
472 silly packumentCache full:https://registry.npmjs.org/css-to-react-native cache-miss
473 http fetch GET 200 https://registry.npmjs.org/css-to-react-native 27ms (cache miss)
474 silly packumentCache full:https://registry.npmjs.org/css-to-react-native set size:undefined disposed:false
475 silly fetch manifest @emotion/is-prop-valid@1.4.0
476 silly packumentCache full:https://registry.npmjs.org/@emotion%2fis-prop-valid cache-miss
477 http fetch GET 200 https://registry.npmjs.org/@emotion%2fis-prop-valid 41ms (cache miss)
478 silly packumentCache full:https://registry.npmjs.org/@emotion%2fis-prop-valid set size:undefined disposed:false
479 silly fetch manifest ox@0.14.34
480 silly packumentCache full:https://registry.npmjs.org/ox cache-miss
481 http fetch GET 200 https://registry.npmjs.org/ox 11ms (cache hit)
482 silly packumentCache full:https://registry.npmjs.org/ox set size:6517397 disposed:false
483 silly fetch manifest zod@^3.24.2
484 silly packumentCache full:https://registry.npmjs.org/zod cache-miss
485 http fetch GET 200 https://registry.npmjs.org/zod 30ms (cache hit)
486 silly packumentCache full:https://registry.npmjs.org/zod set size:4166672 disposed:false
487 silly fetch manifest wagmi@^2.15.6
488 silly packumentCache full:https://registry.npmjs.org/wagmi cache-miss
489 http fetch GET 200 https://registry.npmjs.org/wagmi 108ms (cache miss)
490 silly packumentCache full:https://registry.npmjs.org/wagmi set size:undefined disposed:false
491 silly fetch manifest @solana/kit@^5.0.0
492 silly packumentCache full:https://registry.npmjs.org/@solana%2fkit cache-miss
493 http fetch GET 200 https://registry.npmjs.org/@solana%2fkit 40ms (cache hit)
494 silly packumentCache full:https://registry.npmjs.org/@solana%2fkit set size:5382660 disposed:false
495 silly fetch manifest @solana-program/token@^0.9.0
496 silly packumentCache full:https://registry.npmjs.org/@solana-program%2ftoken cache-miss
497 http fetch GET 200 https://registry.npmjs.org/@solana-program%2ftoken 2ms (cache hit)
498 silly packumentCache full:https://registry.npmjs.org/@solana-program%2ftoken set size:80303 disposed:false
499 silly fetch manifest @wallet-standard/features@^1.1.0
500 silly packumentCache full:https://registry.npmjs.org/@wallet-standard%2ffeatures cache-miss
501 http fetch GET 200 https://registry.npmjs.org/@wallet-standard%2ffeatures 51ms (cache miss)
502 silly packumentCache full:https://registry.npmjs.org/@wallet-standard%2ffeatures set size:undefined disposed:false
503 silly fetch manifest @solana-program/token-2022@^0.6.1
504 silly packumentCache full:https://registry.npmjs.org/@solana-program%2ftoken-2022 cache-miss
505 http fetch GET 200 https://registry.npmjs.org/@solana-program%2ftoken-2022 101ms (cache miss)
506 silly packumentCache full:https://registry.npmjs.org/@solana-program%2ftoken-2022 set size:undefined disposed:false
507 silly fetch manifest @solana-program/compute-budget@^0.11.0
508 silly packumentCache full:https://registry.npmjs.org/@solana-program%2fcompute-budget cache-miss
509 http fetch GET 200 https://registry.npmjs.org/@solana-program%2fcompute-budget 120ms (cache miss)
510 silly packumentCache full:https://registry.npmjs.org/@solana-program%2fcompute-budget set size:undefined disposed:false
511 silly fetch manifest @solana/transaction-confirmation@^5.0.0
512 silly packumentCache full:https://registry.npmjs.org/@solana%2ftransaction-confirmation cache-miss
513 http fetch GET 200 https://registry.npmjs.org/@solana%2ftransaction-confirmation 178ms (cache miss)
514 silly packumentCache full:https://registry.npmjs.org/@solana%2ftransaction-confirmation set size:undefined disposed:false
515 silly fetch manifest @solana/wallet-standard-features@^1.3.0
516 silly packumentCache full:https://registry.npmjs.org/@solana%2fwallet-standard-features cache-miss
517 http fetch GET 200 https://registry.npmjs.org/@solana%2fwallet-standard-features 51ms (cache miss)
518 silly packumentCache full:https://registry.npmjs.org/@solana%2fwallet-standard-features set size:undefined disposed:false
519 silly placeDep node_modules/@base-org/account @noble/hashes@1.4.0 OK for: @base-org/account@1.1.1 want: 1.4.0
520 silly placeDep ROOT clsx@1.2.1 OK for: @base-org/account@1.1.1 want: 1.2.1
521 silly placeDep ROOT idb-keyval@6.2.1 OK for: @base-org/account@1.1.1 want: 6.2.1
522 silly placeDep node_modules/@base-org/account ox@0.6.9 OK for: @base-org/account@1.1.1 want: 0.6.9
523 silly placeDep ROOT preact@10.24.2 OK for: @base-org/account@1.1.1 want: 10.24.2
524 silly placeDep node_modules/@base-org/account zustand@5.0.3 OK for: @base-org/account@1.1.1 want: 5.0.3
525 silly fetch manifest @noble/hashes@^1.5.0
526 silly packumentCache full:https://registry.npmjs.org/@noble%2fhashes cache-miss
527 http fetch GET 200 https://registry.npmjs.org/@noble%2fhashes 3ms (cache hit)
528 silly packumentCache full:https://registry.npmjs.org/@noble%2fhashes set size:220000 disposed:false
529 silly placeDep ROOT @babel/runtime@7.29.7 OK for: @base-ui/react@1.8.0 want: ^7.29.7
530 silly placeDep ROOT @base-ui/utils@0.4.0 OK for: @base-ui/react@1.8.0 want: 0.4.0
531 silly placeDep ROOT @floating-ui/react-dom@2.1.9 OK for: @base-ui/react@1.8.0 want: ^2.1.9
532 silly placeDep ROOT @floating-ui/utils@0.2.12 OK for: @base-ui/react@1.8.0 want: ^0.2.12
533 silly placeDep ROOT use-sync-external-store@1.7.0 OK for: @base-ui/react@1.8.0 want: ^1.6.0
534 silly fetch manifest reselect@^5.2.0
535 silly packumentCache full:https://registry.npmjs.org/reselect cache-miss
536 http fetch GET 200 https://registry.npmjs.org/reselect 34ms (cache miss)
537 silly packumentCache full:https://registry.npmjs.org/reselect set size:undefined disposed:false
538 silly fetch manifest @floating-ui/dom@^1.8.0
539 silly packumentCache full:https://registry.npmjs.org/@floating-ui%2fdom cache-miss
540 http fetch GET 200 https://registry.npmjs.org/@floating-ui%2fdom 59ms (cache miss)
541 silly packumentCache full:https://registry.npmjs.org/@floating-ui%2fdom set size:undefined disposed:false
542 silly placeDep ROOT reselect@5.3.0 OK for: @base-ui/utils@0.4.0 want: ^5.2.0
543 silly placeDep ROOT tabbable@6.5.0 OK for: @floating-ui/react@0.26.28 want: ^6.0.0
544 silly placeDep ROOT @floating-ui/dom@1.8.0 OK for: @floating-ui/react-dom@2.1.9 want: ^1.8.0
545 silly fetch manifest @floating-ui/core@^1.8.0
546 silly packumentCache full:https://registry.npmjs.org/@floating-ui%2fcore cache-miss
547 http fetch GET 200 https://registry.npmjs.org/@floating-ui%2fcore 55ms (cache miss)
548 silly packumentCache full:https://registry.npmjs.org/@floating-ui%2fcore set size:undefined disposed:false
549 silly placeDep ROOT @floating-ui/core@1.8.0 OK for: @floating-ui/dom@1.8.0 want: ^1.8.0
550 silly placeDep ROOT @hcaptcha/loader@2.4.2 OK for: @hcaptcha/react-hcaptcha@1.17.4 want: ^2.3.0
551 silly placeDep ROOT @react-aria/focus@3.22.1 OK for: @headlessui/react@2.2.10 want: ^3.20.2
552 silly placeDep ROOT @react-aria/interactions@3.28.1 OK for: @headlessui/react@2.2.10 want: ^3.25.0
553 silly fetch manifest react-aria@^3.48.0
554 silly packumentCache full:https://registry.npmjs.org/react-aria cache-miss
555 http fetch GET 200 https://registry.npmjs.org/react-aria 215ms (cache miss)
556 silly packumentCache full:https://registry.npmjs.org/react-aria set size:undefined disposed:false
557 silly fetch manifest @react-types/shared@^3.34.0
558 silly packumentCache full:https://registry.npmjs.org/@react-types%2fshared cache-miss
559 http fetch GET 200 https://registry.npmjs.org/@react-types%2fshared 141ms (cache miss)
560 silly packumentCache full:https://registry.npmjs.org/@react-types%2fshared set size:undefined disposed:false
561 silly placeDep ROOT zod@3.25.76 OK for: @privy-io/api-base@1.11.0 want: ^3.25.76
562 silly placeDep node_modules/@privy-io/are-addresses-equal viem@2.56.0 OK for: @privy-io/are-addresses-equal@0.0.13 want: 2.56.0
563 silly placeDep ROOT @privy-io/std@0.0.1 OK for: @privy-io/js-sdk-core@0.76.2 want: 0.0.1
564 silly placeDep ROOT canonicalize@2.1.0 OK for: @privy-io/js-sdk-core@0.76.2 want: ^2.0.0
565 silly placeDep ROOT fetch-retry@6.0.0 OK for: @privy-io/js-sdk-core@0.76.2 want: ^6.0.0
566 silly placeDep ROOT libphonenumber-js@1.13.13 OK for: @privy-io/js-sdk-core@0.76.2 want: ^1.12.10
567 silly placeDep ROOT set-cookie-parser@2.7.2 OK for: @privy-io/js-sdk-core@0.76.2 want: ^2.6.0
568 silly placeDep ROOT react-aria@3.52.1 OK for: @react-aria/focus@3.22.1 want: ^3.48.0
569 silly fetch manifest clsx@^2.0.0
570 silly packumentCache full:https://registry.npmjs.org/clsx cache-hit
571 silly fetch manifest aria-hidden@^1.2.3
572 silly packumentCache full:https://registry.npmjs.org/aria-hidden cache-miss
573 http fetch GET 200 https://registry.npmjs.org/aria-hidden 32ms (cache miss)
574 silly packumentCache full:https://registry.npmjs.org/aria-hidden set size:undefined disposed:false
575 silly fetch manifest react-stately@3.50.0
576 silly packumentCache full:https://registry.npmjs.org/react-stately cache-miss
577 http fetch GET 200 https://registry.npmjs.org/react-stately 177ms (cache miss)
578 silly packumentCache full:https://registry.npmjs.org/react-stately set size:undefined disposed:false
579 silly fetch manifest @react-types/shared@^3.36.1
580 silly packumentCache full:https://registry.npmjs.org/@react-types%2fshared cache-miss
581 http fetch GET 200 https://registry.npmjs.org/@react-types%2fshared 10ms (cache hit)
582 silly packumentCache full:https://registry.npmjs.org/@react-types%2fshared set size:2567757 disposed:false
583 silly fetch manifest @internationalized/date@^3.12.4
584 silly packumentCache full:https://registry.npmjs.org/@internationalized%2fdate cache-miss
585 http fetch GET 200 https://registry.npmjs.org/@internationalized%2fdate 125ms (cache miss)
586 silly packumentCache full:https://registry.npmjs.org/@internationalized%2fdate set size:undefined disposed:false
587 silly fetch manifest @internationalized/number@^3.6.8
588 silly packumentCache full:https://registry.npmjs.org/@internationalized%2fnumber cache-miss
589 http fetch GET 200 https://registry.npmjs.org/@internationalized%2fnumber 147ms (cache miss)
590 silly packumentCache full:https://registry.npmjs.org/@internationalized%2fnumber set size:undefined disposed:false
591 silly fetch manifest @internationalized/string@^3.2.10
592 silly packumentCache full:https://registry.npmjs.org/@internationalized%2fstring cache-miss
593 http fetch GET 200 https://registry.npmjs.org/@internationalized%2fstring 103ms (cache miss)
594 silly packumentCache full:https://registry.npmjs.org/@internationalized%2fstring set size:undefined disposed:false
595 silly placeDep ROOT @react-types/shared@3.36.1 OK for: @react-aria/interactions@3.28.1 want: ^3.34.0
596 silly placeDep ROOT @tanstack/virtual-core@3.17.11 OK for: @tanstack/react-virtual@3.14.13 want: 3.17.11
597 silly placeDep ROOT @wallet-standard/base@1.1.0 OK for: @wallet-standard/app@1.1.0 want: ^1.1.0
598 silly placeDep ROOT @reown/appkit@1.8.9 OK for: @walletconnect/ethereum-provider@2.22.4 want: 1.8.9
599 silly placeDep ROOT @walletconnect/jsonrpc-http-connection@1.0.8 OK for: @walletconnect/ethereum-provider@2.22.4 want: 1.0.8
600 silly placeDep ROOT @walletconnect/jsonrpc-provider@1.0.14 OK for: @walletconnect/ethereum-provider@2.22.4 want: 1.0.14
601 silly placeDep ROOT @walletconnect/jsonrpc-types@1.0.4 OK for: @walletconnect/ethereum-provider@2.22.4 want: 1.0.4
602 silly placeDep ROOT @walletconnect/jsonrpc-utils@1.0.8 OK for: @walletconnect/ethereum-provider@2.22.4 want: 1.0.8
603 silly placeDep ROOT @walletconnect/keyvaluestorage@1.1.1 OK for: @walletconnect/ethereum-provider@2.22.4 want: 1.1.1
604 silly placeDep ROOT @walletconnect/logger@3.0.0 OK for: @walletconnect/ethereum-provider@2.22.4 want: 3.0.0
605 silly placeDep ROOT @walletconnect/sign-client@2.22.4 OK for: @walletconnect/ethereum-provider@2.22.4 want: 2.22.4
606 silly placeDep ROOT @walletconnect/types@2.22.4 OK for: @walletconnect/ethereum-provider@2.22.4 want: 2.22.4
607 silly placeDep ROOT @walletconnect/utils@2.22.4 OK for: @walletconnect/ethereum-provider@2.22.4 want: 2.22.4
608 silly placeDep ROOT events@3.3.0 OK for: @walletconnect/ethereum-provider@2.22.4 want: 3.3.0
609 silly fetch manifest bs58@6.0.0
610 silly packumentCache full:https://registry.npmjs.org/bs58 cache-miss
611 http fetch GET 200 https://registry.npmjs.org/bs58 33ms (cache miss)
612 silly packumentCache full:https://registry.npmjs.org/bs58 set size:undefined disposed:false
613 silly fetch manifest semver@7.7.2
614 silly packumentCache full:https://registry.npmjs.org/semver cache-miss
615 http fetch GET 200 https://registry.npmjs.org/semver 38ms (cache miss)
616 silly packumentCache full:https://registry.npmjs.org/semver set size:undefined disposed:false
617 silly fetch manifest valtio@2.1.7
618 silly packumentCache full:https://registry.npmjs.org/valtio cache-miss
619 http fetch GET 200 https://registry.npmjs.org/valtio 45ms (cache miss)
620 silly packumentCache full:https://registry.npmjs.org/valtio set size:undefined disposed:false
621 silly fetch manifest @reown/appkit-ui@1.8.9
622 silly packumentCache full:https://registry.npmjs.org/@reown%2fappkit-ui cache-miss
623 http fetch GET 200 https://registry.npmjs.org/@reown%2fappkit-ui 278ms (cache miss)
624 silly packumentCache full:https://registry.npmjs.org/@reown%2fappkit-ui set size:undefined disposed:false
625 silly fetch manifest @reown/appkit-pay@1.8.9
626 silly packumentCache full:https://registry.npmjs.org/@reown%2fappkit-pay cache-miss
627 http fetch GET 200 https://registry.npmjs.org/@reown%2fappkit-pay 153ms (cache miss)
628 silly packumentCache full:https://registry.npmjs.org/@reown%2fappkit-pay set size:undefined disposed:false
629 silly fetch manifest @reown/appkit-utils@1.8.9
630 silly packumentCache full:https://registry.npmjs.org/@reown%2fappkit-utils cache-miss
631 http fetch GET 200 https://registry.npmjs.org/@reown%2fappkit-utils 120ms (cache miss)
632 silly packumentCache full:https://registry.npmjs.org/@reown%2fappkit-utils set size:undefined disposed:false
633 silly fetch manifest @reown/appkit-common@1.8.9
634 silly packumentCache full:https://registry.npmjs.org/@reown%2fappkit-common cache-miss
635 http fetch GET 200 https://registry.npmjs.org/@reown%2fappkit-common 155ms (cache miss)
636 silly packumentCache full:https://registry.npmjs.org/@reown%2fappkit-common set size:undefined disposed:false
637 silly fetch manifest @reown/appkit-wallet@1.8.9
638 silly packumentCache full:https://registry.npmjs.org/@reown%2fappkit-wallet cache-miss
639 http fetch GET 200 https://registry.npmjs.org/@reown%2fappkit-wallet 128ms (cache miss)
640 silly packumentCache full:https://registry.npmjs.org/@reown%2fappkit-wallet set size:undefined disposed:false
641 silly fetch manifest @reown/appkit-polyfills@1.8.9
642 silly packumentCache full:https://registry.npmjs.org/@reown%2fappkit-polyfills cache-miss
643 http fetch GET 200 https://registry.npmjs.org/@reown%2fappkit-polyfills 191ms (cache miss)
644 silly packumentCache full:https://registry.npmjs.org/@reown%2fappkit-polyfills set size:undefined disposed:false
645 silly fetch manifest @reown/appkit-controllers@1.8.9
646 silly packumentCache full:https://registry.npmjs.org/@reown%2fappkit-controllers cache-miss
647 http fetch GET 200 https://registry.npmjs.org/@reown%2fappkit-controllers 115ms (cache miss)
648 silly packumentCache full:https://registry.npmjs.org/@reown%2fappkit-controllers set size:undefined disposed:false
649 silly fetch manifest @reown/appkit-scaffold-ui@1.8.9
650 silly packumentCache full:https://registry.npmjs.org/@reown%2fappkit-scaffold-ui cache-miss
651 http fetch GET 200 https://registry.npmjs.org/@reown%2fappkit-scaffold-ui 137ms (cache miss)
652 silly packumentCache full:https://registry.npmjs.org/@reown%2fappkit-scaffold-ui set size:undefined disposed:false
653 silly fetch manifest @walletconnect/universal-provider@2.21.9
654 silly packumentCache full:https://registry.npmjs.org/@walletconnect%2funiversal-provider cache-miss
655 http fetch GET 200 https://registry.npmjs.org/@walletconnect%2funiversal-provider 7ms (cache hit)
656 silly packumentCache full:https://registry.npmjs.org/@walletconnect%2funiversal-provider set size:1782881 disposed:false
657 silly fetch manifest @lit/react@1.0.8
658 silly packumentCache full:https://registry.npmjs.org/@lit%2freact cache-miss
659 http fetch GET 200 https://registry.npmjs.org/@lit%2freact 43ms (cache miss)
660 silly packumentCache full:https://registry.npmjs.org/@lit%2freact set size:undefined disposed:false
661 silly fetch manifest events@^3.3.0
662 silly packumentCache full:https://registry.npmjs.org/events cache-miss
663 http fetch GET 200 https://registry.npmjs.org/events 2ms (cache hit)
664 silly packumentCache full:https://registry.npmjs.org/events set size:35240 disposed:false
665 silly fetch manifest cross-fetch@^3.1.4
666 silly packumentCache full:https://registry.npmjs.org/cross-fetch cache-miss
667 http fetch GET 200 https://registry.npmjs.org/cross-fetch 37ms (cache miss)
668 silly packumentCache full:https://registry.npmjs.org/cross-fetch set size:undefined disposed:false
669 silly fetch manifest @walletconnect/safe-json@^1.0.1
670 silly packumentCache full:https://registry.npmjs.org/@walletconnect%2fsafe-json cache-miss
671 http fetch GET 200 https://registry.npmjs.org/@walletconnect%2fsafe-json 55ms (cache miss)
672 silly packumentCache full:https://registry.npmjs.org/@walletconnect%2fsafe-json set size:undefined disposed:false
673 silly fetch manifest @walletconnect/jsonrpc-utils@^1.0.6
674 silly packumentCache full:https://registry.npmjs.org/@walletconnect%2fjsonrpc-utils cache-miss
675 http fetch GET 200 https://registry.npmjs.org/@walletconnect%2fjsonrpc-utils 3ms (cache hit)
676 silly packumentCache full:https://registry.npmjs.org/@walletconnect%2fjsonrpc-utils set size:56677 disposed:false
677 silly fetch manifest @walletconnect/safe-json@^1.0.2
678 silly packumentCache full:https://registry.npmjs.org/@walletconnect%2fsafe-json cache-miss
679 http fetch GET 200 https://registry.npmjs.org/@walletconnect%2fsafe-json 2ms (cache hit)
680 silly packumentCache full:https://registry.npmjs.org/@walletconnect%2fsafe-json set size:14628 disposed:false
681 silly fetch manifest @walletconnect/jsonrpc-utils@^1.0.8
682 silly packumentCache full:https://registry.npmjs.org/@walletconnect%2fjsonrpc-utils cache-hit
683 silly fetch manifest keyvaluestorage-interface@^1.0.0
684 silly packumentCache full:https://registry.npmjs.org/keyvaluestorage-interface cache-miss
685 http fetch GET 200 https://registry.npmjs.org/keyvaluestorage-interface 41ms (cache miss)
686 silly packumentCache full:https://registry.npmjs.org/keyvaluestorage-interface set size:undefined disposed:false
687 silly fetch manifest tslib@1.14.1
688 silly packumentCache full:https://registry.npmjs.org/tslib cache-miss
689 http fetch GET 200 https://registry.npmjs.org/tslib 38ms (cache miss)
690 silly packumentCache full:https://registry.npmjs.org/tslib set size:undefined disposed:false
691 silly fetch manifest @walletconnect/environment@^1.0.1
692 silly packumentCache full:https://registry.npmjs.org/@walletconnect%2fenvironment cache-miss
693 http fetch GET 200 https://registry.npmjs.org/@walletconnect%2fenvironment 49ms (cache miss)
694 silly packumentCache full:https://registry.npmjs.org/@walletconnect%2fenvironment set size:undefined disposed:false
695 silly fetch manifest unstorage@^1.9.0
696 silly packumentCache full:https://registry.npmjs.org/unstorage cache-miss
697 http fetch GET 200 https://registry.npmjs.org/unstorage 44ms (cache miss)
698 silly packumentCache full:https://registry.npmjs.org/unstorage set size:undefined disposed:false
699 silly fetch manifest pino@10.0.0
700 silly packumentCache full:https://registry.npmjs.org/pino cache-miss
701 http fetch GET 200 https://registry.npmjs.org/pino 53ms (cache miss)
702 silly packumentCache full:https://registry.npmjs.org/pino set size:undefined disposed:false
703 silly fetch manifest @walletconnect/core@2.22.4
704 silly packumentCache full:https://registry.npmjs.org/@walletconnect%2fcore cache-miss
705 http fetch GET 200 https://registry.npmjs.org/@walletconnect%2fcore 106ms (cache miss)
706 silly packumentCache full:https://registry.npmjs.org/@walletconnect%2fcore set size:undefined disposed:false
707 silly fetch manifest @walletconnect/time@1.0.2
708 silly packumentCache full:https://registry.npmjs.org/@walletconnect%2ftime cache-miss
709 http fetch GET 200 https://registry.npmjs.org/@walletconnect%2ftime 102ms (cache miss)
710 silly packumentCache full:https://registry.npmjs.org/@walletconnect%2ftime set size:undefined disposed:false
711 silly fetch manifest @walletconnect/heartbeat@1.2.2
712 silly packumentCache full:https://registry.npmjs.org/@walletconnect%2fheartbeat cache-miss
713 http fetch GET 200 https://registry.npmjs.org/@walletconnect%2fheartbeat 42ms (cache miss)
714 silly packumentCache full:https://registry.npmjs.org/@walletconnect%2fheartbeat set size:undefined disposed:false
715 silly fetch manifest ox@0.9.3
716 silly packumentCache full:https://registry.npmjs.org/ox cache-miss
717 http fetch GET 200 https://registry.npmjs.org/ox 15ms (cache hit)
718 silly packumentCache full:https://registry.npmjs.org/ox set size:6517397 disposed:false
719 silly fetch manifest blakejs@1.2.1
720 silly packumentCache full:https://registry.npmjs.org/blakejs cache-miss
721 http fetch GET 200 https://registry.npmjs.org/blakejs 32ms (cache miss)
722 silly packumentCache full:https://registry.npmjs.org/blakejs set size:undefined disposed:false
723 silly fetch manifest uint8arrays@3.1.1
724 silly packumentCache full:https://registry.npmjs.org/uint8arrays cache-miss
725 http fetch GET 200 https://registry.npmjs.org/uint8arrays 34ms (cache miss)
726 silly packumentCache full:https://registry.npmjs.org/uint8arrays set size:undefined disposed:false
727 silly fetch manifest @noble/curves@1.9.7
728 silly packumentCache full:https://registry.npmjs.org/@noble%2fcurves cache-miss
729 http fetch GET 200 https://registry.npmjs.org/@noble%2fcurves 58ms (cache miss)
730 silly packumentCache full:https://registry.npmjs.org/@noble%2fcurves set size:undefined disposed:false
731 silly fetch manifest detect-browser@5.3.0
732 silly packumentCache full:https://registry.npmjs.org/detect-browser cache-miss
733 http fetch GET 200 https://registry.npmjs.org/detect-browser 36ms (cache miss)
734 silly packumentCache full:https://registry.npmjs.org/detect-browser set size:undefined disposed:false
735 silly fetch manifest @msgpack/msgpack@3.1.2
736 silly packumentCache full:https://registry.npmjs.org/@msgpack%2fmsgpack cache-miss
737 http fetch GET 200 https://registry.npmjs.org/@msgpack%2fmsgpack 58ms (cache miss)
738 silly packumentCache full:https://registry.npmjs.org/@msgpack%2fmsgpack set size:undefined disposed:false
739 silly fetch manifest @walletconnect/relay-api@1.0.11
740 silly packumentCache full:https://registry.npmjs.org/@walletconnect%2frelay-api cache-miss
741 http fetch GET 200 https://registry.npmjs.org/@walletconnect%2frelay-api 106ms (cache miss)
742 silly packumentCache full:https://registry.npmjs.org/@walletconnect%2frelay-api set size:undefined disposed:false
743 silly fetch manifest @walletconnect/safe-json@1.0.2
744 silly packumentCache full:https://registry.npmjs.org/@walletconnect%2fsafe-json cache-hit
745 silly fetch manifest @walletconnect/relay-auth@1.1.0
746 silly packumentCache full:https://registry.npmjs.org/@walletconnect%2frelay-auth cache-miss
747 http fetch GET 200 https://registry.npmjs.org/@walletconnect%2frelay-auth 50ms (cache miss)
748 silly packumentCache full:https://registry.npmjs.org/@walletconnect%2frelay-auth set size:undefined disposed:false
749 silly fetch manifest @walletconnect/window-getters@1.0.1
750 silly packumentCache full:https://registry.npmjs.org/@walletconnect%2fwindow-getters cache-miss
751 http fetch GET 200 https://registry.npmjs.org/@walletconnect%2fwindow-getters 42ms (cache miss)
752 silly packumentCache full:https://registry.npmjs.org/@walletconnect%2fwindow-getters set size:undefined disposed:false
753 silly fetch manifest @walletconnect/window-metadata@1.0.1
754 silly packumentCache full:https://registry.npmjs.org/@walletconnect%2fwindow-metadata cache-miss
755 http fetch GET 200 https://registry.npmjs.org/@walletconnect%2fwindow-metadata 66ms (cache miss)
756 silly packumentCache full:https://registry.npmjs.org/@walletconnect%2fwindow-metadata set size:undefined disposed:false
757 silly placeDep ROOT @lit/react@1.0.8 OK for: @reown/appkit@1.8.9 want: 1.0.8
758 silly placeDep ROOT @reown/appkit-common@1.8.9 OK for: @reown/appkit@1.8.9 want: 1.8.9
759 silly placeDep ROOT @reown/appkit-controllers@1.8.9 OK for: @reown/appkit@1.8.9 want: 1.8.9
760 silly placeDep ROOT @reown/appkit-pay@1.8.9 OK for: @reown/appkit@1.8.9 want: 1.8.9
761 silly placeDep ROOT @reown/appkit-polyfills@1.8.9 OK for: @reown/appkit@1.8.9 want: 1.8.9
762 silly placeDep ROOT @reown/appkit-scaffold-ui@1.8.9 OK for: @reown/appkit@1.8.9 want: 1.8.9
763 silly placeDep ROOT @reown/appkit-ui@1.8.9 OK for: @reown/appkit@1.8.9 want: 1.8.9
764 silly placeDep ROOT @reown/appkit-utils@1.8.9 OK for: @reown/appkit@1.8.9 want: 1.8.9
765 silly placeDep ROOT @reown/appkit-wallet@1.8.9 OK for: @reown/appkit@1.8.9 want: 1.8.9
766 silly placeDep node_modules/@reown/appkit @walletconnect/universal-provider@2.21.9 OK for: @reown/appkit@1.8.9 want: 2.21.9
767 silly placeDep ROOT bs58@6.0.0 OK for: @reown/appkit@1.8.9 want: 6.0.0
768 silly placeDep node_modules/@reown/appkit semver@7.7.2 OK for: @reown/appkit@1.8.9 want: 7.7.2
769 silly placeDep ROOT valtio@2.1.7 OK for: @reown/appkit@1.8.9 want: 2.1.7
770 silly fetch manifest dayjs@1.11.13
771 silly packumentCache full:https://registry.npmjs.org/dayjs cache-miss
772 http fetch GET 200 https://registry.npmjs.org/dayjs 50ms (cache miss)
773 silly packumentCache full:https://registry.npmjs.org/dayjs set size:undefined disposed:false
774 silly fetch manifest big.js@6.2.2
775 silly packumentCache full:https://registry.npmjs.org/big.js cache-miss
776 http fetch GET 200 https://registry.npmjs.org/big.js 33ms (cache miss)
777 silly packumentCache full:https://registry.npmjs.org/big.js set size:undefined disposed:false
778 silly fetch manifest lit@3.3.0
779 silly packumentCache full:https://registry.npmjs.org/lit cache-miss
780 http fetch GET 200 https://registry.npmjs.org/lit 48ms (cache miss)
781 silly packumentCache full:https://registry.npmjs.org/lit set size:undefined disposed:false
782 silly fetch manifest buffer@6.0.3
783 silly packumentCache full:https://registry.npmjs.org/buffer cache-miss
784 http fetch GET 200 https://registry.npmjs.org/buffer 40ms (cache miss)
785 silly packumentCache full:https://registry.npmjs.org/buffer set size:undefined disposed:false
786 silly fetch manifest qrcode@1.5.3
787 silly packumentCache full:https://registry.npmjs.org/qrcode cache-miss
788 http fetch GET 200 https://registry.npmjs.org/qrcode 3ms (cache hit)
789 silly packumentCache full:https://registry.npmjs.org/qrcode set size:131489 disposed:false
790 silly fetch manifest @phosphor-icons/webcomponents@2.1.5
791 silly packumentCache full:https://registry.npmjs.org/@phosphor-icons%2fwebcomponents cache-miss
792 http fetch GET 200 https://registry.npmjs.org/@phosphor-icons%2fwebcomponents 58ms (cache miss)
793 silly packumentCache full:https://registry.npmjs.org/@phosphor-icons%2fwebcomponents set size:undefined disposed:false
794 silly fetch manifest @walletconnect/logger@2.1.2
795 silly packumentCache full:https://registry.npmjs.org/@walletconnect%2flogger cache-miss
796 http fetch GET 200 https://registry.npmjs.org/@walletconnect%2flogger 3ms (cache hit)
797 silly packumentCache full:https://registry.npmjs.org/@walletconnect%2flogger set size:95341 disposed:false
798 silly fetch manifest @wallet-standard/wallet@1.1.0
799 silly packumentCache full:https://registry.npmjs.org/@wallet-standard%2fwallet cache-miss
800 http fetch GET 200 https://registry.npmjs.org/@wallet-standard%2fwallet 71ms (cache miss)
801 silly packumentCache full:https://registry.npmjs.org/@wallet-standard%2fwallet set size:undefined disposed:false
802 silly fetch manifest zod@3.22.4
803 silly packumentCache full:https://registry.npmjs.org/zod cache-miss
804 http fetch GET 200 https://registry.npmjs.org/zod 8ms (cache hit)
805 silly packumentCache full:https://registry.npmjs.org/zod set size:4166672 disposed:false
806 silly fetch manifest @walletconnect/types@2.21.9
807 silly packumentCache full:https://registry.npmjs.org/@walletconnect%2ftypes cache-miss
808 http fetch GET 200 https://registry.npmjs.org/@walletconnect%2ftypes 17ms (cache hit)
809 silly packumentCache full:https://registry.npmjs.org/@walletconnect%2ftypes set size:2218707 disposed:false
810 silly fetch manifest @walletconnect/utils@2.21.9
811 silly packumentCache full:https://registry.npmjs.org/@walletconnect%2futils cache-miss
812 http fetch GET 200 https://registry.npmjs.org/@walletconnect%2futils 14ms (cache hit)
813 silly packumentCache full:https://registry.npmjs.org/@walletconnect%2futils set size:2729331 disposed:false
814 silly fetch manifest @walletconnect/sign-client@2.21.9
815 silly packumentCache full:https://registry.npmjs.org/@walletconnect%2fsign-client cache-miss
816 http fetch GET 200 https://registry.npmjs.org/@walletconnect%2fsign-client 5ms (cache hit)
817 silly packumentCache full:https://registry.npmjs.org/@walletconnect%2fsign-client set size:2011564 disposed:false
818 silly fetch manifest base-x@^5.0.0
819 silly packumentCache full:https://registry.npmjs.org/base-x cache-miss
820 http fetch GET 200 https://registry.npmjs.org/base-x 30ms (cache miss)
821 silly packumentCache full:https://registry.npmjs.org/base-x set size:undefined disposed:false
822 silly fetch manifest proxy-compare@^3.0.1
823 silly packumentCache full:https://registry.npmjs.org/proxy-compare cache-miss
824 http fetch GET 200 https://registry.npmjs.org/proxy-compare 29ms (cache miss)
825 silly packumentCache full:https://registry.npmjs.org/proxy-compare set size:undefined disposed:false
826 silly placeDep ROOT big.js@6.2.2 OK for: @reown/appkit-common@1.8.9 want: 6.2.2
827 silly placeDep ROOT dayjs@1.11.13 OK for: @reown/appkit-common@1.8.9 want: 1.11.13
828 silly placeDep node_modules/@reown/appkit-controllers @walletconnect/universal-provider@2.21.9 OK for: @reown/appkit-controllers@1.8.9 want: 2.21.9
829 silly placeDep ROOT lit@3.3.0 OK for: @reown/appkit-pay@1.8.9 want: 3.3.0
830 silly fetch manifest lit-html@^3.3.0
831 silly packumentCache full:https://registry.npmjs.org/lit-html cache-miss
832 http fetch GET 200 https://registry.npmjs.org/lit-html 44ms (cache miss)
833 silly packumentCache full:https://registry.npmjs.org/lit-html set size:undefined disposed:false
834 silly fetch manifest lit-element@^4.2.0
835 silly packumentCache full:https://registry.npmjs.org/lit-element cache-miss
836 http fetch GET 200 https://registry.npmjs.org/lit-element 34ms (cache miss)
837 silly packumentCache full:https://registry.npmjs.org/lit-element set size:undefined disposed:false
838 silly fetch manifest @lit/reactive-element@^2.1.0
839 silly packumentCache full:https://registry.npmjs.org/@lit%2freactive-element cache-miss
840 http fetch GET 200 https://registry.npmjs.org/@lit%2freactive-element 63ms (cache miss)
841 silly packumentCache full:https://registry.npmjs.org/@lit%2freactive-element set size:undefined disposed:false
842 silly placeDep ROOT buffer@6.0.3 OK for: @reown/appkit-polyfills@1.8.9 want: 6.0.3
843 silly fetch manifest base64-js@^1.3.1
844 silly packumentCache full:https://registry.npmjs.org/base64-js cache-miss
845 http fetch GET 200 https://registry.npmjs.org/base64-js 33ms (cache miss)
846 silly packumentCache full:https://registry.npmjs.org/base64-js set size:undefined disposed:false
847 silly fetch manifest ieee754@^1.2.1
848 silly packumentCache full:https://registry.npmjs.org/ieee754 cache-miss
849 http fetch GET 200 https://registry.npmjs.org/ieee754 40ms (cache miss)
850 silly packumentCache full:https://registry.npmjs.org/ieee754 set size:undefined disposed:false
851 silly placeDep ROOT @phosphor-icons/webcomponents@2.1.5 OK for: @reown/appkit-ui@1.8.9 want: 2.1.5
852 silly placeDep node_modules/@reown/appkit-ui qrcode@1.5.3 OK for: @reown/appkit-ui@1.8.9 want: 1.5.3
853 silly fetch manifest encode-utf8@^1.0.3
854 silly packumentCache full:https://registry.npmjs.org/encode-utf8 cache-miss
855 http fetch GET 200 https://registry.npmjs.org/encode-utf8 35ms (cache miss)
856 silly packumentCache full:https://registry.npmjs.org/encode-utf8 set size:undefined disposed:false
857 silly placeDep ROOT @wallet-standard/wallet@1.1.0 OK for: @reown/appkit-utils@1.8.9 want: 1.1.0
858 silly placeDep node_modules/@reown/appkit-utils @walletconnect/logger@2.1.2 OK for: @reown/appkit-utils@1.8.9 want: 2.1.2
859 silly placeDep node_modules/@reown/appkit-utils @walletconnect/universal-provider@2.21.9 OK for: @reown/appkit-utils@1.8.9 want: 2.21.9
860 silly fetch manifest pino@7.11.0
861 silly packumentCache full:https://registry.npmjs.org/pino cache-miss
862 http fetch GET 200 https://registry.npmjs.org/pino 4ms (cache hit)
863 silly packumentCache full:https://registry.npmjs.org/pino set size:1274398 disposed:false
864 silly placeDep node_modules/@reown/appkit-wallet @walletconnect/logger@2.1.2 OK for: @reown/appkit-wallet@1.8.9 want: 2.1.2
865 silly placeDep node_modules/@reown/appkit-wallet zod@3.22.4 OK for: @reown/appkit-wallet@1.8.9 want: 3.22.4
866 silly placeDep ROOT @walletconnect/safe-json@1.0.2 OK for: @walletconnect/jsonrpc-http-connection@1.0.8 want: ^1.0.1
867 silly placeDep ROOT cross-fetch@3.2.0 OK for: @walletconnect/jsonrpc-http-connection@1.0.8 want: ^3.1.4
868 silly fetch manifest node-fetch@^2.7.0
869 silly packumentCache full:https://registry.npmjs.org/node-fetch cache-miss
870 http fetch GET 200 https://registry.npmjs.org/node-fetch 76ms (cache miss)
871 silly packumentCache full:https://registry.npmjs.org/node-fetch set size:undefined disposed:false
872 silly placeDep ROOT keyvaluestorage-interface@1.0.0 OK for: @walletconnect/jsonrpc-types@1.0.4 want: ^1.0.0
873 silly placeDep ROOT @walletconnect/environment@1.0.1 OK for: @walletconnect/jsonrpc-utils@1.0.8 want: ^1.0.1
874 silly placeDep node_modules/@walletconnect/jsonrpc-utils tslib@1.14.1 OK for: @walletconnect/jsonrpc-utils@1.0.8 want: 1.14.1
875 silly placeDep node_modules/@walletconnect/environment tslib@1.14.1 OK for: @walletconnect/environment@1.0.1 want: 1.14.1
876 silly placeDep ROOT unstorage@1.17.5 OK for: @walletconnect/keyvaluestorage@1.1.1 want: ^1.9.0
877 silly fetch manifest h3@^1.15.10
878 silly packumentCache full:https://registry.npmjs.org/h3 cache-miss
879 http fetch GET 200 https://registry.npmjs.org/h3 47ms (cache miss)
880 silly packumentCache full:https://registry.npmjs.org/h3 set size:undefined disposed:false
881 silly fetch manifest ufo@^1.6.3
882 silly packumentCache full:https://registry.npmjs.org/ufo cache-miss
883 http fetch GET 200 https://registry.npmjs.org/ufo 2ms (cache hit)
884 silly packumentCache full:https://registry.npmjs.org/ufo set size:169119 disposed:false
885 silly fetch manifest chokidar@^5.0.0
886 silly packumentCache full:https://registry.npmjs.org/chokidar cache-miss
887 http fetch GET 200 https://registry.npmjs.org/chokidar 37ms (cache miss)
888 silly packumentCache full:https://registry.npmjs.org/chokidar set size:undefined disposed:false
889 silly fetch manifest lru-cache@^11.2.7
890 silly packumentCache full:https://registry.npmjs.org/lru-cache cache-miss
891 http fetch GET 200 https://registry.npmjs.org/lru-cache 42ms (cache miss)
892 silly packumentCache full:https://registry.npmjs.org/lru-cache set size:undefined disposed:false
893 silly placeDep ROOT pino@10.0.0 OK for: @walletconnect/logger@3.0.0 want: 10.0.0
894 silly fetch manifest sonic-boom@^4.0.1
895 silly packumentCache full:https://registry.npmjs.org/sonic-boom cache-miss
896 http fetch GET 200 https://registry.npmjs.org/sonic-boom 2ms (cache hit)
897 silly packumentCache full:https://registry.npmjs.org/sonic-boom set size:173460 disposed:false
898 silly fetch manifest slow-redact@^0.3.0
899 silly packumentCache full:https://registry.npmjs.org/slow-redact cache-miss
900 http fetch GET 200 https://registry.npmjs.org/slow-redact 33ms (cache miss)
901 silly packumentCache full:https://registry.npmjs.org/slow-redact set size:undefined disposed:false
902 silly fetch manifest atomic-sleep@^1.0.0
903 silly packumentCache full:https://registry.npmjs.org/atomic-sleep cache-miss
904 http fetch GET 200 https://registry.npmjs.org/atomic-sleep 36ms (cache miss)
905 silly packumentCache full:https://registry.npmjs.org/atomic-sleep set size:undefined disposed:false
906 silly fetch manifest real-require@^0.2.0
907 silly packumentCache full:https://registry.npmjs.org/real-require cache-miss
908 http fetch GET 200 https://registry.npmjs.org/real-require 32ms (cache miss)
909 silly packumentCache full:https://registry.npmjs.org/real-require set size:undefined disposed:false
910 silly fetch manifest thread-stream@^3.0.0
911 silly packumentCache full:https://registry.npmjs.org/thread-stream cache-miss
912 http fetch GET 200 https://registry.npmjs.org/thread-stream 36ms (cache miss)
913 silly packumentCache full:https://registry.npmjs.org/thread-stream set size:undefined disposed:false
914 silly fetch manifest process-warning@^5.0.0
915 silly packumentCache full:https://registry.npmjs.org/process-warning cache-miss
916 http fetch GET 200 https://registry.npmjs.org/process-warning 38ms (cache miss)
917 silly packumentCache full:https://registry.npmjs.org/process-warning set size:undefined disposed:false
918 silly fetch manifest pino-std-serializers@^7.0.0
919 silly packumentCache full:https://registry.npmjs.org/pino-std-serializers cache-miss
920 http fetch GET 200 https://registry.npmjs.org/pino-std-serializers 37ms (cache miss)
921 silly packumentCache full:https://registry.npmjs.org/pino-std-serializers set size:undefined disposed:false
922 silly fetch manifest safe-stable-stringify@^2.3.1
923 silly packumentCache full:https://registry.npmjs.org/safe-stable-stringify cache-miss
924 http fetch GET 200 https://registry.npmjs.org/safe-stable-stringify 54ms (cache miss)
925 silly packumentCache full:https://registry.npmjs.org/safe-stable-stringify set size:undefined disposed:false
926 silly fetch manifest quick-format-unescaped@^4.0.3
927 silly packumentCache full:https://registry.npmjs.org/quick-format-unescaped cache-miss
928 http fetch GET 200 https://registry.npmjs.org/quick-format-unescaped 42ms (cache miss)
929 silly packumentCache full:https://registry.npmjs.org/quick-format-unescaped set size:undefined disposed:false
930 silly fetch manifest pino-abstract-transport@^2.0.0
931 silly packumentCache full:https://registry.npmjs.org/pino-abstract-transport cache-miss
932 http fetch GET 200 https://registry.npmjs.org/pino-abstract-transport 3ms (cache hit)
933 silly packumentCache full:https://registry.npmjs.org/pino-abstract-transport set size:28649 disposed:false
934 silly placeDep node_modules/@walletconnect/safe-json tslib@1.14.1 OK for: @walletconnect/safe-json@1.0.2 want: 1.14.1
935 silly placeDep ROOT @walletconnect/core@2.22.4 OK for: @walletconnect/sign-client@2.22.4 want: 2.22.4
936 silly placeDep ROOT @walletconnect/events@1.0.1 OK for: @walletconnect/sign-client@2.22.4 want: 1.0.1
937 silly placeDep ROOT @walletconnect/heartbeat@1.2.2 OK for: @walletconnect/sign-client@2.22.4 want: 1.2.2
938 silly placeDep ROOT @walletconnect/time@1.0.2 OK for: @walletconnect/sign-client@2.22.4 want: 1.0.2
939 silly fetch manifest @walletconnect/jsonrpc-ws-connection@1.0.16
940 silly packumentCache full:https://registry.npmjs.org/@walletconnect%2fjsonrpc-ws-connection cache-miss
941 http fetch GET 200 https://registry.npmjs.org/@walletconnect%2fjsonrpc-ws-connection 61ms (cache miss)
942 silly packumentCache full:https://registry.npmjs.org/@walletconnect%2fjsonrpc-ws-connection set size:undefined disposed:false
943 silly fetch manifest @walletconnect/time@^1.0.2
944 silly packumentCache full:https://registry.npmjs.org/@walletconnect%2ftime cache-miss
945 http fetch GET 200 https://registry.npmjs.org/@walletconnect%2ftime 1ms (cache hit)
946 silly packumentCache full:https://registry.npmjs.org/@walletconnect%2ftime set size:11059 disposed:false
947 silly placeDep ROOT @walletconnect/jsonrpc-ws-connection@1.0.16 OK for: @walletconnect/core@2.22.4 want: 1.0.16
948 silly placeDep ROOT @walletconnect/relay-api@1.0.11 OK for: @walletconnect/core@2.22.4 want: 1.0.11
949 silly placeDep ROOT @walletconnect/relay-auth@1.1.0 OK for: @walletconnect/core@2.22.4 want: 1.1.0
950 silly placeDep ROOT @walletconnect/window-getters@1.0.1 OK for: @walletconnect/core@2.22.4 want: 1.0.1
951 silly placeDep ROOT es-toolkit@1.39.3 OK for: @walletconnect/core@2.22.4 want: 1.39.3
952 silly placeDep ROOT uint8arrays@3.1.1 OK for: @walletconnect/core@2.22.4 want: 3.1.1
953 silly fetch manifest ws@^7.5.1
954 silly packumentCache full:https://registry.npmjs.org/ws cache-miss
955 http fetch GET 200 https://registry.npmjs.org/ws 45ms (cache miss)
956 silly packumentCache full:https://registry.npmjs.org/ws set size:undefined disposed:false
957 silly fetch manifest uint8arrays@^3.0.0
958 silly packumentCache full:https://registry.npmjs.org/uint8arrays cache-miss
959 http fetch GET 200 https://registry.npmjs.org/uint8arrays 4ms (cache hit)
960 silly packumentCache full:https://registry.npmjs.org/uint8arrays set size:183095 disposed:false
961 silly fetch manifest @noble/curves@1.8.0
962 silly packumentCache full:https://registry.npmjs.org/@noble%2fcurves cache-miss
963 http fetch GET 200 https://registry.npmjs.org/@noble%2fcurves 3ms (cache hit)
964 silly packumentCache full:https://registry.npmjs.org/@noble%2fcurves set size:312318 disposed:false
965 silly fetch manifest @noble/hashes@1.7.0
966 silly packumentCache full:https://registry.npmjs.org/@noble%2fhashes cache-hit
967 silly fetch manifest multiformats@^9.4.2
968 silly packumentCache full:https://registry.npmjs.org/multiformats cache-miss
969 http fetch GET 200 https://registry.npmjs.org/multiformats 69ms (cache miss)
970 silly packumentCache full:https://registry.npmjs.org/multiformats set size:undefined disposed:false
971 silly placeDep node_modules/@walletconnect/events tslib@1.14.1 OK for: @walletconnect/events@1.0.1 want: 1.14.1
972 silly placeDep node_modules/@walletconnect/jsonrpc-ws-connection ws@7.5.13 OK for: @walletconnect/jsonrpc-ws-connection@1.0.16 want: ^7.5.1
973 silly placeDep node_modules/@walletconnect/relay-auth @noble/curves@1.8.0 OK for: @walletconnect/relay-auth@1.1.0 want: 1.8.0
974 silly placeDep node_modules/@walletconnect/relay-auth @noble/hashes@1.7.0 OK for: @walletconnect/relay-auth@1.1.0 want: 1.7.0
975 silly placeDep node_modules/@walletconnect/time tslib@1.14.1 OK for: @walletconnect/time@1.0.2 want: 1.14.1
976 silly placeDep ROOT @msgpack/msgpack@3.1.2 OK for: @walletconnect/utils@2.22.4 want: 3.1.2
977 silly placeDep node_modules/@walletconnect/utils @noble/curves@1.9.7 OK for: @walletconnect/utils@2.22.4 want: 1.9.7
978 silly placeDep ROOT @walletconnect/window-metadata@1.0.1 OK for: @walletconnect/utils@2.22.4 want: 1.0.1
979 silly placeDep ROOT blakejs@1.2.1 OK for: @walletconnect/utils@2.22.4 want: 1.2.1
980 silly placeDep ROOT detect-browser@5.3.0 OK for: @walletconnect/utils@2.22.4 want: 5.3.0
981 silly placeDep node_modules/@walletconnect/utils ox@0.9.3 OK for: @walletconnect/utils@2.22.4 want: 0.9.3
982 silly fetch manifest @noble/curves@1.9.1
983 silly packumentCache full:https://registry.npmjs.org/@noble%2fcurves cache-hit
984 silly placeDep node_modules/@walletconnect/window-getters tslib@1.14.1 OK for: @walletconnect/window-getters@1.0.1 want: 1.14.1
985 silly placeDep node_modules/@walletconnect/window-metadata tslib@1.14.1 OK for: @walletconnect/window-metadata@1.0.1 want: 1.14.1
986 silly placeDep ROOT base-x@5.0.1 OK for: bs58@6.0.0 want: ^5.0.0
987 silly placeDep ROOT base64-js@1.5.1 OK for: buffer@6.0.3 want: ^1.3.1
988 silly placeDep ROOT ieee754@1.2.1 OK for: buffer@6.0.3 want: ^1.2.1
989 silly placeDep ROOT node-fetch@2.7.0 OK for: cross-fetch@3.2.0 want: ^2.7.0
990 silly fetch manifest whatwg-url@^5.0.0
991 silly packumentCache full:https://registry.npmjs.org/whatwg-url cache-miss
992 http fetch GET 200 https://registry.npmjs.org/whatwg-url 36ms (cache miss)
993 silly packumentCache full:https://registry.npmjs.org/whatwg-url set size:undefined disposed:false
994 silly placeDep ROOT @lit/reactive-element@2.1.2 OK for: lit@3.3.0 want: ^2.1.0
995 silly placeDep ROOT lit-element@4.2.2 OK for: lit@3.3.0 want: ^4.2.0
996 silly placeDep ROOT lit-html@3.3.3 OK for: lit@3.3.0 want: ^3.3.0
997 silly fetch manifest @lit-labs/ssr-dom-shim@^1.5.0
998 silly packumentCache full:https://registry.npmjs.org/@lit-labs%2fssr-dom-shim cache-miss
999 http fetch GET 200 https://registry.npmjs.org/@lit-labs%2fssr-dom-shim 56ms (cache miss)
1000 silly packumentCache full:https://registry.npmjs.org/@lit-labs%2fssr-dom-shim set size:undefined disposed:false
1001 silly fetch manifest @types/trusted-types@^2.0.2
1002 silly packumentCache full:https://registry.npmjs.org/@types%2ftrusted-types cache-miss
1003 http fetch GET 200 https://registry.npmjs.org/@types%2ftrusted-types 40ms (cache miss)
1004 silly packumentCache full:https://registry.npmjs.org/@types%2ftrusted-types set size:undefined disposed:false
1005 silly placeDep ROOT @lit-labs/ssr-dom-shim@1.6.0 OK for: @lit/reactive-element@2.1.2 want: ^1.5.0
1006 silly placeDep ROOT @types/trusted-types@2.0.7 OK for: lit-html@3.3.3 want: ^2.0.2
1007 silly placeDep ROOT whatwg-url@5.0.0 OK for: node-fetch@2.7.0 want: ^5.0.0
1008 silly fetch manifest tr46@~0.0.3
1009 silly packumentCache full:https://registry.npmjs.org/tr46 cache-miss
1010 http fetch GET 200 https://registry.npmjs.org/tr46 29ms (cache miss)
1011 silly packumentCache full:https://registry.npmjs.org/tr46 set size:undefined disposed:false
1012 silly fetch manifest webidl-conversions@^3.0.0
1013 silly packumentCache full:https://registry.npmjs.org/webidl-conversions cache-miss
1014 http fetch GET 200 https://registry.npmjs.org/webidl-conversions 34ms (cache miss)
1015 silly packumentCache full:https://registry.npmjs.org/webidl-conversions set size:undefined disposed:false
1016 silly placeDep ROOT destr@2.0.5 OK for: ofetch@1.5.1 want: ^2.0.5
1017 silly placeDep ROOT node-fetch-native@1.6.7 OK for: ofetch@1.5.1 want: ^1.6.7
1018 silly placeDep ROOT ufo@1.6.4 OK for: ofetch@1.5.1 want: ^1.6.1
1019 silly placeDep ROOT atomic-sleep@1.0.0 OK for: pino@10.0.0 want: ^1.0.0
1020 silly placeDep ROOT on-exit-leak-free@2.1.2 OK for: pino@10.0.0 want: ^2.1.0
1021 silly placeDep ROOT pino-abstract-transport@2.0.0 OK for: pino@10.0.0 want: ^2.0.0
1022 silly placeDep ROOT pino-std-serializers@7.1.0 OK for: pino@10.0.0 want: ^7.0.0
1023 silly placeDep ROOT process-warning@5.1.0 OK for: pino@10.0.0 want: ^5.0.0
1024 silly placeDep ROOT quick-format-unescaped@4.0.4 OK for: pino@10.0.0 want: ^4.0.3
1025 silly placeDep ROOT real-require@0.2.0 OK for: pino@10.0.0 want: ^0.2.0
1026 silly placeDep ROOT safe-stable-stringify@2.5.0 OK for: pino@10.0.0 want: ^2.3.1
1027 silly placeDep ROOT slow-redact@0.3.2 OK for: pino@10.0.0 want: ^0.3.0
1028 silly placeDep ROOT sonic-boom@4.2.1 OK for: pino@10.0.0 want: ^4.0.1
1029 silly placeDep ROOT thread-stream@3.2.0 OK for: pino@10.0.0 want: ^3.0.0
1030 silly fetch manifest split2@^4.0.0
1031 silly packumentCache full:https://registry.npmjs.org/split2 cache-miss
1032 http fetch GET 200 https://registry.npmjs.org/split2 33ms (cache miss)
1033 silly packumentCache full:https://registry.npmjs.org/split2 set size:undefined disposed:false
1034 silly placeDep ROOT split2@4.2.0 OK for: pino-abstract-transport@2.0.0 want: ^4.0.0
1035 silly placeDep ROOT colorette@2.0.20 OK for: pino-pretty@10.3.1 want: ^2.0.7
1036 silly placeDep ROOT dateformat@4.6.3 OK for: pino-pretty@10.3.1 want: ^4.6.3
1037 silly placeDep ROOT fast-copy@3.1.0 OK for: pino-pretty@10.3.1 want: ^3.0.0
1038 silly placeDep ROOT fast-safe-stringify@2.1.1 OK for: pino-pretty@10.3.1 want: ^2.1.1
1039 silly placeDep ROOT help-me@5.0.0 OK for: pino-pretty@10.3.1 want: ^5.0.0
1040 silly placeDep ROOT joycon@3.1.1 OK for: pino-pretty@10.3.1 want: ^3.1.1
1041 silly placeDep node_modules/pino-pretty pino-abstract-transport@1.2.0 OK for: pino-pretty@10.3.1 want: ^1.0.0
1042 silly placeDep ROOT pump@3.0.4 OK for: pino-pretty@10.3.1 want: ^3.0.0
1043 silly placeDep ROOT readable-stream@4.7.0 OK for: pino-pretty@10.3.1 want: ^4.0.0
1044 silly placeDep ROOT secure-json-parse@2.7.0 OK for: pino-pretty@10.3.1 want: ^2.4.0
1045 silly placeDep node_modules/pino-pretty sonic-boom@3.8.1 OK for: pino-pretty@10.3.1 want: ^3.0.0
1046 silly fetch manifest end-of-stream@^1.1.0
1047 silly packumentCache full:https://registry.npmjs.org/end-of-stream cache-miss
1048 http fetch GET 200 https://registry.npmjs.org/end-of-stream 30ms (cache miss)
1049 silly packumentCache full:https://registry.npmjs.org/end-of-stream set size:undefined disposed:false
1050 silly fetch manifest abort-controller@^3.0.0
1051 silly packumentCache full:https://registry.npmjs.org/abort-controller cache-miss
1052 http fetch GET 200 https://registry.npmjs.org/abort-controller 34ms (cache miss)
1053 silly packumentCache full:https://registry.npmjs.org/abort-controller set size:undefined disposed:false
1054 silly fetch manifest process@^0.11.10
1055 silly packumentCache full:https://registry.npmjs.org/process cache-miss
1056 http fetch GET 200 https://registry.npmjs.org/process 45ms (cache miss)
1057 silly packumentCache full:https://registry.npmjs.org/process set size:undefined disposed:false
1058 silly fetch manifest string_decoder@^1.3.0
1059 silly packumentCache full:https://registry.npmjs.org/string_decoder cache-miss
1060 http fetch GET 200 https://registry.npmjs.org/string_decoder 27ms (cache miss)
1061 silly packumentCache full:https://registry.npmjs.org/string_decoder set size:undefined disposed:false
1062 silly placeDep ROOT end-of-stream@1.4.5 OK for: pump@3.0.4 want: ^1.1.0
1063 silly placeDep ROOT dijkstrajs@1.0.3 OK for: qrcode@1.5.4 want: ^1.0.1
1064 silly placeDep ROOT pngjs@5.0.0 OK for: qrcode@1.5.4 want: ^5.0.0
1065 silly placeDep ROOT yargs@15.4.1 OK for: qrcode@1.5.4 want: ^15.3.1
1066 silly fetch manifest y18n@^4.0.0
1067 silly packumentCache full:https://registry.npmjs.org/y18n cache-miss
1068 http fetch GET 200 https://registry.npmjs.org/y18n 36ms (cache miss)
1069 silly packumentCache full:https://registry.npmjs.org/y18n set size:undefined disposed:false
1070 silly fetch manifest cliui@^6.0.0
1071 silly packumentCache full:https://registry.npmjs.org/cliui cache-miss
1072 http fetch GET 200 https://registry.npmjs.org/cliui 36ms (cache miss)
1073 silly packumentCache full:https://registry.npmjs.org/cliui set size:undefined disposed:false
1074 silly fetch manifest find-up@^4.1.0
1075 silly packumentCache full:https://registry.npmjs.org/find-up cache-miss
1076 http fetch GET 200 https://registry.npmjs.org/find-up 30ms (cache miss)
1077 silly packumentCache full:https://registry.npmjs.org/find-up set size:undefined disposed:false
1078 silly fetch manifest decamelize@^1.2.0
1079 silly packumentCache full:https://registry.npmjs.org/decamelize cache-miss
1080 http fetch GET 200 https://registry.npmjs.org/decamelize 30ms (cache miss)
1081 silly packumentCache full:https://registry.npmjs.org/decamelize set size:undefined disposed:false
1082 silly fetch manifest set-blocking@^2.0.0
1083 silly packumentCache full:https://registry.npmjs.org/set-blocking cache-miss
1084 http fetch GET 200 https://registry.npmjs.org/set-blocking 30ms (cache miss)
1085 silly packumentCache full:https://registry.npmjs.org/set-blocking set size:undefined disposed:false
1086 silly fetch manifest string-width@^4.2.0
1087 silly packumentCache full:https://registry.npmjs.org/string-width cache-miss
1088 http fetch GET 200 https://registry.npmjs.org/string-width 33ms (cache miss)
1089 silly packumentCache full:https://registry.npmjs.org/string-width set size:undefined disposed:false
1090 silly fetch manifest which-module@^2.0.0
1091 silly packumentCache full:https://registry.npmjs.org/which-module cache-miss
1092 http fetch GET 200 https://registry.npmjs.org/which-module 28ms (cache miss)
1093 silly packumentCache full:https://registry.npmjs.org/which-module set size:undefined disposed:false
1094 silly fetch manifest yargs-parser@^18.1.2
1095 silly packumentCache full:https://registry.npmjs.org/yargs-parser cache-miss
1096 http fetch GET 200 https://registry.npmjs.org/yargs-parser 40ms (cache miss)
1097 silly packumentCache full:https://registry.npmjs.org/yargs-parser set size:undefined disposed:false
1098 silly fetch manifest get-caller-file@^2.0.1
1099 silly packumentCache full:https://registry.npmjs.org/get-caller-file cache-miss
1100 http fetch GET 200 https://registry.npmjs.org/get-caller-file 31ms (cache miss)
1101 silly packumentCache full:https://registry.npmjs.org/get-caller-file set size:undefined disposed:false
1102 silly fetch manifest require-directory@^2.1.1
1103 silly packumentCache full:https://registry.npmjs.org/require-directory cache-miss
1104 http fetch GET 200 https://registry.npmjs.org/require-directory 33ms (cache miss)
1105 silly packumentCache full:https://registry.npmjs.org/require-directory set size:undefined disposed:false
1106 silly fetch manifest require-main-filename@^2.0.0
1107 silly packumentCache full:https://registry.npmjs.org/require-main-filename cache-miss
1108 http fetch GET 200 https://registry.npmjs.org/require-main-filename 28ms (cache miss)
1109 silly packumentCache full:https://registry.npmjs.org/require-main-filename set size:undefined disposed:false
1110 silly placeDep ROOT @internationalized/date@3.12.4 OK for: react-aria@3.52.1 want: ^3.12.4
1111 silly placeDep ROOT @internationalized/number@3.6.8 OK for: react-aria@3.52.1 want: ^3.6.8
1112 silly placeDep ROOT @internationalized/string@3.2.10 OK for: react-aria@3.52.1 want: ^3.2.10
1113 silly placeDep ROOT aria-hidden@1.2.6 OK for: react-aria@3.52.1 want: ^1.2.3
1114 silly placeDep node_modules/react-aria clsx@2.1.1 OK for: react-aria@3.52.1 want: ^2.0.0
1115 silly placeDep ROOT react-stately@3.50.0 OK for: react-aria@3.52.1 want: 3.50.0
1116 silly placeDep ROOT ua-parser-js@1.0.41 OK for: react-device-detect@2.2.3 want: ^1.0.33
1117 silly placeDep ROOT abort-controller@3.0.0 OK for: readable-stream@4.7.0 want: ^3.0.0
1118 silly placeDep ROOT process@0.11.10 OK for: readable-stream@4.7.0 want: ^0.11.10
1119 silly placeDep ROOT string_decoder@1.3.0 OK for: readable-stream@4.7.0 want: ^1.3.0
1120 silly fetch manifest event-target-shim@^5.0.0
1121 silly packumentCache full:https://registry.npmjs.org/event-target-shim cache-miss
1122 http fetch GET 200 https://registry.npmjs.org/event-target-shim 32ms (cache miss)
1123 silly packumentCache full:https://registry.npmjs.org/event-target-shim set size:undefined disposed:false
1124 silly fetch manifest safe-buffer@~5.2.0
1125 silly packumentCache full:https://registry.npmjs.org/safe-buffer cache-miss
1126 http fetch GET 200 https://registry.npmjs.org/safe-buffer 32ms (cache miss)
1127 silly packumentCache full:https://registry.npmjs.org/safe-buffer set size:undefined disposed:false
1128 silly placeDep ROOT event-target-shim@5.0.1 OK for: abort-controller@3.0.0 want: ^5.0.0
1129 silly placeDep ROOT safe-buffer@5.2.1 OK for: string_decoder@1.3.0 want: ~5.2.0
1130 silly placeDep ROOT @emotion/is-prop-valid@1.4.0 OK for: styled-components@6.5.3 want: 1.4.0
1131 silly placeDep ROOT css-to-react-native@3.2.0 OK for: styled-components@6.5.3 want: 3.2.0
1132 silly placeDep node_modules/styled-components stylis@4.3.6 OK for: styled-components@6.5.3 want: 4.3.6
1133 silly fetch manifest @emotion/memoize@^0.9.0
1134 silly packumentCache full:https://registry.npmjs.org/@emotion%2fmemoize cache-miss
1135 http fetch GET 200 https://registry.npmjs.org/@emotion%2fmemoize 48ms (cache miss)
1136 silly packumentCache full:https://registry.npmjs.org/@emotion%2fmemoize set size:undefined disposed:false
1137 silly fetch manifest camelize@^1.0.0
1138 silly packumentCache full:https://registry.npmjs.org/camelize cache-miss
1139 http fetch GET 200 https://registry.npmjs.org/camelize 29ms (cache miss)
1140 silly packumentCache full:https://registry.npmjs.org/camelize set size:undefined disposed:false
1141 silly fetch manifest css-color-keywords@^1.0.0
1142 silly packumentCache full:https://registry.npmjs.org/css-color-keywords cache-miss
1143 http fetch GET 200 https://registry.npmjs.org/css-color-keywords 33ms (cache miss)
1144 silly packumentCache full:https://registry.npmjs.org/css-color-keywords set size:undefined disposed:false
1145 silly placeDep ROOT @emotion/memoize@0.9.0 OK for: @emotion/is-prop-valid@1.4.0 want: ^0.9.0
1146 silly placeDep ROOT camelize@1.0.1 OK for: css-to-react-native@3.2.0 want: ^1.0.0
1147 silly placeDep ROOT css-color-keywords@1.0.0 OK for: css-to-react-native@3.2.0 want: ^1.0.0
1148 silly placeDep ROOT multiformats@9.9.0 OK for: uint8arrays@3.1.1 want: ^9.4.2
1149 silly placeDep node_modules/unstorage chokidar@5.0.0 OK for: unstorage@1.17.5 want: ^5.0.0
1150 silly placeDep ROOT h3@1.15.11 OK for: unstorage@1.17.5 want: ^1.15.10
1151 silly placeDep ROOT lru-cache@11.5.3 OK for: unstorage@1.17.5 want: ^11.2.7
1152 silly fetch manifest readdirp@^5.0.0
1153 silly packumentCache full:https://registry.npmjs.org/readdirp cache-miss
1154 http fetch GET 200 https://registry.npmjs.org/readdirp 29ms (cache miss)
1155 silly packumentCache full:https://registry.npmjs.org/readdirp set size:undefined disposed:false
1156 silly fetch manifest defu@^6.1.6
1157 silly packumentCache full:https://registry.npmjs.org/defu cache-miss
1158 http fetch GET 200 https://registry.npmjs.org/defu 38ms (cache miss)
1159 silly packumentCache full:https://registry.npmjs.org/defu set size:undefined disposed:false
1160 silly fetch manifest radix3@^1.1.2
1161 silly packumentCache full:https://registry.npmjs.org/radix3 cache-miss
1162 http fetch GET 200 https://registry.npmjs.org/radix3 32ms (cache miss)
1163 silly packumentCache full:https://registry.npmjs.org/radix3 set size:undefined disposed:false
1164 silly fetch manifest crossws@^0.3.5
1165 silly packumentCache full:https://registry.npmjs.org/crossws cache-miss
1166 http fetch GET 200 https://registry.npmjs.org/crossws 38ms (cache miss)
1167 silly packumentCache full:https://registry.npmjs.org/crossws set size:undefined disposed:false
1168 silly fetch manifest uncrypto@^0.1.3
1169 silly packumentCache full:https://registry.npmjs.org/uncrypto cache-miss
1170 http fetch GET 200 https://registry.npmjs.org/uncrypto 33ms (cache miss)
1171 silly packumentCache full:https://registry.npmjs.org/uncrypto set size:undefined disposed:false
1172 silly fetch manifest cookie-es@^1.2.3
1173 silly packumentCache full:https://registry.npmjs.org/cookie-es cache-miss
1174 http fetch GET 200 https://registry.npmjs.org/cookie-es 52ms (cache miss)
1175 silly packumentCache full:https://registry.npmjs.org/cookie-es set size:undefined disposed:false
1176 silly fetch manifest iron-webcrypto@^1.2.1
1177 silly packumentCache full:https://registry.npmjs.org/iron-webcrypto cache-miss
1178 http fetch GET 200 https://registry.npmjs.org/iron-webcrypto 40ms (cache miss)
1179 silly packumentCache full:https://registry.npmjs.org/iron-webcrypto set size:undefined disposed:false
1180 silly fetch manifest node-mock-http@^1.0.4
1181 silly packumentCache full:https://registry.npmjs.org/node-mock-http cache-miss
1182 http fetch GET 200 https://registry.npmjs.org/node-mock-http 37ms (cache miss)
1183 silly packumentCache full:https://registry.npmjs.org/node-mock-http set size:undefined disposed:false
1184 silly placeDep ROOT cookie-es@1.2.3 OK for: h3@1.15.11 want: ^1.2.3
1185 silly placeDep ROOT crossws@0.3.5 OK for: h3@1.15.11 want: ^0.3.5
1186 silly placeDep ROOT defu@6.1.7 OK for: h3@1.15.11 want: ^6.1.6
1187 silly placeDep ROOT iron-webcrypto@1.2.1 OK for: h3@1.15.11 want: ^1.2.1
1188 silly placeDep ROOT node-mock-http@1.0.5 OK for: h3@1.15.11 want: ^1.0.4
1189 silly placeDep ROOT radix3@1.1.2 OK for: h3@1.15.11 want: ^1.1.2
1190 silly placeDep ROOT uncrypto@0.1.3 OK for: h3@1.15.11 want: ^0.1.3
1191 silly placeDep ROOT proxy-compare@3.0.1 OK for: valtio@2.1.7 want: ^3.0.1
1192 silly placeDep ROOT tr46@0.0.3 OK for: whatwg-url@5.0.0 want: ~0.0.3
1193 silly placeDep ROOT webidl-conversions@3.0.1 OK for: whatwg-url@5.0.0 want: ^3.0.0
1194 silly placeDep ROOT @solana-program/compute-budget@0.11.0 OK for: x402@0.7.3 want: ^0.11.0
1195 silly placeDep ROOT @solana-program/token@0.9.0 OK for: x402@0.7.3 want: ^0.9.0
1196 silly placeDep ROOT @solana-program/token-2022@0.6.1 OK for: x402@0.7.3 want: ^0.6.1
1197 silly placeDep ROOT @solana/kit@5.5.1 OK for: x402@0.7.3 want: ^5.0.0
1198 silly placeDep ROOT @solana/transaction-confirmation@5.5.1 OK for: x402@0.7.3 want: ^5.0.0
1199 silly placeDep ROOT @solana/wallet-standard-features@1.3.0 OK for: x402@0.7.3 want: ^1.3.0
1200 silly placeDep ROOT @wallet-standard/features@1.1.0 OK for: x402@0.7.3 want: ^1.1.0
1201 silly placeDep ROOT wagmi@2.19.5 OK for: x402@0.7.3 want: ^2.15.6
1202 silly fetch manifest @solana/rpc@5.5.1
1203 silly packumentCache full:https://registry.npmjs.org/@solana%2frpc cache-miss
1204 http fetch GET 200 https://registry.npmjs.org/@solana%2frpc 177ms (cache miss)
1205 silly packumentCache full:https://registry.npmjs.org/@solana%2frpc set size:undefined disposed:false
1206 silly fetch manifest @solana/keys@5.5.1
1207 silly packumentCache full:https://registry.npmjs.org/@solana%2fkeys cache-miss
1208 http fetch GET 200 https://registry.npmjs.org/@solana%2fkeys 221ms (cache miss)
1209 silly packumentCache full:https://registry.npmjs.org/@solana%2fkeys set size:undefined disposed:false
1210 silly fetch manifest @solana/codecs@5.5.1
1211 silly packumentCache full:https://registry.npmjs.org/@solana%2fcodecs cache-miss
1212 http fetch GET 200 https://registry.npmjs.org/@solana%2fcodecs 211ms (cache miss)
1213 silly packumentCache full:https://registry.npmjs.org/@solana%2fcodecs set size:undefined disposed:false
1214 silly fetch manifest @solana/errors@5.5.1
1215 silly packumentCache full:https://registry.npmjs.org/@solana%2ferrors cache-miss
1216 http fetch GET 200 https://registry.npmjs.org/@solana%2ferrors 199ms (cache miss)
1217 silly packumentCache full:https://registry.npmjs.org/@solana%2ferrors set size:undefined disposed:false
1218 silly fetch manifest @solana/rpc-api@5.5.1
1219 silly packumentCache full:https://registry.npmjs.org/@solana%2frpc-api cache-miss
1220 http fetch GET 200 https://registry.npmjs.org/@solana%2frpc-api 251ms (cache miss)
1221 silly packumentCache full:https://registry.npmjs.org/@solana%2frpc-api set size:undefined disposed:false
1222 silly fetch manifest @solana/signers@5.5.1
1223 silly packumentCache full:https://registry.npmjs.org/@solana%2fsigners cache-miss
1224 http fetch GET 200 https://registry.npmjs.org/@solana%2fsigners 192ms (cache miss)
1225 silly packumentCache full:https://registry.npmjs.org/@solana%2fsigners set size:undefined disposed:false
1226 silly fetch manifest @solana/sysvars@5.5.1
1227 silly packumentCache full:https://registry.npmjs.org/@solana%2fsysvars cache-miss
1228 http fetch GET 200 https://registry.npmjs.org/@solana%2fsysvars 192ms (cache miss)
1229 silly packumentCache full:https://registry.npmjs.org/@solana%2fsysvars set size:undefined disposed:false
1230 silly fetch manifest @solana/accounts@5.5.1
1231 silly packumentCache full:https://registry.npmjs.org/@solana%2faccounts cache-miss
1232 http fetch GET 200 https://registry.npmjs.org/@solana%2faccounts 168ms (cache miss)
1233 silly packumentCache full:https://registry.npmjs.org/@solana%2faccounts set size:undefined disposed:false
1234 silly fetch manifest @solana/programs@5.5.1
1235 silly packumentCache full:https://registry.npmjs.org/@solana%2fprograms cache-miss
1236 http fetch GET 200 https://registry.npmjs.org/@solana%2fprograms 249ms (cache miss)
1237 silly packumentCache full:https://registry.npmjs.org/@solana%2fprograms set size:undefined disposed:false
1238 silly fetch manifest @solana/addresses@5.5.1
1239 silly packumentCache full:https://registry.npmjs.org/@solana%2faddresses cache-miss
1240 http fetch GET 200 https://registry.npmjs.org/@solana%2faddresses 251ms (cache miss)
1241 silly packumentCache full:https://registry.npmjs.org/@solana%2faddresses set size:undefined disposed:false
1242 silly fetch manifest @solana/rpc-types@5.5.1
1243 silly packumentCache full:https://registry.npmjs.org/@solana%2frpc-types cache-miss
1244 http fetch GET 200 https://registry.npmjs.org/@solana%2frpc-types 211ms (cache miss)
1245 silly packumentCache full:https://registry.npmjs.org/@solana%2frpc-types set size:undefined disposed:false
1246 silly fetch manifest @solana/functional@5.5.1
1247 silly packumentCache full:https://registry.npmjs.org/@solana%2ffunctional cache-miss
1248 http fetch GET 200 https://registry.npmjs.org/@solana%2ffunctional 185ms (cache miss)
1249 silly packumentCache full:https://registry.npmjs.org/@solana%2ffunctional set size:undefined disposed:false
1250 silly fetch manifest @solana/plugin-core@5.5.1
1251 silly packumentCache full:https://registry.npmjs.org/@solana%2fplugin-core cache-miss
1252 http fetch GET 200 https://registry.npmjs.org/@solana%2fplugin-core 90ms (cache miss)
1253 silly packumentCache full:https://registry.npmjs.org/@solana%2fplugin-core set size:undefined disposed:false
1254 silly fetch manifest @solana/instructions@5.5.1
1255 silly packumentCache full:https://registry.npmjs.org/@solana%2finstructions cache-miss
1256 http fetch GET 200 https://registry.npmjs.org/@solana%2finstructions 184ms (cache miss)
1257 silly packumentCache full:https://registry.npmjs.org/@solana%2finstructions set size:undefined disposed:false
1258 silly fetch manifest @solana/transactions@5.5.1
1259 silly packumentCache full:https://registry.npmjs.org/@solana%2ftransactions cache-miss
1260 http fetch GET 200 https://registry.npmjs.org/@solana%2ftransactions 222ms (cache miss)
1261 silly packumentCache full:https://registry.npmjs.org/@solana%2ftransactions set size:undefined disposed:false
1262 silly fetch manifest @solana/rpc-spec-types@5.5.1
1263 silly packumentCache full:https://registry.npmjs.org/@solana%2frpc-spec-types cache-miss
1264 http fetch GET 200 https://registry.npmjs.org/@solana%2frpc-spec-types 170ms (cache miss)
1265 silly packumentCache full:https://registry.npmjs.org/@solana%2frpc-spec-types set size:undefined disposed:false
1266 silly fetch manifest @solana/rpc-parsed-types@5.5.1
1267 silly packumentCache full:https://registry.npmjs.org/@solana%2frpc-parsed-types cache-miss
1268 http fetch GET 200 https://registry.npmjs.org/@solana%2frpc-parsed-types 165ms (cache miss)
1269 silly packumentCache full:https://registry.npmjs.org/@solana%2frpc-parsed-types set size:undefined disposed:false
1270 silly fetch manifest @solana/instruction-plans@5.5.1
1271 silly packumentCache full:https://registry.npmjs.org/@solana%2finstruction-plans cache-miss
1272 http fetch GET 200 https://registry.npmjs.org/@solana%2finstruction-plans 95ms (cache miss)
1273 silly packumentCache full:https://registry.npmjs.org/@solana%2finstruction-plans set size:undefined disposed:false
1274 silly fetch manifest @solana/offchain-messages@5.5.1
1275 silly packumentCache full:https://registry.npmjs.org/@solana%2foffchain-messages cache-miss
1276 http fetch GET 200 https://registry.npmjs.org/@solana%2foffchain-messages 92ms (cache miss)
1277 silly packumentCache full:https://registry.npmjs.org/@solana%2foffchain-messages set size:undefined disposed:false
1278 silly fetch manifest @solana/rpc-subscriptions@5.5.1
1279 silly packumentCache full:https://registry.npmjs.org/@solana%2frpc-subscriptions cache-miss
1280 http fetch GET 200 https://registry.npmjs.org/@solana%2frpc-subscriptions 158ms (cache miss)
1281 silly packumentCache full:https://registry.npmjs.org/@solana%2frpc-subscriptions set size:undefined disposed:false
1282 silly fetch manifest @solana/transaction-messages@5.5.1
1283 silly packumentCache full:https://registry.npmjs.org/@solana%2ftransaction-messages cache-miss
1284 http fetch GET 200 https://registry.npmjs.org/@solana%2ftransaction-messages 173ms (cache miss)
1285 silly packumentCache full:https://registry.npmjs.org/@solana%2ftransaction-messages set size:undefined disposed:false
1286 silly fetch manifest @solana/transaction-confirmation@5.5.1
1287 silly packumentCache full:https://registry.npmjs.org/@solana%2ftransaction-confirmation cache-miss
1288 http fetch GET 200 https://registry.npmjs.org/@solana%2ftransaction-confirmation 29ms (cache hit)
1289 silly packumentCache full:https://registry.npmjs.org/@solana%2ftransaction-confirmation set size:9554837 disposed:false
1290 silly fetch manifest @solana/promises@5.5.1
1291 silly packumentCache full:https://registry.npmjs.org/@solana%2fpromises cache-miss
1292 http fetch GET 200 https://registry.npmjs.org/@solana%2fpromises 182ms (cache miss)
1293 silly packumentCache full:https://registry.npmjs.org/@solana%2fpromises set size:undefined disposed:false
1294 silly fetch manifest @solana/codecs-strings@5.5.1
1295 silly packumentCache full:https://registry.npmjs.org/@solana%2fcodecs-strings cache-miss
1296 http fetch GET 200 https://registry.npmjs.org/@solana%2fcodecs-strings 161ms (cache miss)
1297 silly packumentCache full:https://registry.npmjs.org/@solana%2fcodecs-strings set size:undefined disposed:false
1298 silly fetch manifest @wagmi/core@2.22.1
1299 silly packumentCache full:https://registry.npmjs.org/@wagmi%2fcore cache-miss
1300 http fetch GET 200 https://registry.npmjs.org/@wagmi%2fcore 102ms (cache miss)
1301 silly packumentCache full:https://registry.npmjs.org/@wagmi%2fcore set size:undefined disposed:false
1302 silly fetch manifest @wagmi/connectors@6.2.0
1303 silly packumentCache full:https://registry.npmjs.org/@wagmi%2fconnectors cache-miss
1304 http fetch GET 200 https://registry.npmjs.org/@wagmi%2fconnectors 95ms (cache miss)
1305 silly packumentCache full:https://registry.npmjs.org/@wagmi%2fconnectors set size:undefined disposed:false
1306 silly fetch manifest use-sync-external-store@1.4.0
1307 silly packumentCache full:https://registry.npmjs.org/use-sync-external-store cache-miss
1308 http fetch GET 200 https://registry.npmjs.org/use-sync-external-store 15ms (cache hit)
1309 silly packumentCache full:https://registry.npmjs.org/use-sync-external-store set size:5051893 disposed:false
1310 silly placeDep ROOT @solana/accounts@5.5.1 OK for: @solana/kit@5.5.1 want: 5.5.1
1311 silly placeDep ROOT @solana/addresses@5.5.1 OK for: @solana/kit@5.5.1 want: 5.5.1
1312 silly placeDep ROOT @solana/codecs@5.5.1 OK for: @solana/kit@5.5.1 want: 5.5.1
1313 silly placeDep ROOT @solana/errors@5.5.1 OK for: @solana/kit@5.5.1 want: 5.5.1
1314 silly placeDep ROOT @solana/functional@5.5.1 OK for: @solana/kit@5.5.1 want: 5.5.1
1315 silly placeDep ROOT @solana/instruction-plans@5.5.1 OK for: @solana/kit@5.5.1 want: 5.5.1
1316 silly placeDep ROOT @solana/instructions@5.5.1 OK for: @solana/kit@5.5.1 want: 5.5.1
1317 silly placeDep ROOT @solana/keys@5.5.1 OK for: @solana/kit@5.5.1 want: 5.5.1
1318 silly placeDep ROOT @solana/offchain-messages@5.5.1 OK for: @solana/kit@5.5.1 want: 5.5.1
1319 silly placeDep ROOT @solana/plugin-core@5.5.1 OK for: @solana/kit@5.5.1 want: 5.5.1
1320 silly placeDep ROOT @solana/programs@5.5.1 OK for: @solana/kit@5.5.1 want: 5.5.1
1321 silly placeDep ROOT @solana/rpc@5.5.1 OK for: @solana/kit@5.5.1 want: 5.5.1
1322 silly placeDep ROOT @solana/rpc-api@5.5.1 OK for: @solana/kit@5.5.1 want: 5.5.1
1323 silly placeDep ROOT @solana/rpc-parsed-types@5.5.1 OK for: @solana/kit@5.5.1 want: 5.5.1
1324 silly placeDep ROOT @solana/rpc-spec-types@5.5.1 OK for: @solana/kit@5.5.1 want: 5.5.1
1325 silly placeDep ROOT @solana/rpc-subscriptions@5.5.1 OK for: @solana/kit@5.5.1 want: 5.5.1
1326 silly placeDep ROOT @solana/rpc-types@5.5.1 OK for: @solana/kit@5.5.1 want: 5.5.1
1327 silly placeDep ROOT @solana/signers@5.5.1 OK for: @solana/kit@5.5.1 want: 5.5.1
1328 silly placeDep ROOT @solana/sysvars@5.5.1 OK for: @solana/kit@5.5.1 want: 5.5.1
1329 silly placeDep ROOT @solana/transaction-messages@5.5.1 OK for: @solana/kit@5.5.1 want: 5.5.1
1330 silly placeDep ROOT @solana/transactions@5.5.1 OK for: @solana/kit@5.5.1 want: 5.5.1
1331 silly fetch manifest @solana/rpc-spec@5.5.1
1332 silly packumentCache full:https://registry.npmjs.org/@solana%2frpc-spec cache-miss
1333 http fetch GET 200 https://registry.npmjs.org/@solana%2frpc-spec 171ms (cache miss)
1334 silly packumentCache full:https://registry.npmjs.org/@solana%2frpc-spec set size:undefined disposed:false
1335 silly fetch manifest @solana/codecs-core@5.5.1
1336 silly packumentCache full:https://registry.npmjs.org/@solana%2fcodecs-core cache-miss
1337 http fetch GET 200 https://registry.npmjs.org/@solana%2fcodecs-core 197ms (cache miss)
1338 silly packumentCache full:https://registry.npmjs.org/@solana%2fcodecs-core set size:undefined disposed:false
1339 silly fetch manifest @solana/assertions@5.5.1
1340 silly packumentCache full:https://registry.npmjs.org/@solana%2fassertions cache-miss
1341 http fetch GET 200 https://registry.npmjs.org/@solana%2fassertions 202ms (cache miss)
1342 silly packumentCache full:https://registry.npmjs.org/@solana%2fassertions set size:undefined disposed:false
1343 silly fetch manifest @solana/nominal-types@5.5.1
1344 silly packumentCache full:https://registry.npmjs.org/@solana%2fnominal-types cache-miss
1345 http fetch GET 200 https://registry.npmjs.org/@solana%2fnominal-types 97ms (cache miss)
1346 silly packumentCache full:https://registry.npmjs.org/@solana%2fnominal-types set size:undefined disposed:false
1347 silly fetch manifest @solana/options@5.5.1
1348 silly packumentCache full:https://registry.npmjs.org/@solana%2foptions cache-miss
1349 http fetch GET 200 https://registry.npmjs.org/@solana%2foptions 178ms (cache miss)
1350 silly packumentCache full:https://registry.npmjs.org/@solana%2foptions set size:undefined disposed:false
1351 silly fetch manifest @solana/codecs-numbers@5.5.1
1352 silly packumentCache full:https://registry.npmjs.org/@solana%2fcodecs-numbers cache-miss
1353 http fetch GET 200 https://registry.npmjs.org/@solana%2fcodecs-numbers 196ms (cache miss)
1354 silly packumentCache full:https://registry.npmjs.org/@solana%2fcodecs-numbers set size:undefined disposed:false
1355 silly fetch manifest @solana/codecs-data-structures@5.5.1
1356 silly packumentCache full:https://registry.npmjs.org/@solana%2fcodecs-data-structures cache-miss
1357 http fetch GET 200 https://registry.npmjs.org/@solana%2fcodecs-data-structures 188ms (cache miss)
1358 silly packumentCache full:https://registry.npmjs.org/@solana%2fcodecs-data-structures set size:undefined disposed:false
1359 silly fetch manifest chalk@5.6.2
1360 silly packumentCache full:https://registry.npmjs.org/chalk cache-miss
1361 http fetch GET 200 https://registry.npmjs.org/chalk 31ms (cache miss)
1362 silly packumentCache full:https://registry.npmjs.org/chalk set size:undefined disposed:false
1363 silly fetch manifest commander@14.0.2
1364 silly packumentCache full:https://registry.npmjs.org/commander cache-miss
1365 http fetch GET 200 https://registry.npmjs.org/commander 42ms (cache miss)
1366 silly packumentCache full:https://registry.npmjs.org/commander set size:undefined disposed:false
1367 silly fetch manifest @solana/rpc-transformers@5.5.1
1368 silly packumentCache full:https://registry.npmjs.org/@solana%2frpc-transformers cache-miss
1369 http fetch GET 200 https://registry.npmjs.org/@solana%2frpc-transformers 173ms (cache miss)
1370 silly packumentCache full:https://registry.npmjs.org/@solana%2frpc-transformers set size:undefined disposed:false
1371 silly fetch manifest @solana/rpc-transport-http@5.5.1
1372 silly packumentCache full:https://registry.npmjs.org/@solana%2frpc-transport-http cache-miss
1373 http fetch GET 200 https://registry.npmjs.org/@solana%2frpc-transport-http 170ms (cache miss)
1374 silly packumentCache full:https://registry.npmjs.org/@solana%2frpc-transport-http set size:undefined disposed:false
1375 silly fetch manifest @solana/fast-stable-stringify@5.5.1
1376 silly packumentCache full:https://registry.npmjs.org/@solana%2ffast-stable-stringify cache-miss
1377 http fetch GET 200 https://registry.npmjs.org/@solana%2ffast-stable-stringify 375ms (cache miss)
1378 silly packumentCache full:https://registry.npmjs.org/@solana%2ffast-stable-stringify set size:undefined disposed:false
1379 silly fetch manifest @solana/subscribable@5.5.1
1380 silly packumentCache full:https://registry.npmjs.org/@solana%2fsubscribable cache-miss
1381 http fetch GET 200 https://registry.npmjs.org/@solana%2fsubscribable 132ms (cache miss)
1382 silly packumentCache full:https://registry.npmjs.org/@solana%2fsubscribable set size:undefined disposed:false
1383 silly fetch manifest @solana/rpc-subscriptions-api@5.5.1
1384 silly packumentCache full:https://registry.npmjs.org/@solana%2frpc-subscriptions-api cache-miss
1385 http fetch GET 200 https://registry.npmjs.org/@solana%2frpc-subscriptions-api 193ms (cache miss)
1386 silly packumentCache full:https://registry.npmjs.org/@solana%2frpc-subscriptions-api set size:undefined disposed:false
1387 silly fetch manifest @solana/rpc-subscriptions-spec@5.5.1
1388 silly packumentCache full:https://registry.npmjs.org/@solana%2frpc-subscriptions-spec cache-miss
1389 http fetch GET 200 https://registry.npmjs.org/@solana%2frpc-subscriptions-spec 198ms (cache miss)
1390 silly packumentCache full:https://registry.npmjs.org/@solana%2frpc-subscriptions-spec set size:undefined disposed:false
1391 silly fetch manifest @solana/rpc-subscriptions-channel-websocket@5.5.1
1392 silly packumentCache full:https://registry.npmjs.org/@solana%2frpc-subscriptions-channel-websocket cache-miss
1393 http fetch GET 200 https://registry.npmjs.org/@solana%2frpc-subscriptions-channel-websocket 172ms (cache miss)
1394 silly packumentCache full:https://registry.npmjs.org/@solana%2frpc-subscriptions-channel-websocket set size:undefined disposed:false
1395 silly placeDep ROOT @solana/codecs-core@5.5.1 OK for: @solana/accounts@5.5.1 want: 5.5.1
1396 silly placeDep ROOT @solana/codecs-strings@5.5.1 OK for: @solana/accounts@5.5.1 want: 5.5.1
1397 silly placeDep ROOT @solana/rpc-spec@5.5.1 OK for: @solana/accounts@5.5.1 want: 5.5.1
1398 silly placeDep ROOT @solana/assertions@5.5.1 OK for: @solana/addresses@5.5.1 want: 5.5.1
1399 silly placeDep ROOT @solana/nominal-types@5.5.1 OK for: @solana/addresses@5.5.1 want: 5.5.1
1400 silly placeDep ROOT @solana/codecs-data-structures@5.5.1 OK for: @solana/codecs@5.5.1 want: 5.5.1
1401 silly placeDep ROOT @solana/codecs-numbers@5.5.1 OK for: @solana/codecs@5.5.1 want: 5.5.1
1402 silly placeDep ROOT @solana/options@5.5.1 OK for: @solana/codecs@5.5.1 want: 5.5.1
1403 silly placeDep node_modules/@solana/errors chalk@5.6.2 OK for: @solana/errors@5.5.1 want: 5.6.2
1404 silly placeDep node_modules/@solana/errors commander@14.0.2 OK for: @solana/errors@5.5.1 want: 14.0.2
1405 silly placeDep ROOT @solana/promises@5.5.1 OK for: @solana/instruction-plans@5.5.1 want: 5.5.1
1406 silly placeDep ROOT @solana/fast-stable-stringify@5.5.1 OK for: @solana/rpc@5.5.1 want: 5.5.1
1407 silly placeDep ROOT @solana/rpc-transformers@5.5.1 OK for: @solana/rpc@5.5.1 want: 5.5.1
1408 silly placeDep ROOT @solana/rpc-transport-http@5.5.1 OK for: @solana/rpc@5.5.1 want: 5.5.1
1409 silly fetch manifest undici-types@^7.19.2
1410 silly packumentCache full:https://registry.npmjs.org/undici-types cache-miss
1411 http fetch GET 200 https://registry.npmjs.org/undici-types 31ms (cache miss)
1412 silly packumentCache full:https://registry.npmjs.org/undici-types set size:undefined disposed:false
1413 silly placeDep ROOT @solana/rpc-subscriptions-api@5.5.1 OK for: @solana/rpc-subscriptions@5.5.1 want: 5.5.1
1414 silly placeDep ROOT @solana/rpc-subscriptions-channel-websocket@5.5.1 OK for: @solana/rpc-subscriptions@5.5.1 want: 5.5.1
1415 silly placeDep ROOT @solana/rpc-subscriptions-spec@5.5.1 OK for: @solana/rpc-subscriptions@5.5.1 want: 5.5.1
1416 silly placeDep ROOT @solana/subscribable@5.5.1 OK for: @solana/rpc-subscriptions@5.5.1 want: 5.5.1
1417 silly placeDep node_modules/@solana/rpc-transport-http undici-types@7.29.1 OK for: @solana/rpc-transport-http@5.5.1 want: ^7.19.2
1418 silly placeDep ROOT @wagmi/connectors@6.2.0 OK for: wagmi@2.19.5 want: 6.2.0
1419 silly placeDep ROOT @wagmi/core@2.22.1 OK for: wagmi@2.19.5 want: 2.22.1
1420 silly placeDep node_modules/wagmi use-sync-external-store@1.4.0 OK for: wagmi@2.19.5 want: 1.4.0
1421 silly fetch manifest porto@0.2.35
1422 silly packumentCache full:https://registry.npmjs.org/porto cache-miss
1423 http fetch GET 200 https://registry.npmjs.org/porto 40ms (cache miss)
1424 silly packumentCache full:https://registry.npmjs.org/porto set size:undefined disposed:false
1425 silly fetch manifest cbw-sdk@npm:@coinbase/wallet-sdk@3.9.3
1426 silly packumentCache full:https://registry.npmjs.org/@coinbase%2fwallet-sdk cache-miss
1427 http fetch GET 200 https://registry.npmjs.org/@coinbase%2fwallet-sdk 5ms (cache hit)
1428 silly packumentCache full:https://registry.npmjs.org/@coinbase%2fwallet-sdk set size:453453 disposed:false
1429 silly fetch manifest @metamask/sdk@0.33.1
1430 silly packumentCache full:https://registry.npmjs.org/@metamask%2fsdk cache-miss
1431 http fetch GET 200 https://registry.npmjs.org/@metamask%2fsdk 50ms (cache miss)
1432 silly packumentCache full:https://registry.npmjs.org/@metamask%2fsdk set size:undefined disposed:false
1433 silly fetch manifest @base-org/account@2.4.0
1434 silly packumentCache full:https://registry.npmjs.org/@base-org%2faccount cache-miss
1435 http fetch GET 200 https://registry.npmjs.org/@base-org%2faccount 3ms (cache hit)
1436 silly packumentCache full:https://registry.npmjs.org/@base-org%2faccount set size:207869 disposed:false
1437 silly fetch manifest @gemini-wallet/core@0.3.2
1438 silly packumentCache full:https://registry.npmjs.org/@gemini-wallet%2fcore cache-miss
1439 http fetch GET 200 https://registry.npmjs.org/@gemini-wallet%2fcore 118ms (cache miss)
1440 silly packumentCache full:https://registry.npmjs.org/@gemini-wallet%2fcore set size:undefined disposed:false
1441 silly fetch manifest @coinbase/wallet-sdk@4.3.6
1442 silly packumentCache full:https://registry.npmjs.org/@coinbase%2fwallet-sdk cache-hit
1443 silly fetch manifest @safe-global/safe-apps-sdk@9.1.0
1444 silly packumentCache full:https://registry.npmjs.org/@safe-global%2fsafe-apps-sdk cache-miss
1445 http fetch GET 200 https://registry.npmjs.org/@safe-global%2fsafe-apps-sdk 59ms (cache miss)
1446 silly packumentCache full:https://registry.npmjs.org/@safe-global%2fsafe-apps-sdk set size:undefined disposed:false
1447 silly fetch manifest @safe-global/safe-apps-provider@0.18.6
1448 silly packumentCache full:https://registry.npmjs.org/@safe-global%2fsafe-apps-provider cache-miss
1449 http fetch GET 200 https://registry.npmjs.org/@safe-global%2fsafe-apps-provider 50ms (cache miss)
1450 silly packumentCache full:https://registry.npmjs.org/@safe-global%2fsafe-apps-provider set size:undefined disposed:false
1451 silly fetch manifest @walletconnect/ethereum-provider@2.21.1
1452 silly packumentCache full:https://registry.npmjs.org/@walletconnect%2fethereum-provider cache-miss
1453 http fetch GET 200 https://registry.npmjs.org/@walletconnect%2fethereum-provider 12ms (cache hit)
1454 silly packumentCache full:https://registry.npmjs.org/@walletconnect%2fethereum-provider set size:2501712 disposed:false
1455 silly fetch manifest zustand@5.0.0
1456 silly packumentCache full:https://registry.npmjs.org/zustand cache-hit
1457 silly placeDep node_modules/@wagmi/connectors @base-org/account@2.4.0 OK for: @wagmi/connectors@6.2.0 want: 2.4.0
1458 silly placeDep node_modules/@wagmi/connectors @coinbase/wallet-sdk@4.3.6 OK for: @wagmi/connectors@6.2.0 want: 4.3.6
1459 silly placeDep ROOT @gemini-wallet/core@0.3.2 OK for: @wagmi/connectors@6.2.0 want: 0.3.2
1460 silly placeDep ROOT @metamask/sdk@0.33.1 OK for: @wagmi/connectors@6.2.0 want: 0.33.1
1461 silly placeDep ROOT @safe-global/safe-apps-provider@0.18.6 OK for: @wagmi/connectors@6.2.0 want: 0.18.6
1462 silly placeDep ROOT @safe-global/safe-apps-sdk@9.1.0 OK for: @wagmi/connectors@6.2.0 want: 9.1.0
1463 silly placeDep node_modules/@wagmi/connectors @walletconnect/ethereum-provider@2.21.1 OK for: @wagmi/connectors@6.2.0 want: 2.21.1
1464 silly placeDep ROOT cbw-sdk@3.9.3 OK for: @wagmi/connectors@6.2.0 want: npm:@coinbase/wallet-sdk@3.9.3
1465 silly placeDep ROOT porto@0.2.35 OK for: @wagmi/connectors@6.2.0 want: 0.2.35
1466 silly fetch manifest @coinbase/cdp-sdk@^1.0.0
1467 silly packumentCache full:https://registry.npmjs.org/@coinbase%2fcdp-sdk cache-miss
1468 http fetch GET 200 https://registry.npmjs.org/@coinbase%2fcdp-sdk 51ms (cache miss)
1469 silly packumentCache full:https://registry.npmjs.org/@coinbase%2fcdp-sdk set size:undefined disposed:false
1470 silly fetch manifest @metamask/rpc-errors@7.0.2
1471 silly packumentCache full:https://registry.npmjs.org/@metamask%2frpc-errors cache-miss
1472 http fetch GET 200 https://registry.npmjs.org/@metamask%2frpc-errors 81ms (cache miss)
1473 silly packumentCache full:https://registry.npmjs.org/@metamask%2frpc-errors set size:undefined disposed:false
1474 silly fetch manifest util@^0.12.4
1475 silly packumentCache full:https://registry.npmjs.org/util cache-miss
1476 http fetch GET 200 https://registry.npmjs.org/util 31ms (cache miss)
1477 silly packumentCache full:https://registry.npmjs.org/util set size:undefined disposed:false
1478 silly fetch manifest uuid@^8.3.2
1479 silly packumentCache full:https://registry.npmjs.org/uuid cache-miss
1480 http fetch GET 200 https://registry.npmjs.org/uuid 41ms (cache miss)
1481 silly packumentCache full:https://registry.npmjs.org/uuid set size:undefined disposed:false
1482 silly fetch manifest debug@4.3.4
1483 silly packumentCache full:https://registry.npmjs.org/debug cache-miss
1484 http fetch GET 200 https://registry.npmjs.org/debug 35ms (cache miss)
1485 silly packumentCache full:https://registry.npmjs.org/debug set size:undefined disposed:false
1486 silly fetch manifest bowser@^2.9.0
1487 silly packumentCache full:https://registry.npmjs.org/bowser cache-miss
1488 http fetch GET 200 https://registry.npmjs.org/bowser 35ms (cache miss)
1489 silly packumentCache full:https://registry.npmjs.org/bowser set size:undefined disposed:false
1490 silly fetch manifest eciesjs@^0.4.11
1491 silly packumentCache full:https://registry.npmjs.org/eciesjs cache-miss
1492 http fetch GET 200 https://registry.npmjs.org/eciesjs 45ms (cache miss)
1493 silly packumentCache full:https://registry.npmjs.org/eciesjs set size:undefined disposed:false
1494 silly fetch manifest cross-fetch@^4.0.0
1495 silly packumentCache full:https://registry.npmjs.org/cross-fetch cache-miss
1496 http fetch GET 200 https://registry.npmjs.org/cross-fetch 2ms (cache hit)
1497 silly packumentCache full:https://registry.npmjs.org/cross-fetch set size:156922 disposed:false
1498 silly fetch manifest @paulmillr/qr@^0.2.1
1499 silly packumentCache full:https://registry.npmjs.org/@paulmillr%2fqr cache-miss
1500 http fetch GET 200 https://registry.npmjs.org/@paulmillr%2fqr 97ms (cache miss)
1501 silly packumentCache full:https://registry.npmjs.org/@paulmillr%2fqr set size:undefined disposed:false
1502 silly fetch manifest eventemitter2@^6.4.9
1503 silly packumentCache full:https://registry.npmjs.org/eventemitter2 cache-miss
1504 http fetch GET 200 https://registry.npmjs.org/eventemitter2 36ms (cache miss)
1505 silly packumentCache full:https://registry.npmjs.org/eventemitter2 set size:undefined disposed:false
1506 silly fetch manifest obj-multiplex@^1.0.0
1507 silly packumentCache full:https://registry.npmjs.org/obj-multiplex cache-miss
1508 http fetch GET 200 https://registry.npmjs.org/obj-multiplex 28ms (cache miss)
1509 silly packumentCache full:https://registry.npmjs.org/obj-multiplex set size:undefined disposed:false
1510 silly fetch manifest eth-rpc-errors@^4.0.3
1511 silly packumentCache full:https://registry.npmjs.org/eth-rpc-errors cache-miss
1512 http fetch GET 200 https://registry.npmjs.org/eth-rpc-errors 29ms (cache miss)
1513 silly packumentCache full:https://registry.npmjs.org/eth-rpc-errors set size:undefined disposed:false
1514 silly fetch manifest readable-stream@^3.6.2
1515 silly packumentCache full:https://registry.npmjs.org/readable-stream cache-miss
1516 http fetch GET 200 https://registry.npmjs.org/readable-stream 22ms (cache hit)
1517 silly packumentCache full:https://registry.npmjs.org/readable-stream set size:261096 disposed:false
1518 silly fetch manifest socket.io-client@^4.5.1
1519 silly packumentCache full:https://registry.npmjs.org/socket.io-client cache-miss
1520 http fetch GET 200 https://registry.npmjs.org/socket.io-client 69ms (cache miss)
1521 silly packumentCache full:https://registry.npmjs.org/socket.io-client set size:undefined disposed:false
1522 silly fetch manifest @metamask/providers@16.1.0
1523 silly packumentCache full:https://registry.npmjs.org/@metamask%2fproviders cache-miss
1524 http fetch GET 200 https://registry.npmjs.org/@metamask%2fproviders 231ms (cache miss)
1525 silly packumentCache full:https://registry.npmjs.org/@metamask%2fproviders set size:undefined disposed:false
1526 silly fetch manifest @metamask/onboarding@^1.0.1
1527 silly packumentCache full:https://registry.npmjs.org/@metamask%2fonboarding cache-miss
1528 http fetch GET 200 https://registry.npmjs.org/@metamask%2fonboarding 114ms (cache miss)
1529 silly packumentCache full:https://registry.npmjs.org/@metamask%2fonboarding set size:undefined disposed:false
1530 silly fetch manifest @metamask/sdk-analytics@0.0.5
1531 silly packumentCache full:https://registry.npmjs.org/@metamask%2fsdk-analytics cache-miss
1532 http fetch GET 200 https://registry.npmjs.org/@metamask%2fsdk-analytics 112ms (cache miss)
1533 silly packumentCache full:https://registry.npmjs.org/@metamask%2fsdk-analytics set size:undefined disposed:false
1534 silly fetch manifest @metamask/sdk-install-modal-web@0.32.1
1535 silly packumentCache full:https://registry.npmjs.org/@metamask%2fsdk-install-modal-web cache-miss
1536 http fetch GET 200 https://registry.npmjs.org/@metamask%2fsdk-install-modal-web 66ms (cache miss)
1537 silly packumentCache full:https://registry.npmjs.org/@metamask%2fsdk-install-modal-web set size:undefined disposed:false
1538 silly fetch manifest @metamask/sdk-communication-layer@0.33.1
1539 silly packumentCache full:https://registry.npmjs.org/@metamask%2fsdk-communication-layer cache-miss
1540 http fetch GET 200 https://registry.npmjs.org/@metamask%2fsdk-communication-layer 119ms (cache miss)
1541 silly packumentCache full:https://registry.npmjs.org/@metamask%2fsdk-communication-layer set size:undefined disposed:false
1542 silly fetch manifest @safe-global/safe-apps-sdk@^9.1.0
1543 silly packumentCache full:https://registry.npmjs.org/@safe-global%2fsafe-apps-sdk cache-miss
1544 http fetch GET 200 https://registry.npmjs.org/@safe-global%2fsafe-apps-sdk 4ms (cache hit)
1545 silly packumentCache full:https://registry.npmjs.org/@safe-global%2fsafe-apps-sdk set size:86635 disposed:false
1546 silly fetch manifest @safe-global/safe-gateway-typescript-sdk@^3.5.3
1547 silly packumentCache full:https://registry.npmjs.org/@safe-global%2fsafe-gateway-typescript-sdk cache-miss
1548 http fetch GET 200 https://registry.npmjs.org/@safe-global%2fsafe-gateway-typescript-sdk 60ms (cache miss)
1549 silly packumentCache full:https://registry.npmjs.org/@safe-global%2fsafe-gateway-typescript-sdk set size:undefined disposed:false
1550 silly fetch manifest @reown/appkit@1.7.8
1551 silly packumentCache full:https://registry.npmjs.org/@reown%2fappkit cache-miss
1552 http fetch GET 200 https://registry.npmjs.org/@reown%2fappkit 32ms (cache hit)
1553 silly packumentCache full:https://registry.npmjs.org/@reown%2fappkit set size:6046518 disposed:false
1554 silly fetch manifest @walletconnect/types@2.21.1
1555 silly packumentCache full:https://registry.npmjs.org/@walletconnect%2ftypes cache-miss
1556 http fetch GET 200 https://registry.npmjs.org/@walletconnect%2ftypes 26ms (cache hit)
1557 silly packumentCache full:https://registry.npmjs.org/@walletconnect%2ftypes set size:2218707 disposed:false
1558 silly fetch manifest @walletconnect/utils@2.21.1
1559 silly packumentCache full:https://registry.npmjs.org/@walletconnect%2futils cache-miss
1560 http fetch GET 200 https://registry.npmjs.org/@walletconnect%2futils 8ms (cache hit)
1561 silly packumentCache full:https://registry.npmjs.org/@walletconnect%2futils set size:2729331 disposed:false
1562 silly fetch manifest @walletconnect/sign-client@2.21.1
1563 silly packumentCache full:https://registry.npmjs.org/@walletconnect%2fsign-client cache-miss
1564 http fetch GET 200 https://registry.npmjs.org/@walletconnect%2fsign-client 10ms (cache hit)
1565 silly packumentCache full:https://registry.npmjs.org/@walletconnect%2fsign-client set size:2011564 disposed:false
1566 silly fetch manifest @walletconnect/universal-provider@2.21.1
1567 silly packumentCache full:https://registry.npmjs.org/@walletconnect%2funiversal-provider cache-miss
1568 http fetch GET 200 https://registry.npmjs.org/@walletconnect%2funiversal-provider 9ms (cache hit)
1569 silly packumentCache full:https://registry.npmjs.org/@walletconnect%2funiversal-provider set size:1782881 disposed:false
1570 silly fetch manifest bn.js@^5.2.1
1571 silly packumentCache full:https://registry.npmjs.org/bn.js cache-miss
1572 http fetch GET 200 https://registry.npmjs.org/bn.js 42ms (cache miss)
1573 silly packumentCache full:https://registry.npmjs.org/bn.js set size:undefined disposed:false
1574 silly fetch manifest keccak@^3.0.3
1575 silly packumentCache full:https://registry.npmjs.org/keccak cache-miss
1576 http fetch GET 200 https://registry.npmjs.org/keccak 33ms (cache miss)
1577 silly packumentCache full:https://registry.npmjs.org/keccak set size:undefined disposed:false
1578 silly fetch manifest sha.js@^2.4.11
1579 silly packumentCache full:https://registry.npmjs.org/sha.js cache-miss
1580 http fetch GET 200 https://registry.npmjs.org/sha.js 33ms (cache miss)
1581 silly packumentCache full:https://registry.npmjs.org/sha.js set size:undefined disposed:false
1582 silly fetch manifest eth-block-tracker@^7.1.0
1583 silly packumentCache full:https://registry.npmjs.org/eth-block-tracker cache-miss
1584 http fetch GET 200 https://registry.npmjs.org/eth-block-tracker 43ms (cache miss)
1585 silly packumentCache full:https://registry.npmjs.org/eth-block-tracker set size:undefined disposed:false
1586 silly fetch manifest eth-json-rpc-filters@^6.0.0
1587 silly packumentCache full:https://registry.npmjs.org/eth-json-rpc-filters cache-miss
1588 http fetch GET 200 https://registry.npmjs.org/eth-json-rpc-filters 45ms (cache miss)
1589 silly packumentCache full:https://registry.npmjs.org/eth-json-rpc-filters set size:undefined disposed:false
1590 silly fetch manifest ox@^0.9.6
1591 silly packumentCache full:https://registry.npmjs.org/ox cache-miss
1592 http fetch GET 200 https://registry.npmjs.org/ox 41ms (cache hit)
1593 silly packumentCache full:https://registry.npmjs.org/ox set size:6517397 disposed:false
1594 silly fetch manifest zod@^4.1.5
1595 silly packumentCache full:https://registry.npmjs.org/zod cache-miss
1596 http fetch GET 200 https://registry.npmjs.org/zod 23ms (cache hit)
1597 silly packumentCache full:https://registry.npmjs.org/zod set size:4166672 disposed:false
1598 silly fetch manifest hono@^4.10.3
1599 silly packumentCache full:https://registry.npmjs.org/hono cache-miss
1600 http fetch GET 200 https://registry.npmjs.org/hono 117ms (cache miss)
1601 silly packumentCache full:https://registry.npmjs.org/hono set size:undefined disposed:false
1602 silly placeDep ROOT @metamask/rpc-errors@7.0.2 OK for: @gemini-wallet/core@0.3.2 want: 7.0.2
1603 silly fetch manifest @metamask/utils@^11.0.1
1604 silly packumentCache full:https://registry.npmjs.org/@metamask%2futils cache-miss
1605 http fetch GET 200 https://registry.npmjs.org/@metamask%2futils 108ms (cache miss)
1606 silly packumentCache full:https://registry.npmjs.org/@metamask%2futils set size:undefined disposed:false
1607 silly placeDep ROOT @metamask/utils@11.12.1 OK for: @metamask/rpc-errors@7.0.2 want: ^11.0.1
1608 silly fetch manifest uuid@^9.0.1
1609 silly packumentCache full:https://registry.npmjs.org/uuid cache-miss
1610 http fetch GET 200 https://registry.npmjs.org/uuid 4ms (cache hit)
1611 silly packumentCache full:https://registry.npmjs.org/uuid set size:260936 disposed:false
1612 silly fetch manifest lodash@^4.17.21
1613 silly packumentCache full:https://registry.npmjs.org/lodash cache-miss
1614 http fetch GET 200 https://registry.npmjs.org/lodash 40ms (cache miss)
1615 silly packumentCache full:https://registry.npmjs.org/lodash set size:undefined disposed:false
1616 silly fetch manifest pony-cause@^2.1.10
1617 silly packumentCache full:https://registry.npmjs.org/pony-cause cache-miss
1618 http fetch GET 200 https://registry.npmjs.org/pony-cause 39ms (cache miss)
1619 silly packumentCache full:https://registry.npmjs.org/pony-cause set size:undefined disposed:false
1620 silly fetch manifest @types/debug@^4.1.7
1621 silly packumentCache full:https://registry.npmjs.org/@types%2fdebug cache-miss
1622 http fetch GET 200 https://registry.npmjs.org/@types%2fdebug 45ms (cache miss)
1623 silly packumentCache full:https://registry.npmjs.org/@types%2fdebug set size:undefined disposed:false
1624 silly fetch manifest @types/lodash@^4.17.20
1625 silly packumentCache full:https://registry.npmjs.org/@types%2flodash cache-miss
1626 http fetch GET 200 https://registry.npmjs.org/@types%2flodash 63ms (cache miss)
1627 silly packumentCache full:https://registry.npmjs.org/@types%2flodash set size:undefined disposed:false
1628 silly fetch manifest @ethereumjs/tx@^4.2.0
1629 silly packumentCache full:https://registry.npmjs.org/@ethereumjs%2ftx cache-miss
1630 http fetch GET 200 https://registry.npmjs.org/@ethereumjs%2ftx 43ms (cache miss)
1631 silly packumentCache full:https://registry.npmjs.org/@ethereumjs%2ftx set size:undefined disposed:false
1632 silly fetch manifest @metamask/scure-bip39@^2.0.3
1633 silly packumentCache full:https://registry.npmjs.org/@metamask%2fscure-bip39 cache-miss
1634 http fetch GET 200 https://registry.npmjs.org/@metamask%2fscure-bip39 113ms (cache miss)
1635 silly packumentCache full:https://registry.npmjs.org/@metamask%2fscure-bip39 set size:undefined disposed:false
1636 silly fetch manifest @metamask/superstruct@^3.1.0
1637 silly packumentCache full:https://registry.npmjs.org/@metamask%2fsuperstruct cache-miss
1638 http fetch GET 200 https://registry.npmjs.org/@metamask%2fsuperstruct 93ms (cache miss)
1639 silly packumentCache full:https://registry.npmjs.org/@metamask%2fsuperstruct set size:undefined disposed:false
1640 silly placeDep ROOT @metamask/onboarding@1.0.1 OK for: @metamask/sdk@0.33.1 want: ^1.0.1
1641 silly placeDep ROOT @metamask/providers@16.1.0 OK for: @metamask/sdk@0.33.1 want: 16.1.0
1642 silly placeDep ROOT @metamask/sdk-analytics@0.0.5 OK for: @metamask/sdk@0.33.1 want: 0.0.5
1643 silly placeDep ROOT @metamask/sdk-communication-layer@0.33.1 OK for: @metamask/sdk@0.33.1 want: 0.33.1
1644 silly placeDep ROOT @metamask/sdk-install-modal-web@0.32.1 OK for: @metamask/sdk@0.33.1 want: 0.32.1
1645 silly placeDep ROOT @paulmillr/qr@0.2.1 OK for: @metamask/sdk@0.33.1 want: ^0.2.1
1646 silly placeDep ROOT bowser@2.14.1 OK for: @metamask/sdk@0.33.1 want: ^2.9.0
1647 silly placeDep node_modules/@metamask/sdk cross-fetch@4.1.0 OK for: @metamask/sdk@0.33.1 want: ^4.0.0
1648 silly placeDep node_modules/@metamask/sdk debug@4.3.4 OK for: @metamask/sdk@0.33.1 want: 4.3.4
1649 silly placeDep ROOT eciesjs@0.4.18 OK for: @metamask/sdk@0.33.1 want: ^0.4.11
1650 silly placeDep ROOT eth-rpc-errors@4.0.3 OK for: @metamask/sdk@0.33.1 want: ^4.0.3
1651 silly placeDep ROOT eventemitter2@6.4.9 OK for: @metamask/sdk@0.33.1 want: ^6.4.9
1652 silly placeDep ROOT obj-multiplex@1.0.0 OK for: @metamask/sdk@0.33.1 want: ^1.0.0
1653 silly placeDep node_modules/@metamask/sdk readable-stream@3.6.2 OK for: @metamask/sdk@0.33.1 want: ^3.6.2
1654 silly placeDep ROOT socket.io-client@4.8.3 OK for: @metamask/sdk@0.33.1 want: ^4.5.1
1655 silly placeDep ROOT util@0.12.5 OK for: @metamask/sdk@0.33.1 want: ^0.12.4
1656 silly placeDep ROOT uuid@8.3.2 OK for: @metamask/sdk@0.33.1 want: ^8.3.2
1657 silly fetch manifest is-stream@^2.0.0
1658 silly packumentCache full:https://registry.npmjs.org/is-stream cache-miss
1659 http fetch GET 200 https://registry.npmjs.org/is-stream 29ms (cache miss)
1660 silly packumentCache full:https://registry.npmjs.org/is-stream set size:undefined disposed:false
1661 silly fetch manifest @metamask/utils@^8.3.0
1662 silly packumentCache full:https://registry.npmjs.org/@metamask%2futils cache-miss
1663 http fetch GET 200 https://registry.npmjs.org/@metamask%2futils 3ms (cache hit)
1664 silly packumentCache full:https://registry.npmjs.org/@metamask%2futils set size:262017 disposed:false
1665 silly fetch manifest @metamask/rpc-errors@^6.2.1
1666 silly packumentCache full:https://registry.npmjs.org/@metamask%2frpc-errors cache-miss
1667 http fetch GET 200 https://registry.npmjs.org/@metamask%2frpc-errors 3ms (cache hit)
1668 silly packumentCache full:https://registry.npmjs.org/@metamask%2frpc-errors set size:61637 disposed:false
1669 silly fetch manifest extension-port-stream@^3.0.0
1670 silly packumentCache full:https://registry.npmjs.org/extension-port-stream cache-miss
1671 http fetch GET 200 https://registry.npmjs.org/extension-port-stream 48ms (cache miss)
1672 silly packumentCache full:https://registry.npmjs.org/extension-port-stream set size:undefined disposed:false
1673 silly fetch manifest webextension-polyfill@^0.10.0
1674 silly packumentCache full:https://registry.npmjs.org/webextension-polyfill cache-miss
1675 http fetch GET 200 https://registry.npmjs.org/webextension-polyfill 33ms (cache miss)
1676 silly packumentCache full:https://registry.npmjs.org/webextension-polyfill set size:undefined disposed:false
1677 silly fetch manifest @metamask/json-rpc-engine@^8.0.1
1678 silly packumentCache full:https://registry.npmjs.org/@metamask%2fjson-rpc-engine cache-miss
1679 http fetch GET 200 https://registry.npmjs.org/@metamask%2fjson-rpc-engine 57ms (cache miss)
1680 silly packumentCache full:https://registry.npmjs.org/@metamask%2fjson-rpc-engine set size:undefined disposed:false
1681 silly fetch manifest @metamask/object-multiplex@^2.0.0
1682 silly packumentCache full:https://registry.npmjs.org/@metamask%2fobject-multiplex cache-miss
1683 http fetch GET 200 https://registry.npmjs.org/@metamask%2fobject-multiplex 48ms (cache miss)
1684 silly packumentCache full:https://registry.npmjs.org/@metamask%2fobject-multiplex set size:undefined disposed:false
1685 silly fetch manifest @metamask/safe-event-emitter@^3.1.1
1686 silly packumentCache full:https://registry.npmjs.org/@metamask%2fsafe-event-emitter cache-miss
1687 http fetch GET 200 https://registry.npmjs.org/@metamask%2fsafe-event-emitter 178ms (cache miss)
1688 silly packumentCache full:https://registry.npmjs.org/@metamask%2fsafe-event-emitter set size:undefined disposed:false
1689 silly fetch manifest @metamask/json-rpc-middleware-stream@^7.0.1
1690 silly packumentCache full:https://registry.npmjs.org/@metamask%2fjson-rpc-middleware-stream cache-miss
1691 http fetch GET 200 https://registry.npmjs.org/@metamask%2fjson-rpc-middleware-stream 55ms (cache miss)
1692 silly packumentCache full:https://registry.npmjs.org/@metamask%2fjson-rpc-middleware-stream set size:undefined disposed:false
1693 silly fetch manifest openapi-fetch@^0.13.5
1694 silly packumentCache full:https://registry.npmjs.org/openapi-fetch cache-miss
1695 http fetch GET 200 https://registry.npmjs.org/openapi-fetch 44ms (cache miss)
1696 silly packumentCache full:https://registry.npmjs.org/openapi-fetch set size:undefined disposed:false
1697 silly fetch manifest date-fns@^2.29.3
1698 silly packumentCache full:https://registry.npmjs.org/date-fns cache-miss
1699 http fetch GET 200 https://registry.npmjs.org/date-fns 324ms (cache miss)
1700 silly packumentCache full:https://registry.npmjs.org/date-fns set size:undefined disposed:false
1701 silly fetch manifest bufferutil@^4.0.8
1702 silly packumentCache full:https://registry.npmjs.org/bufferutil cache-miss
1703 http fetch GET 200 https://registry.npmjs.org/bufferutil 36ms (cache miss)
1704 silly packumentCache full:https://registry.npmjs.org/bufferutil set size:undefined disposed:false
1705 silly fetch manifest utf-8-validate@^5.0.2
1706 silly packumentCache full:https://registry.npmjs.org/utf-8-validate cache-miss
1707 http fetch GET 200 https://registry.npmjs.org/utf-8-validate 30ms (cache miss)
1708 silly packumentCache full:https://registry.npmjs.org/utf-8-validate set size:undefined disposed:false
1709 silly fetch manifest ms@2.1.2
1710 silly packumentCache full:https://registry.npmjs.org/ms cache-miss
1711 http fetch GET 200 https://registry.npmjs.org/ms 31ms (cache miss)
1712 silly packumentCache full:https://registry.npmjs.org/ms set size:undefined disposed:false
1713 silly fetch manifest @noble/curves@^1.9.7
1714 silly packumentCache full:https://registry.npmjs.org/@noble%2fcurves cache-hit
1715 silly fetch manifest @ecies/ciphers@^0.2.5
1716 silly packumentCache full:https://registry.npmjs.org/@ecies%2fciphers cache-miss
1717 http fetch GET 200 https://registry.npmjs.org/@ecies%2fciphers 52ms (cache miss)
1718 silly packumentCache full:https://registry.npmjs.org/@ecies%2fciphers set size:undefined disposed:false
1719 silly fetch manifest readable-stream@^2.3.3
1720 silly packumentCache full:https://registry.npmjs.org/readable-stream cache-hit
1721 silly fetch manifest @socket.io/component-emitter@~3.1.0
1722 silly packumentCache full:https://registry.npmjs.org/@socket.io%2fcomponent-emitter cache-miss
1723 http fetch GET 200 https://registry.npmjs.org/@socket.io%2fcomponent-emitter 44ms (cache miss)
1724 silly packumentCache full:https://registry.npmjs.org/@socket.io%2fcomponent-emitter set size:undefined disposed:false
1725 silly fetch manifest engine.io-client@~6.6.1
1726 silly packumentCache full:https://registry.npmjs.org/engine.io-client cache-miss
1727 http fetch GET 200 https://registry.npmjs.org/engine.io-client 42ms (cache miss)
1728 silly packumentCache full:https://registry.npmjs.org/engine.io-client set size:undefined disposed:false
1729 silly fetch manifest socket.io-parser@~4.2.4
1730 silly packumentCache full:https://registry.npmjs.org/socket.io-parser cache-miss
1731 http fetch GET 200 https://registry.npmjs.org/socket.io-parser 37ms (cache miss)
1732 silly packumentCache full:https://registry.npmjs.org/socket.io-parser set size:undefined disposed:false
1733 silly fetch manifest is-arguments@^1.0.4
1734 silly packumentCache full:https://registry.npmjs.org/is-arguments cache-miss
1735 http fetch GET 200 https://registry.npmjs.org/is-arguments 32ms (cache miss)
1736 silly packumentCache full:https://registry.npmjs.org/is-arguments set size:undefined disposed:false
1737 silly placeDep ROOT @metamask/json-rpc-engine@8.0.2 OK for: @metamask/providers@16.1.0 want: ^8.0.1
1738 silly placeDep ROOT @metamask/json-rpc-middleware-stream@7.0.2 OK for: @metamask/providers@16.1.0 want: ^7.0.1
1739 silly placeDep ROOT @metamask/object-multiplex@2.1.0 OK for: @metamask/providers@16.1.0 want: ^2.0.0
1740 silly placeDep node_modules/@metamask/providers @metamask/rpc-errors@6.4.0 OK for: @metamask/providers@16.1.0 want: ^6.2.1
1741 silly placeDep ROOT @metamask/safe-event-emitter@3.1.3 OK for: @metamask/providers@16.1.0 want: ^3.1.1
1742 silly placeDep node_modules/@metamask/providers @metamask/utils@8.5.0 OK for: @metamask/providers@16.1.0 want: ^8.3.0
1743 silly placeDep ROOT extension-port-stream@3.0.0 OK for: @metamask/providers@16.1.0 want: ^3.0.0
1744 silly placeDep ROOT is-stream@2.0.1 OK for: @metamask/providers@16.1.0 want: ^2.0.0
1745 silly placeDep node_modules/@metamask/providers readable-stream@3.6.2 OK for: @metamask/providers@16.1.0 want: ^3.6.2
1746 silly placeDep ROOT webextension-polyfill@0.10.0 OK for: @metamask/providers@16.1.0 want: ^0.10.0
1747 silly fetch manifest @metamask/safe-event-emitter@^3.0.0
1748 silly packumentCache full:https://registry.npmjs.org/@metamask%2fsafe-event-emitter cache-miss
1749 http fetch GET 200 https://registry.npmjs.org/@metamask%2fsafe-event-emitter 5ms (cache hit)
1750 silly packumentCache full:https://registry.npmjs.org/@metamask%2fsafe-event-emitter set size:20548 disposed:false
1751 silly fetch manifest @metamask/utils@^9.0.0
1752 silly packumentCache full:https://registry.npmjs.org/@metamask%2futils cache-hit
1753 silly fetch manifest @metamask/superstruct@^3.0.0
1754 silly packumentCache full:https://registry.npmjs.org/@metamask%2fsuperstruct cache-miss
1755 http fetch GET 200 https://registry.npmjs.org/@metamask%2fsuperstruct 3ms (cache hit)
1756 silly packumentCache full:https://registry.npmjs.org/@metamask%2fsuperstruct set size:34626 disposed:false
1757 silly fetch manifest webextension-polyfill@>=0.10.0 <1.0
1758 silly packumentCache full:https://registry.npmjs.org/webextension-polyfill cache-miss
1759 http fetch GET 200 https://registry.npmjs.org/webextension-polyfill 3ms (cache hit)
1760 silly packumentCache full:https://registry.npmjs.org/webextension-polyfill set size:67102 disposed:false
1761 silly placeDep node_modules/@metamask/json-rpc-engine @metamask/rpc-errors@6.4.0 OK for: @metamask/json-rpc-engine@8.0.2 want: ^6.2.1
1762 silly placeDep node_modules/@metamask/json-rpc-engine @metamask/utils@8.5.0 OK for: @metamask/json-rpc-engine@8.0.2 want: ^8.3.0
1763 silly placeDep node_modules/@metamask/json-rpc-middleware-stream @metamask/utils@8.5.0 OK for: @metamask/json-rpc-middleware-stream@7.0.2 want: ^8.3.0
1764 silly placeDep node_modules/@metamask/json-rpc-middleware-stream readable-stream@3.6.2 OK for: @metamask/json-rpc-middleware-stream@7.0.2 want: ^3.6.2
1765 silly placeDep node_modules/@metamask/object-multiplex readable-stream@3.6.2 OK for: @metamask/object-multiplex@2.1.0 want: ^3.6.2
1766 silly placeDep ROOT openapi-fetch@0.13.8 OK for: @metamask/sdk-analytics@0.0.5 want: ^0.13.5
1767 silly fetch manifest openapi-typescript-helpers@^0.0.15
1768 silly packumentCache full:https://registry.npmjs.org/openapi-typescript-helpers cache-miss
1769 http fetch GET 200 https://registry.npmjs.org/openapi-typescript-helpers 27ms (cache miss)
1770 silly packumentCache full:https://registry.npmjs.org/openapi-typescript-helpers set size:undefined disposed:false
1771 silly placeDep ROOT bufferutil@4.1.0 OK for: @metamask/sdk-communication-layer@0.33.1 want: ^4.0.8
1772 silly placeDep ROOT date-fns@2.30.0 OK for: @metamask/sdk-communication-layer@0.33.1 want: ^2.29.3
1773 silly placeDep node_modules/@metamask/sdk-communication-layer debug@4.3.4 OK for: @metamask/sdk-communication-layer@0.33.1 want: 4.3.4
1774 silly placeDep ROOT utf-8-validate@5.0.10 OK for: @metamask/sdk-communication-layer@0.33.1 want: ^5.0.2
1775 silly fetch manifest node-gyp-build@^4.3.0
1776 silly packumentCache full:https://registry.npmjs.org/node-gyp-build cache-miss
1777 http fetch GET 200 https://registry.npmjs.org/node-gyp-build 37ms (cache miss)
1778 silly packumentCache full:https://registry.npmjs.org/node-gyp-build set size:undefined disposed:false
1779 silly placeDep ROOT @ethereumjs/tx@4.2.0 OK for: @metamask/utils@11.12.1 want: ^4.2.0
1780 silly placeDep ROOT @metamask/scure-bip39@2.1.1 OK for: @metamask/utils@11.12.1 want: ^2.0.3
1781 silly placeDep ROOT @metamask/superstruct@3.4.1 OK for: @metamask/utils@11.12.1 want: ^3.1.0
1782 silly placeDep ROOT @types/debug@4.1.13 OK for: @metamask/utils@11.12.1 want: ^4.1.7
1783 silly placeDep ROOT @types/lodash@4.17.25 OK for: @metamask/utils@11.12.1 want: ^4.17.20
1784 silly placeDep ROOT lodash@4.18.1 OK for: @metamask/utils@11.12.1 want: ^4.17.21
1785 silly placeDep ROOT pony-cause@2.1.11 OK for: @metamask/utils@11.12.1 want: ^2.1.10
1786 silly placeDep node_modules/@metamask/utils uuid@9.0.1 OK for: @metamask/utils@11.12.1 want: ^9.0.1
1787 silly fetch manifest @ethereumjs/rlp@^4.0.1
1788 silly packumentCache full:https://registry.npmjs.org/@ethereumjs%2frlp cache-miss
1789 http fetch GET 200 https://registry.npmjs.org/@ethereumjs%2frlp 51ms (cache miss)
1790 silly packumentCache full:https://registry.npmjs.org/@ethereumjs%2frlp set size:undefined disposed:false
1791 silly fetch manifest @ethereumjs/util@^8.1.0
1792 silly packumentCache full:https://registry.npmjs.org/@ethereumjs%2futil cache-miss
1793 http fetch GET 200 https://registry.npmjs.org/@ethereumjs%2futil 65ms (cache miss)
1794 silly packumentCache full:https://registry.npmjs.org/@ethereumjs%2futil set size:undefined disposed:false
1795 silly fetch manifest @ethereumjs/common@^3.2.0
1796 silly packumentCache full:https://registry.npmjs.org/@ethereumjs%2fcommon cache-miss
1797 http fetch GET 200 https://registry.npmjs.org/@ethereumjs%2fcommon 78ms (cache miss)
1798 silly packumentCache full:https://registry.npmjs.org/@ethereumjs%2fcommon set size:undefined disposed:false
1799 silly fetch manifest ethereum-cryptography@^2.0.0
1800 silly packumentCache full:https://registry.npmjs.org/ethereum-cryptography cache-miss
1801 http fetch GET 200 https://registry.npmjs.org/ethereum-cryptography 42ms (cache miss)
1802 silly packumentCache full:https://registry.npmjs.org/ethereum-cryptography set size:undefined disposed:false
1803 silly fetch manifest @scure/base@~1.1.3
1804 silly packumentCache full:https://registry.npmjs.org/@scure%2fbase cache-miss
1805 http fetch GET 200 https://registry.npmjs.org/@scure%2fbase 79ms (cache miss)
1806 silly packumentCache full:https://registry.npmjs.org/@scure%2fbase set size:undefined disposed:false
1807 silly fetch manifest @noble/hashes@~1.3.2
1808 silly packumentCache full:https://registry.npmjs.org/@noble%2fhashes cache-hit
1809 silly fetch manifest @types/ms@*
1810 silly packumentCache full:https://registry.npmjs.org/@types%2fms cache-miss
1811 http fetch GET 200 https://registry.npmjs.org/@types%2fms 58ms (cache miss)
1812 silly packumentCache full:https://registry.npmjs.org/@types%2fms set size:undefined disposed:false
1813 silly placeDep ROOT @ethereumjs/common@3.2.0 OK for: @ethereumjs/tx@4.2.0 want: ^3.2.0
1814 silly placeDep ROOT @ethereumjs/rlp@4.0.1 OK for: @ethereumjs/tx@4.2.0 want: ^4.0.1
1815 silly placeDep ROOT @ethereumjs/util@8.1.0 OK for: @ethereumjs/tx@4.2.0 want: ^8.1.0
1816 silly placeDep ROOT ethereum-cryptography@2.2.1 OK for: @ethereumjs/tx@4.2.0 want: ^2.0.0
1817 silly fetch manifest crc-32@^1.2.0
1818 silly packumentCache full:https://registry.npmjs.org/crc-32 cache-miss
1819 http fetch GET 200 https://registry.npmjs.org/crc-32 38ms (cache miss)
1820 silly packumentCache full:https://registry.npmjs.org/crc-32 set size:undefined disposed:false
1821 silly fetch manifest micro-ftch@^0.3.1
1822 silly packumentCache full:https://registry.npmjs.org/micro-ftch cache-miss
1823 http fetch GET 200 https://registry.npmjs.org/micro-ftch 43ms (cache miss)
1824 silly packumentCache full:https://registry.npmjs.org/micro-ftch set size:undefined disposed:false
1825 silly fetch manifest @scure/bip32@1.4.0
1826 silly packumentCache full:https://registry.npmjs.org/@scure%2fbip32 cache-miss
1827 http fetch GET 200 https://registry.npmjs.org/@scure%2fbip32 64ms (cache miss)
1828 silly packumentCache full:https://registry.npmjs.org/@scure%2fbip32 set size:undefined disposed:false
1829 silly fetch manifest @scure/bip39@1.3.0
1830 silly packumentCache full:https://registry.npmjs.org/@scure%2fbip39 cache-miss
1831 http fetch GET 200 https://registry.npmjs.org/@scure%2fbip39 110ms (cache miss)
1832 silly packumentCache full:https://registry.npmjs.org/@scure%2fbip39 set size:undefined disposed:false
1833 silly fetch manifest @noble/curves@1.4.2
1834 silly packumentCache full:https://registry.npmjs.org/@noble%2fcurves cache-hit
1835 silly placeDep ROOT crc-32@1.2.2 OK for: @ethereumjs/common@3.2.0 want: ^1.2.0
1836 silly placeDep ROOT micro-ftch@0.3.1 OK for: @ethereumjs/util@8.1.0 want: ^0.3.1
1837 silly placeDep node_modules/@metamask/scure-bip39 @noble/hashes@1.3.3 OK for: @metamask/scure-bip39@2.1.1 want: ~1.3.2
1838 silly placeDep node_modules/@metamask/scure-bip39 @scure/base@1.1.9 OK for: @metamask/scure-bip39@2.1.1 want: ~1.1.3
1839 silly placeDep ROOT @safe-global/safe-gateway-typescript-sdk@3.23.1 OK for: @safe-global/safe-apps-sdk@9.1.0 want: ^3.5.3
1840 silly placeDep ROOT @types/ms@2.1.0 OK for: @types/debug@4.1.13 want: *
1841 silly placeDep node_modules/@wagmi/core zustand@5.0.0 OK for: @wagmi/core@2.22.1 want: 5.0.0
1842 silly placeDep ROOT node-gyp-build@4.8.4 OK for: bufferutil@4.1.0 want: ^4.3.0
1843 silly placeDep ROOT bn.js@5.2.5 OK for: @coinbase/wallet-sdk@3.9.3 want: ^5.2.1
1844 silly placeDep ROOT eth-block-tracker@7.1.0 OK for: @coinbase/wallet-sdk@3.9.3 want: ^7.1.0
1845 silly placeDep ROOT eth-json-rpc-filters@6.0.1 OK for: @coinbase/wallet-sdk@3.9.3 want: ^6.0.0
1846 silly placeDep ROOT keccak@3.0.4 OK for: @coinbase/wallet-sdk@3.9.3 want: ^3.0.3
1847 silly placeDep ROOT sha.js@2.4.12 OK for: @coinbase/wallet-sdk@3.9.3 want: ^2.4.11
1848 silly fetch manifest pify@^3.0.0
1849 silly packumentCache full:https://registry.npmjs.org/pify cache-miss
1850 http fetch GET 200 https://registry.npmjs.org/pify 44ms (cache miss)
1851 silly packumentCache full:https://registry.npmjs.org/pify set size:undefined disposed:false
1852 silly fetch manifest @metamask/utils@^5.0.1
1853 silly packumentCache full:https://registry.npmjs.org/@metamask%2futils cache-hit
1854 silly fetch manifest json-rpc-random-id@^1.0.1
1855 silly packumentCache full:https://registry.npmjs.org/json-rpc-random-id cache-miss
1856 http fetch GET 200 https://registry.npmjs.org/json-rpc-random-id 43ms (cache miss)
1857 silly packumentCache full:https://registry.npmjs.org/json-rpc-random-id set size:undefined disposed:false
1858 silly fetch manifest @metamask/eth-json-rpc-provider@^1.0.0
1859 silly packumentCache full:https://registry.npmjs.org/@metamask%2feth-json-rpc-provider cache-miss
1860 http fetch GET 200 https://registry.npmjs.org/@metamask%2feth-json-rpc-provider 56ms (cache miss)
1861 silly packumentCache full:https://registry.npmjs.org/@metamask%2feth-json-rpc-provider set size:undefined disposed:false
1862 silly fetch manifest pify@^5.0.0
1863 silly packumentCache full:https://registry.npmjs.org/pify cache-miss
1864 http fetch GET 200 https://registry.npmjs.org/pify 2ms (cache hit)
1865 silly packumentCache full:https://registry.npmjs.org/pify set size:33583 disposed:false
1866 silly fetch manifest eth-query@^2.1.2
1867 silly packumentCache full:https://registry.npmjs.org/eth-query cache-miss
1868 http fetch GET 200 https://registry.npmjs.org/eth-query 32ms (cache miss)
1869 silly packumentCache full:https://registry.npmjs.org/eth-query set size:undefined disposed:false
1870 silly fetch manifest async-mutex@^0.2.6
1871 silly packumentCache full:https://registry.npmjs.org/async-mutex cache-miss
1872 http fetch GET 200 https://registry.npmjs.org/async-mutex 38ms (cache miss)
1873 silly packumentCache full:https://registry.npmjs.org/async-mutex set size:undefined disposed:false
1874 silly fetch manifest json-rpc-engine@^6.1.0
1875 silly packumentCache full:https://registry.npmjs.org/json-rpc-engine cache-miss
1876 http fetch GET 200 https://registry.npmjs.org/json-rpc-engine 32ms (cache miss)
1877 silly packumentCache full:https://registry.npmjs.org/json-rpc-engine set size:undefined disposed:false
1878 silly fetch manifest node-addon-api@^2.0.0
1879 silly packumentCache full:https://registry.npmjs.org/node-addon-api cache-miss
1880 http fetch GET 200 https://registry.npmjs.org/node-addon-api 41ms (cache miss)
1881 silly packumentCache full:https://registry.npmjs.org/node-addon-api set size:undefined disposed:false
1882 silly fetch manifest readable-stream@^3.6.0
1883 silly packumentCache full:https://registry.npmjs.org/readable-stream cache-hit
1884 silly fetch manifest to-buffer@^1.2.0
1885 silly packumentCache full:https://registry.npmjs.org/to-buffer cache-miss
1886 http fetch GET 200 https://registry.npmjs.org/to-buffer 54ms (cache miss)
1887 silly packumentCache full:https://registry.npmjs.org/to-buffer set size:undefined disposed:false
1888 silly placeDep ROOT @ecies/ciphers@0.2.6 OK for: eciesjs@0.4.18 want: ^0.2.5
1889 silly placeDep node_modules/eciesjs @noble/curves@1.9.7 OK for: eciesjs@0.4.18 want: ^1.9.7
1890 silly placeDep ROOT @metamask/eth-json-rpc-provider@1.0.1 OK for: eth-block-tracker@7.1.0 want: ^1.0.0
1891 silly placeDep node_modules/eth-block-tracker @metamask/utils@5.0.2 OK for: eth-block-tracker@7.1.0 want: ^5.0.1
1892 silly placeDep ROOT json-rpc-random-id@1.0.1 OK for: eth-block-tracker@7.1.0 want: ^1.0.1
1893 silly placeDep ROOT pify@3.0.0 OK for: eth-block-tracker@7.1.0 want: ^3.0.0
1894 silly fetch manifest @metamask/json-rpc-engine@^7.0.0
1895 silly packumentCache full:https://registry.npmjs.org/@metamask%2fjson-rpc-engine cache-miss
1896 http fetch GET 200 https://registry.npmjs.org/@metamask%2fjson-rpc-engine 2ms (cache hit)
1897 silly packumentCache full:https://registry.npmjs.org/@metamask%2fjson-rpc-engine set size:116334 disposed:false
1898 silly fetch manifest superstruct@^1.0.3
1899 silly packumentCache full:https://registry.npmjs.org/superstruct cache-miss
1900 http fetch GET 200 https://registry.npmjs.org/superstruct 45ms (cache miss)
1901 silly packumentCache full:https://registry.npmjs.org/superstruct set size:undefined disposed:false
1902 silly placeDep node_modules/@metamask/eth-json-rpc-provider @metamask/json-rpc-engine@7.3.3 OK for: @metamask/eth-json-rpc-provider@1.0.1 want: ^7.0.0
1903 silly placeDep node_modules/@metamask/eth-json-rpc-provider @metamask/utils@5.0.2 OK for: @metamask/eth-json-rpc-provider@1.0.1 want: ^5.0.1
1904 silly placeDep ROOT async-mutex@0.2.6 OK for: eth-json-rpc-filters@6.0.1 want: ^0.2.6
1905 silly placeDep ROOT eth-query@2.1.2 OK for: eth-json-rpc-filters@6.0.1 want: ^2.1.2
1906 silly placeDep ROOT json-rpc-engine@6.1.0 OK for: eth-json-rpc-filters@6.0.1 want: ^6.1.0
1907 silly placeDep node_modules/eth-json-rpc-filters pify@5.0.0 OK for: eth-json-rpc-filters@6.0.1 want: ^5.0.0
1908 silly fetch manifest xtend@^4.0.1
1909 silly packumentCache full:https://registry.npmjs.org/xtend cache-miss
1910 http fetch GET 200 https://registry.npmjs.org/xtend 35ms (cache miss)
1911 silly packumentCache full:https://registry.npmjs.org/xtend set size:undefined disposed:false
1912 silly fetch manifest @metamask/safe-event-emitter@^2.0.0
1913 silly packumentCache full:https://registry.npmjs.org/@metamask%2fsafe-event-emitter cache-hit
1914 silly placeDep ROOT xtend@4.0.2 OK for: eth-query@2.1.2 want: ^4.0.1
1915 silly placeDep node_modules/ethereum-cryptography @noble/curves@1.4.2 OK for: ethereum-cryptography@2.2.1 want: 1.4.2
1916 silly placeDep node_modules/ethereum-cryptography @noble/hashes@1.4.0 OK for: ethereum-cryptography@2.2.1 want: 1.4.0
1917 silly placeDep node_modules/ethereum-cryptography @scure/bip32@1.4.0 OK for: ethereum-cryptography@2.2.1 want: 1.4.0
1918 silly placeDep node_modules/ethereum-cryptography @scure/bip39@1.3.0 OK for: ethereum-cryptography@2.2.1 want: 1.3.0
1919 silly fetch manifest @scure/base@~1.1.6
1920 silly packumentCache full:https://registry.npmjs.org/@scure%2fbase cache-miss
1921 http fetch GET 200 https://registry.npmjs.org/@scure%2fbase 3ms (cache hit)
1922 silly packumentCache full:https://registry.npmjs.org/@scure%2fbase set size:73747 disposed:false
1923 silly placeDep node_modules/json-rpc-engine @metamask/safe-event-emitter@2.0.0 OK for: json-rpc-engine@6.1.0 want: ^2.0.0
1924 silly placeDep ROOT node-addon-api@2.0.2 OK for: keccak@3.0.4 want: ^2.0.0
1925 silly placeDep node_modules/keccak readable-stream@3.6.2 OK for: keccak@3.0.4 want: ^3.6.0
1926 silly placeDep node_modules/obj-multiplex readable-stream@2.3.8 OK for: obj-multiplex@1.0.0 want: ^2.3.3
1927 silly fetch manifest isarray@~1.0.0
1928 silly packumentCache full:https://registry.npmjs.org/isarray cache-miss
1929 http fetch GET 200 https://registry.npmjs.org/isarray 30ms (cache miss)
1930 silly packumentCache full:https://registry.npmjs.org/isarray set size:undefined disposed:false
1931 silly fetch manifest safe-buffer@~5.1.1
1932 silly packumentCache full:https://registry.npmjs.org/safe-buffer cache-miss
1933 http fetch GET 200 https://registry.npmjs.org/safe-buffer 3ms (cache hit)
1934 silly packumentCache full:https://registry.npmjs.org/safe-buffer set size:41183 disposed:false
1935 silly fetch manifest core-util-is@~1.0.0
1936 silly packumentCache full:https://registry.npmjs.org/core-util-is cache-miss
1937 http fetch GET 200 https://registry.npmjs.org/core-util-is 28ms (cache miss)
1938 silly packumentCache full:https://registry.npmjs.org/core-util-is set size:undefined disposed:false
1939 silly fetch manifest string_decoder@~1.1.1
1940 silly packumentCache full:https://registry.npmjs.org/string_decoder cache-miss
1941 http fetch GET 200 https://registry.npmjs.org/string_decoder 5ms (cache hit)
1942 silly packumentCache full:https://registry.npmjs.org/string_decoder set size:28441 disposed:false
1943 silly fetch manifest process-nextick-args@~2.0.0
1944 silly packumentCache full:https://registry.npmjs.org/process-nextick-args cache-miss
1945 http fetch GET 200 https://registry.npmjs.org/process-nextick-args 28ms (cache miss)
1946 silly packumentCache full:https://registry.npmjs.org/process-nextick-args set size:undefined disposed:false
1947 silly placeDep ROOT openapi-typescript-helpers@0.0.15 OK for: openapi-fetch@0.13.8 want: ^0.0.15
1948 silly placeDep ROOT hono@4.13.8 OK for: porto@0.2.35 want: ^4.10.3
1949 silly placeDep node_modules/porto ox@0.9.17 OK for: porto@0.2.35 want: ^0.9.6
1950 silly placeDep node_modules/porto zod@4.6.5 OK for: porto@0.2.35 want: ^4.1.5
1951 silly placeDep ROOT to-buffer@1.2.2 OK for: sha.js@2.4.12 want: ^1.2.0
1952 silly placeDep ROOT @socket.io/component-emitter@3.1.2 OK for: socket.io-client@4.8.3 want: ~3.1.0
1953 silly placeDep ROOT engine.io-client@6.6.6 OK for: socket.io-client@4.8.3 want: ~6.6.1
1954 silly placeDep ROOT socket.io-parser@4.2.7 OK for: socket.io-client@4.8.3 want: ~4.2.4
1955 silly fetch manifest engine.io-parser@~5.2.1
1956 silly packumentCache full:https://registry.npmjs.org/engine.io-parser cache-miss
1957 http fetch GET 200 https://registry.npmjs.org/engine.io-parser 42ms (cache miss)
1958 silly packumentCache full:https://registry.npmjs.org/engine.io-parser set size:undefined disposed:false
1959 silly fetch manifest xmlhttprequest-ssl@~2.1.1
1960 silly packumentCache full:https://registry.npmjs.org/xmlhttprequest-ssl cache-miss
1961 http fetch GET 200 https://registry.npmjs.org/xmlhttprequest-ssl 35ms (cache miss)
1962 silly packumentCache full:https://registry.npmjs.org/xmlhttprequest-ssl set size:undefined disposed:false
1963 silly placeDep ROOT engine.io-parser@5.2.3 OK for: engine.io-client@6.6.6 want: ~5.2.1
1964 silly placeDep ROOT xmlhttprequest-ssl@2.1.2 OK for: engine.io-client@6.6.6 want: ~2.1.1
1965 silly placeDep ROOT is-arguments@1.2.0 OK for: util@0.12.5 want: ^1.0.4
1966 silly placeDep ROOT cliui@6.0.0 OK for: yargs@15.4.1 want: ^6.0.0
1967 silly placeDep ROOT decamelize@1.2.0 OK for: yargs@15.4.1 want: ^1.2.0
1968 silly placeDep node_modules/yargs find-up@4.1.0 OK for: yargs@15.4.1 want: ^4.1.0
1969 silly placeDep ROOT get-caller-file@2.0.5 OK for: yargs@15.4.1 want: ^2.0.1
1970 silly placeDep ROOT require-directory@2.1.1 OK for: yargs@15.4.1 want: ^2.1.1
1971 silly placeDep ROOT require-main-filename@2.0.0 OK for: yargs@15.4.1 want: ^2.0.0
1972 silly placeDep ROOT set-blocking@2.0.0 OK for: yargs@15.4.1 want: ^2.0.0
1973 silly placeDep ROOT string-width@4.2.3 OK for: yargs@15.4.1 want: ^4.2.0
1974 silly placeDep ROOT which-module@2.0.1 OK for: yargs@15.4.1 want: ^2.0.0
1975 silly placeDep ROOT y18n@4.0.3 OK for: yargs@15.4.1 want: ^4.0.0
1976 silly placeDep ROOT yargs-parser@18.1.3 OK for: yargs@15.4.1 want: ^18.1.2
1977 silly fetch manifest wrap-ansi@^6.2.0
1978 silly packumentCache full:https://registry.npmjs.org/wrap-ansi cache-miss
1979 http fetch GET 200 https://registry.npmjs.org/wrap-ansi 30ms (cache miss)
1980 silly packumentCache full:https://registry.npmjs.org/wrap-ansi set size:undefined disposed:false
1981 silly fetch manifest locate-path@^5.0.0
1982 silly packumentCache full:https://registry.npmjs.org/locate-path cache-miss
1983 http fetch GET 200 https://registry.npmjs.org/locate-path 29ms (cache miss)
1984 silly packumentCache full:https://registry.npmjs.org/locate-path set size:undefined disposed:false
1985 silly fetch manifest emoji-regex@^8.0.0
1986 silly packumentCache full:https://registry.npmjs.org/emoji-regex cache-miss
1987 http fetch GET 200 https://registry.npmjs.org/emoji-regex 31ms (cache miss)
1988 silly packumentCache full:https://registry.npmjs.org/emoji-regex set size:undefined disposed:false
1989 silly fetch manifest is-fullwidth-code-point@^3.0.0
1990 silly packumentCache full:https://registry.npmjs.org/is-fullwidth-code-point cache-miss
1991 http fetch GET 200 https://registry.npmjs.org/is-fullwidth-code-point 28ms (cache miss)
1992 silly packumentCache full:https://registry.npmjs.org/is-fullwidth-code-point set size:undefined disposed:false
1993 silly fetch manifest camelcase@^5.0.0
1994 silly packumentCache full:https://registry.npmjs.org/camelcase cache-miss
1995 http fetch GET 200 https://registry.npmjs.org/camelcase 29ms (cache miss)
1996 silly packumentCache full:https://registry.npmjs.org/camelcase set size:undefined disposed:false
1997 silly placeDep ROOT wrap-ansi@6.2.0 OK for: cliui@6.0.0 want: ^6.2.0
1998 silly placeDep node_modules/string-width emoji-regex@8.0.0 OK for: string-width@4.2.3 want: ^8.0.0
1999 silly placeDep ROOT is-fullwidth-code-point@3.0.0 OK for: string-width@4.2.3 want: ^3.0.0
2000 silly placeDep ROOT camelcase@5.3.1 OK for: yargs-parser@18.1.3 want: ^5.0.0
2001 silly placeDep node_modules/@base-org/account/node_modules/ox @noble/hashes@1.8.0 OK for: ox@0.6.9 want: ^1.5.0
2002 silly placeDep node_modules/@metamask/eth-json-rpc-provider @metamask/rpc-errors@6.4.0 OK for: @metamask/json-rpc-engine@7.3.3 want: ^6.2.1
2003 silly placeDep node_modules/@metamask/eth-json-rpc-provider/node_modules/@metamask/json-rpc-engine @metamask/utils@8.5.0 OK for: @metamask/json-rpc-engine@7.3.3 want: ^8.3.0
2004 silly placeDep node_modules/@metamask/eth-json-rpc-provider/node_modules/@metamask/rpc-errors @metamask/utils@9.3.0 OK for: @metamask/rpc-errors@6.4.0 want: ^9.0.0
2005 silly placeDep ROOT superstruct@1.0.4 OK for: @metamask/utils@5.0.2 want: ^1.0.3
2006 silly placeDep node_modules/@metamask/json-rpc-engine/node_modules/@metamask/rpc-errors @metamask/utils@9.3.0 OK for: @metamask/rpc-errors@6.4.0 want: ^9.0.0
2007 silly placeDep node_modules/@metamask/json-rpc-engine uuid@9.0.1 OK for: @metamask/utils@8.5.0 want: ^9.0.1
2008 silly placeDep node_modules/@metamask/json-rpc-middleware-stream uuid@9.0.1 OK for: @metamask/utils@8.5.0 want: ^9.0.1
2009 silly placeDep node_modules/@metamask/providers/node_modules/@metamask/rpc-errors @metamask/utils@9.3.0 OK for: @metamask/rpc-errors@6.4.0 want: ^9.0.0
2010 silly placeDep node_modules/@metamask/providers uuid@9.0.1 OK for: @metamask/utils@8.5.0 want: ^9.0.1
2011 silly placeDep node_modules/@metamask/sdk-communication-layer ms@2.1.2 OK for: debug@4.3.4 want: 2.1.2
2012 silly placeDep node_modules/@metamask/sdk ms@2.1.2 OK for: debug@4.3.4 want: 2.1.2
2013 silly placeDep node_modules/@privy-io/are-addresses-equal ox@0.14.34 OK for: viem@2.56.0 want: 0.14.34
2014 silly placeDep node_modules/@privy-io/react-auth ox@0.14.34 OK for: viem@2.56.0 want: 0.14.34
2015 silly placeDep node_modules/@reown/appkit-controllers @walletconnect/logger@2.1.2 OK for: @walletconnect/universal-provider@2.21.9 want: 2.1.2
2016 silly placeDep node_modules/@reown/appkit-controllers @walletconnect/sign-client@2.21.9 OK for: @walletconnect/universal-provider@2.21.9 want: 2.21.9
2017 silly placeDep node_modules/@reown/appkit-controllers @walletconnect/types@2.21.9 OK for: @walletconnect/universal-provider@2.21.9 want: 2.21.9
2018 silly placeDep node_modules/@reown/appkit-controllers @walletconnect/utils@2.21.9 OK for: @walletconnect/universal-provider@2.21.9 want: 2.21.9
2019 silly fetch manifest @walletconnect/core@2.21.9
2020 silly packumentCache full:https://registry.npmjs.org/@walletconnect%2fcore cache-miss
2021 http fetch GET 200 https://registry.npmjs.org/@walletconnect%2fcore 6ms (cache hit)
2022 silly packumentCache full:https://registry.npmjs.org/@walletconnect%2fcore set size:2493534 disposed:false
2023 silly fetch manifest viem@2.36.0
2024 silly packumentCache full:https://registry.npmjs.org/viem cache-miss
2025 http fetch GET 200 https://registry.npmjs.org/viem 26ms (cache hit)
2026 silly packumentCache full:https://registry.npmjs.org/viem set size:11117850 disposed:false
2027 silly placeDep node_modules/@reown/appkit-controllers pino@7.11.0 OK for: @walletconnect/logger@2.1.2 want: 7.11.0
2028 silly fetch manifest sonic-boom@^2.2.1
2029 silly packumentCache full:https://registry.npmjs.org/sonic-boom cache-hit
2030 silly fetch manifest fast-redact@^3.0.0
2031 silly packumentCache full:https://registry.npmjs.org/fast-redact cache-miss
2032 http fetch GET 200 https://registry.npmjs.org/fast-redact 34ms (cache miss)
2033 silly packumentCache full:https://registry.npmjs.org/fast-redact set size:undefined disposed:false
2034 silly fetch manifest real-require@^0.1.0
2035 silly packumentCache full:https://registry.npmjs.org/real-require cache-miss
2036 http fetch GET 200 https://registry.npmjs.org/real-require 3ms (cache hit)
2037 silly packumentCache full:https://registry.npmjs.org/real-require set size:10846 disposed:false
2038 silly fetch manifest thread-stream@^0.15.1
2039 silly packumentCache full:https://registry.npmjs.org/thread-stream cache-miss
2040 http fetch GET 200 https://registry.npmjs.org/thread-stream 3ms (cache hit)
2041 silly packumentCache full:https://registry.npmjs.org/thread-stream set size:131270 disposed:false
2042 silly fetch manifest process-warning@^1.0.0
2043 silly packumentCache full:https://registry.npmjs.org/process-warning cache-miss
2044 http fetch GET 200 https://registry.npmjs.org/process-warning 3ms (cache hit)
2045 silly packumentCache full:https://registry.npmjs.org/process-warning set size:36826 disposed:false
2046 silly fetch manifest on-exit-leak-free@^0.2.0
2047 silly packumentCache full:https://registry.npmjs.org/on-exit-leak-free cache-miss
2048 http fetch GET 200 https://registry.npmjs.org/on-exit-leak-free 3ms (cache hit)
2049 silly packumentCache full:https://registry.npmjs.org/on-exit-leak-free set size:18719 disposed:false
2050 silly fetch manifest pino-std-serializers@^4.0.0
2051 silly packumentCache full:https://registry.npmjs.org/pino-std-serializers cache-miss
2052 http fetch GET 200 https://registry.npmjs.org/pino-std-serializers 2ms (cache hit)
2053 silly packumentCache full:https://registry.npmjs.org/pino-std-serializers set size:96138 disposed:false
2054 silly fetch manifest pino-abstract-transport@v0.5.0
2055 silly packumentCache full:https://registry.npmjs.org/pino-abstract-transport cache-hit
2056 silly placeDep node_modules/@reown/appkit-controllers @walletconnect/core@2.21.9 OK for: @walletconnect/sign-client@2.21.9 want: 2.21.9
2057 silly placeDep node_modules/@reown/appkit-controllers @noble/curves@1.9.7 OK for: @walletconnect/utils@2.21.9 want: 1.9.7
2058 silly placeDep node_modules/@reown/appkit-controllers/node_modules/@walletconnect/utils viem@2.36.0 OK for: @walletconnect/utils@2.21.9 want: 2.36.0
2059 silly fetch manifest ox@0.9.1
2060 silly packumentCache full:https://registry.npmjs.org/ox cache-miss
2061 http fetch GET 200 https://registry.npmjs.org/ox 16ms (cache hit)
2062 silly packumentCache full:https://registry.npmjs.org/ox set size:6517397 disposed:false
2063 silly fetch manifest ws@8.18.3
2064 silly packumentCache full:https://registry.npmjs.org/ws cache-miss
2065 http fetch GET 200 https://registry.npmjs.org/ws 10ms (cache hit)
2066 silly packumentCache full:https://registry.npmjs.org/ws set size:447661 disposed:false
2067 silly fetch manifest abitype@1.0.8
2068 silly packumentCache full:https://registry.npmjs.org/abitype cache-miss
2069 http fetch GET 200 https://registry.npmjs.org/abitype 42ms (cache miss)
2070 silly packumentCache full:https://registry.npmjs.org/abitype set size:undefined disposed:false
2071 silly fetch manifest @noble/curves@1.9.6
2072 silly packumentCache full:https://registry.npmjs.org/@noble%2fcurves cache-hit
2073 silly placeDep ROOT fast-redact@3.5.0 OK for: pino@7.11.0 want: ^3.0.0
2074 silly placeDep node_modules/@reown/appkit-controllers on-exit-leak-free@0.2.0 OK for: pino@7.11.0 want: ^0.2.0
2075 silly placeDep node_modules/@reown/appkit-controllers pino-abstract-transport@0.5.0 OK for: pino@7.11.0 want: v0.5.0
2076 silly placeDep node_modules/@reown/appkit-controllers pino-std-serializers@4.0.0 OK for: pino@7.11.0 want: ^4.0.0
2077 silly placeDep node_modules/@reown/appkit-controllers process-warning@1.0.0 OK for: pino@7.11.0 want: ^1.0.0
2078 silly placeDep node_modules/@reown/appkit-controllers real-require@0.1.0 OK for: pino@7.11.0 want: ^0.1.0
2079 silly placeDep node_modules/@reown/appkit-controllers sonic-boom@2.8.0 OK for: pino@7.11.0 want: ^2.2.1
2080 silly placeDep node_modules/@reown/appkit-controllers thread-stream@0.15.2 OK for: pino@7.11.0 want: ^0.15.1
2081 silly fetch manifest duplexify@^4.1.2
2082 silly packumentCache full:https://registry.npmjs.org/duplexify cache-miss
2083 http fetch GET 200 https://registry.npmjs.org/duplexify 28ms (cache miss)
2084 silly packumentCache full:https://registry.npmjs.org/duplexify set size:undefined disposed:false
2085 silly placeDep ROOT duplexify@4.1.3 OK for: pino-abstract-transport@0.5.0 want: ^4.1.2
2086 silly fetch manifest readable-stream@^3.1.1
2087 silly packumentCache full:https://registry.npmjs.org/readable-stream cache-hit
2088 silly fetch manifest stream-shift@^1.0.2
2089 silly packumentCache full:https://registry.npmjs.org/stream-shift cache-miss
2090 http fetch GET 200 https://registry.npmjs.org/stream-shift 29ms (cache miss)
2091 silly packumentCache full:https://registry.npmjs.org/stream-shift set size:undefined disposed:false
2092 silly placeDep node_modules/duplexify readable-stream@3.6.2 OK for: duplexify@4.1.3 want: ^3.1.1
2093 silly placeDep ROOT stream-shift@1.0.3 OK for: duplexify@4.1.3 want: ^1.0.2
2094 silly placeDep ROOT encode-utf8@1.0.3 OK for: qrcode@1.5.3 want: ^1.0.3
2095 silly placeDep node_modules/@reown/appkit-utils pino@7.11.0 OK for: @walletconnect/logger@2.1.2 want: 7.11.0
2096 silly placeDep node_modules/@reown/appkit-utils @walletconnect/sign-client@2.21.9 OK for: @walletconnect/universal-provider@2.21.9 want: 2.21.9
2097 silly placeDep node_modules/@reown/appkit-utils @walletconnect/types@2.21.9 OK for: @walletconnect/universal-provider@2.21.9 want: 2.21.9
2098 silly placeDep node_modules/@reown/appkit-utils @walletconnect/utils@2.21.9 OK for: @walletconnect/universal-provider@2.21.9 want: 2.21.9
2099 silly placeDep node_modules/@reown/appkit-utils @walletconnect/core@2.21.9 OK for: @walletconnect/sign-client@2.21.9 want: 2.21.9
2100 silly placeDep node_modules/@reown/appkit-utils @noble/curves@1.9.7 OK for: @walletconnect/utils@2.21.9 want: 1.9.7
2101 silly placeDep node_modules/@reown/appkit-utils/node_modules/@walletconnect/utils viem@2.36.0 OK for: @walletconnect/utils@2.21.9 want: 2.36.0
2102 silly placeDep node_modules/@reown/appkit-utils on-exit-leak-free@0.2.0 OK for: pino@7.11.0 want: ^0.2.0
2103 silly placeDep node_modules/@reown/appkit-utils pino-abstract-transport@0.5.0 OK for: pino@7.11.0 want: v0.5.0
2104 silly placeDep node_modules/@reown/appkit-utils pino-std-serializers@4.0.0 OK for: pino@7.11.0 want: ^4.0.0
2105 silly placeDep node_modules/@reown/appkit-utils process-warning@1.0.0 OK for: pino@7.11.0 want: ^1.0.0
2106 silly placeDep node_modules/@reown/appkit-utils real-require@0.1.0 OK for: pino@7.11.0 want: ^0.1.0
2107 silly placeDep node_modules/@reown/appkit-utils sonic-boom@2.8.0 OK for: pino@7.11.0 want: ^2.2.1
2108 silly placeDep node_modules/@reown/appkit-utils thread-stream@0.15.2 OK for: pino@7.11.0 want: ^0.15.1
2109 silly placeDep node_modules/@reown/appkit-wallet pino@7.11.0 OK for: @walletconnect/logger@2.1.2 want: 7.11.0
2110 silly placeDep node_modules/@reown/appkit-wallet on-exit-leak-free@0.2.0 OK for: pino@7.11.0 want: ^0.2.0
2111 silly placeDep node_modules/@reown/appkit-wallet pino-abstract-transport@0.5.0 OK for: pino@7.11.0 want: v0.5.0
2112 silly placeDep node_modules/@reown/appkit-wallet pino-std-serializers@4.0.0 OK for: pino@7.11.0 want: ^4.0.0
2113 silly placeDep node_modules/@reown/appkit-wallet process-warning@1.0.0 OK for: pino@7.11.0 want: ^1.0.0
2114 silly placeDep node_modules/@reown/appkit-wallet real-require@0.1.0 OK for: pino@7.11.0 want: ^0.1.0
2115 silly placeDep node_modules/@reown/appkit-wallet sonic-boom@2.8.0 OK for: pino@7.11.0 want: ^2.2.1
2116 silly placeDep node_modules/@reown/appkit-wallet thread-stream@0.15.2 OK for: pino@7.11.0 want: ^0.15.1
2117 silly placeDep node_modules/@reown/appkit @walletconnect/logger@2.1.2 OK for: @walletconnect/universal-provider@2.21.9 want: 2.1.2
2118 silly placeDep node_modules/@reown/appkit @walletconnect/sign-client@2.21.9 OK for: @walletconnect/universal-provider@2.21.9 want: 2.21.9
2119 silly placeDep node_modules/@reown/appkit @walletconnect/types@2.21.9 OK for: @walletconnect/universal-provider@2.21.9 want: 2.21.9
2120 silly placeDep node_modules/@reown/appkit @walletconnect/utils@2.21.9 OK for: @walletconnect/universal-provider@2.21.9 want: 2.21.9
2121 silly placeDep node_modules/@reown/appkit pino@7.11.0 OK for: @walletconnect/logger@2.1.2 want: 7.11.0
2122 silly placeDep node_modules/@reown/appkit @walletconnect/core@2.21.9 OK for: @walletconnect/sign-client@2.21.9 want: 2.21.9
2123 silly placeDep node_modules/@reown/appkit @noble/curves@1.9.7 OK for: @walletconnect/utils@2.21.9 want: 1.9.7
2124 silly placeDep node_modules/@reown/appkit/node_modules/@walletconnect/utils viem@2.36.0 OK for: @walletconnect/utils@2.21.9 want: 2.36.0
2125 silly placeDep node_modules/@reown/appkit on-exit-leak-free@0.2.0 OK for: pino@7.11.0 want: ^0.2.0
2126 silly placeDep node_modules/@reown/appkit pino-abstract-transport@0.5.0 OK for: pino@7.11.0 want: v0.5.0
2127 silly placeDep node_modules/@reown/appkit pino-std-serializers@4.0.0 OK for: pino@7.11.0 want: ^4.0.0
2128 silly placeDep node_modules/@reown/appkit process-warning@1.0.0 OK for: pino@7.11.0 want: ^1.0.0
2129 silly placeDep node_modules/@reown/appkit real-require@0.1.0 OK for: pino@7.11.0 want: ^0.1.0
2130 silly placeDep node_modules/@reown/appkit sonic-boom@2.8.0 OK for: pino@7.11.0 want: ^2.2.1
2131 silly placeDep node_modules/@reown/appkit thread-stream@0.15.2 OK for: pino@7.11.0 want: ^0.15.1
2132 silly placeDep ROOT @coinbase/cdp-sdk@1.56.0 OK for: @base-org/account@2.4.0 want: ^1.0.0
2133 silly placeDep node_modules/@wagmi/connectors @noble/hashes@1.4.0 OK for: @base-org/account@2.4.0 want: 1.4.0
2134 silly placeDep node_modules/@wagmi/connectors ox@0.6.9 OK for: @base-org/account@2.4.0 want: 0.6.9
2135 silly placeDep node_modules/@wagmi/connectors zustand@5.0.3 OK for: @base-org/account@2.4.0 want: 5.0.3
2136 silly fetch manifest @solana-program/system@^0.10.0
2137 silly packumentCache full:https://registry.npmjs.org/@solana-program%2fsystem cache-miss
2138 http fetch GET 200 https://registry.npmjs.org/@solana-program%2fsystem 3ms (cache hit)
2139 silly packumentCache full:https://registry.npmjs.org/@solana-program%2fsystem set size:90965 disposed:false
2140 silly fetch manifest abitype@1.0.6
2141 silly packumentCache full:https://registry.npmjs.org/abitype cache-miss
2142 http fetch GET 200 https://registry.npmjs.org/abitype 4ms (cache hit)
2143 silly packumentCache full:https://registry.npmjs.org/abitype set size:589820 disposed:false
2144 silly fetch manifest axios@^1.18.0
2145 silly packumentCache full:https://registry.npmjs.org/axios cache-miss
2146 http fetch GET 200 https://registry.npmjs.org/axios 42ms (cache miss)
2147 silly packumentCache full:https://registry.npmjs.org/axios set size:undefined disposed:false
2148 silly fetch manifest axios-retry@^4.5.0
2149 silly packumentCache full:https://registry.npmjs.org/axios-retry cache-miss
2150 http fetch GET 200 https://registry.npmjs.org/axios-retry 30ms (cache miss)
2151 silly packumentCache full:https://registry.npmjs.org/axios-retry set size:undefined disposed:false
2152 silly fetch manifest jose@^6.2.0
2153 silly packumentCache full:https://registry.npmjs.org/jose cache-miss
2154 http fetch GET 200 https://registry.npmjs.org/jose 6ms (cache hit)
2155 silly packumentCache full:https://registry.npmjs.org/jose set size:1460156 disposed:false
2156 silly fetch manifest md5@^2.3.0
2157 silly packumentCache full:https://registry.npmjs.org/md5 cache-miss
2158 http fetch GET 200 https://registry.npmjs.org/md5 40ms (cache miss)
2159 silly packumentCache full:https://registry.npmjs.org/md5 set size:undefined disposed:false
2160 silly placeDep ROOT @solana-program/system@0.10.0 OK for: @coinbase/cdp-sdk@1.56.0 want: ^0.10.0
2161 silly placeDep node_modules/@coinbase/cdp-sdk abitype@1.0.6 OK for: @coinbase/cdp-sdk@1.56.0 want: 1.0.6
2162 silly placeDep ROOT axios@1.20.0 OK for: @coinbase/cdp-sdk@1.56.0 want: ^1.18.0
2163 silly placeDep ROOT axios-retry@4.5.0 OK for: @coinbase/cdp-sdk@1.56.0 want: ^4.5.0
2164 silly placeDep node_modules/@coinbase/cdp-sdk jose@6.2.12 OK for: @coinbase/cdp-sdk@1.56.0 want: ^6.2.0
2165 silly placeDep ROOT md5@2.3.0 OK for: @coinbase/cdp-sdk@1.56.0 want: ^2.3.0
2166 silly fetch manifest form-data@^4.0.6
2167 silly packumentCache full:https://registry.npmjs.org/form-data cache-miss
2168 http fetch GET 200 https://registry.npmjs.org/form-data 31ms (cache miss)
2169 silly packumentCache full:https://registry.npmjs.org/form-data set size:undefined disposed:false
2170 silly fetch manifest proxy-from-env@^2.1.0
2171 silly packumentCache full:https://registry.npmjs.org/proxy-from-env cache-miss
2172 http fetch GET 200 https://registry.npmjs.org/proxy-from-env 32ms (cache miss)
2173 silly packumentCache full:https://registry.npmjs.org/proxy-from-env set size:undefined disposed:false
2174 silly fetch manifest follow-redirects@^1.16.0
2175 silly packumentCache full:https://registry.npmjs.org/follow-redirects cache-miss
2176 http fetch GET 200 https://registry.npmjs.org/follow-redirects 39ms (cache miss)
2177 silly packumentCache full:https://registry.npmjs.org/follow-redirects set size:undefined disposed:false
2178 silly fetch manifest https-proxy-agent@^5.0.1
2179 silly packumentCache full:https://registry.npmjs.org/https-proxy-agent cache-miss
2180 http fetch GET 200 https://registry.npmjs.org/https-proxy-agent 37ms (cache miss)
2181 silly packumentCache full:https://registry.npmjs.org/https-proxy-agent set size:undefined disposed:false
2182 silly fetch manifest is-retry-allowed@^2.2.0
2183 silly packumentCache full:https://registry.npmjs.org/is-retry-allowed cache-miss
2184 http fetch GET 200 https://registry.npmjs.org/is-retry-allowed 40ms (cache miss)
2185 silly packumentCache full:https://registry.npmjs.org/is-retry-allowed set size:undefined disposed:false
2186 silly fetch manifest crypt@0.0.2
2187 silly packumentCache full:https://registry.npmjs.org/crypt cache-miss
2188 http fetch GET 200 https://registry.npmjs.org/crypt 30ms (cache miss)
2189 silly packumentCache full:https://registry.npmjs.org/crypt set size:undefined disposed:false
2190 silly fetch manifest charenc@0.0.2
2191 silly packumentCache full:https://registry.npmjs.org/charenc cache-miss
2192 http fetch GET 200 https://registry.npmjs.org/charenc 28ms (cache miss)
2193 silly packumentCache full:https://registry.npmjs.org/charenc set size:undefined disposed:false
2194 silly fetch manifest is-buffer@~1.1.6
2195 silly packumentCache full:https://registry.npmjs.org/is-buffer cache-miss
2196 http fetch GET 200 https://registry.npmjs.org/is-buffer 33ms (cache miss)
2197 silly packumentCache full:https://registry.npmjs.org/is-buffer set size:undefined disposed:false
2198 silly placeDep ROOT follow-redirects@1.16.0 OK for: axios@1.20.0 want: ^1.16.0
2199 silly placeDep ROOT form-data@4.0.6 OK for: axios@1.20.0 want: ^4.0.6
2200 silly placeDep ROOT https-proxy-agent@5.0.1 OK for: axios@1.20.0 want: ^5.0.1
2201 silly placeDep ROOT proxy-from-env@2.1.0 OK for: axios@1.20.0 want: ^2.1.0
2202 silly fetch manifest asynckit@^0.4.0
2203 silly packumentCache full:https://registry.npmjs.org/asynckit cache-miss
2204 http fetch GET 200 https://registry.npmjs.org/asynckit 28ms (cache miss)
2205 silly packumentCache full:https://registry.npmjs.org/asynckit set size:undefined disposed:false
2206 silly fetch manifest mime-types@^2.1.35
2207 silly packumentCache full:https://registry.npmjs.org/mime-types cache-miss
2208 http fetch GET 200 https://registry.npmjs.org/mime-types 32ms (cache miss)
2209 silly packumentCache full:https://registry.npmjs.org/mime-types set size:undefined disposed:false
2210 silly fetch manifest combined-stream@^1.0.8
2211 silly packumentCache full:https://registry.npmjs.org/combined-stream cache-miss
2212 http fetch GET 200 https://registry.npmjs.org/combined-stream 28ms (cache miss)
2213 silly packumentCache full:https://registry.npmjs.org/combined-stream set size:undefined disposed:false
2214 silly fetch manifest agent-base@6
2215 silly packumentCache full:https://registry.npmjs.org/agent-base cache-miss
2216 http fetch GET 200 https://registry.npmjs.org/agent-base 35ms (cache miss)
2217 silly packumentCache full:https://registry.npmjs.org/agent-base set size:undefined disposed:false
2218 silly placeDep ROOT is-retry-allowed@2.2.0 OK for: axios-retry@4.5.0 want: ^2.2.0
2219 silly placeDep ROOT asynckit@0.4.0 OK for: form-data@4.0.6 want: ^0.4.0
2220 silly placeDep ROOT combined-stream@1.0.8 OK for: form-data@4.0.6 want: ^1.0.8
2221 silly placeDep ROOT mime-types@2.1.35 OK for: form-data@4.0.6 want: ^2.1.35
2222 silly fetch manifest delayed-stream@~1.0.0
2223 silly packumentCache full:https://registry.npmjs.org/delayed-stream cache-miss
2224 http fetch GET 200 https://registry.npmjs.org/delayed-stream 30ms (cache miss)
2225 silly packumentCache full:https://registry.npmjs.org/delayed-stream set size:undefined disposed:false
2226 silly fetch manifest mime-db@1.52.0
2227 silly packumentCache full:https://registry.npmjs.org/mime-db cache-miss
2228 http fetch GET 200 https://registry.npmjs.org/mime-db 33ms (cache miss)
2229 silly packumentCache full:https://registry.npmjs.org/mime-db set size:undefined disposed:false
2230 silly placeDep ROOT delayed-stream@1.0.0 OK for: combined-stream@1.0.8 want: ~1.0.0
2231 silly placeDep ROOT agent-base@6.0.2 OK for: https-proxy-agent@5.0.1 want: 6
2232 silly placeDep ROOT charenc@0.0.2 OK for: md5@2.3.0 want: 0.0.2
2233 silly placeDep ROOT crypt@0.0.2 OK for: md5@2.3.0 want: 0.0.2
2234 silly placeDep ROOT is-buffer@1.1.6 OK for: md5@2.3.0 want: ~1.1.6
2235 silly placeDep ROOT mime-db@1.52.0 OK for: mime-types@2.1.35 want: 1.52.0
2236 silly placeDep node_modules/@wagmi/connectors @reown/appkit@1.7.8 OK for: @walletconnect/ethereum-provider@2.21.1 want: 1.7.8
2237 silly placeDep node_modules/@wagmi/connectors @walletconnect/sign-client@2.21.1 OK for: @walletconnect/ethereum-provider@2.21.1 want: 2.21.1
2238 silly placeDep node_modules/@wagmi/connectors @walletconnect/types@2.21.1 OK for: @walletconnect/ethereum-provider@2.21.1 want: 2.21.1
2239 silly placeDep node_modules/@wagmi/connectors @walletconnect/universal-provider@2.21.1 OK for: @walletconnect/ethereum-provider@2.21.1 want: 2.21.1
2240 silly placeDep node_modules/@wagmi/connectors @walletconnect/utils@2.21.1 OK for: @walletconnect/ethereum-provider@2.21.1 want: 2.21.1
2241 silly fetch manifest valtio@1.13.2
2242 silly packumentCache full:https://registry.npmjs.org/valtio cache-miss
2243 http fetch GET 200 https://registry.npmjs.org/valtio 3ms (cache hit)
2244 silly packumentCache full:https://registry.npmjs.org/valtio set size:353877 disposed:false
2245 silly fetch manifest @reown/appkit-ui@1.7.8
2246 silly packumentCache full:https://registry.npmjs.org/@reown%2fappkit-ui cache-miss
2247 http fetch GET 200 https://registry.npmjs.org/@reown%2fappkit-ui 37ms (cache hit)
2248 silly packumentCache full:https://registry.npmjs.org/@reown%2fappkit-ui set size:16161941 disposed:false
2249 silly fetch manifest @reown/appkit-pay@1.7.8
2250 silly packumentCache full:https://registry.npmjs.org/@reown%2fappkit-pay cache-miss
2251 http fetch GET 200 https://registry.npmjs.org/@reown%2fappkit-pay 7ms (cache hit)
2252 silly packumentCache full:https://registry.npmjs.org/@reown%2fappkit-pay set size:2422457 disposed:false
2253 silly fetch manifest @reown/appkit-utils@1.7.8
2254 silly packumentCache full:https://registry.npmjs.org/@reown%2fappkit-utils cache-miss
2255 http fetch GET 200 https://registry.npmjs.org/@reown%2fappkit-utils 10ms (cache hit)
2256 silly packumentCache full:https://registry.npmjs.org/@reown%2fappkit-utils set size:4132666 disposed:false
2257 silly fetch manifest @reown/appkit-common@1.7.8
2258 silly packumentCache full:https://registry.npmjs.org/@reown%2fappkit-common cache-miss
2259 http fetch GET 200 https://registry.npmjs.org/@reown%2fappkit-common 10ms (cache hit)
2260 silly packumentCache full:https://registry.npmjs.org/@reown%2fappkit-common set size:2761742 disposed:false
2261 silly fetch manifest @reown/appkit-wallet@1.7.8
2262 silly packumentCache full:https://registry.npmjs.org/@reown%2fappkit-wallet cache-miss
2263 http fetch GET 200 https://registry.npmjs.org/@reown%2fappkit-wallet 9ms (cache hit)
2264 silly packumentCache full:https://registry.npmjs.org/@reown%2fappkit-wallet set size:2998175 disposed:false
2265 silly fetch manifest @walletconnect/types@2.21.0
2266 silly packumentCache full:https://registry.npmjs.org/@walletconnect%2ftypes cache-miss
2267 http fetch GET 200 https://registry.npmjs.org/@walletconnect%2ftypes 7ms (cache hit)
2268 silly packumentCache full:https://registry.npmjs.org/@walletconnect%2ftypes set size:2218707 disposed:false
2269 silly fetch manifest @reown/appkit-polyfills@1.7.8
2270 silly packumentCache full:https://registry.npmjs.org/@reown%2fappkit-polyfills cache-miss
2271 http fetch GET 200 https://registry.npmjs.org/@reown%2fappkit-polyfills 26ms (cache hit)
2272 silly packumentCache full:https://registry.npmjs.org/@reown%2fappkit-polyfills set size:2537820 disposed:false
2273 silly fetch manifest @reown/appkit-controllers@1.7.8
2274 silly packumentCache full:https://registry.npmjs.org/@reown%2fappkit-controllers cache-miss
2275 http fetch GET 200 https://registry.npmjs.org/@reown%2fappkit-controllers 20ms (cache hit)
2276 silly packumentCache full:https://registry.npmjs.org/@reown%2fappkit-controllers set size:3438263 disposed:false
2277 silly fetch manifest @reown/appkit-scaffold-ui@1.7.8
2278 silly packumentCache full:https://registry.npmjs.org/@reown%2fappkit-scaffold-ui cache-miss
2279 http fetch GET 200 https://registry.npmjs.org/@reown%2fappkit-scaffold-ui 14ms (cache hit)
2280 silly packumentCache full:https://registry.npmjs.org/@reown%2fappkit-scaffold-ui set size:5172875 disposed:false
2281 silly fetch manifest @walletconnect/universal-provider@2.21.0
2282 silly packumentCache full:https://registry.npmjs.org/@walletconnect%2funiversal-provider cache-miss
2283 http fetch GET 200 https://registry.npmjs.org/@walletconnect%2funiversal-provider 18ms (cache hit)
2284 silly packumentCache full:https://registry.npmjs.org/@walletconnect%2funiversal-provider set size:1782881 disposed:false
2285 silly fetch manifest @walletconnect/core@2.21.1
2286 silly packumentCache full:https://registry.npmjs.org/@walletconnect%2fcore cache-miss
2287 http fetch GET 200 https://registry.npmjs.org/@walletconnect%2fcore 9ms (cache hit)
2288 silly packumentCache full:https://registry.npmjs.org/@walletconnect%2fcore set size:2493534 disposed:false
2289 silly fetch manifest es-toolkit@1.33.0
2290 silly packumentCache full:https://registry.npmjs.org/es-toolkit cache-miss
2291 http fetch GET 200 https://registry.npmjs.org/es-toolkit 31ms (cache hit)
2292 silly packumentCache full:https://registry.npmjs.org/es-toolkit set size:13254209 disposed:false
2293 silly fetch manifest viem@2.23.2
2294 silly packumentCache full:https://registry.npmjs.org/viem cache-miss
2295 http fetch GET 200 https://registry.npmjs.org/viem 25ms (cache hit)
2296 silly packumentCache full:https://registry.npmjs.org/viem set size:11117850 disposed:false
2297 silly fetch manifest uint8arrays@3.1.0
2298 silly packumentCache full:https://registry.npmjs.org/uint8arrays cache-hit
2299 silly fetch manifest query-string@7.1.3
2300 silly packumentCache full:https://registry.npmjs.org/query-string cache-miss
2301 http fetch GET 200 https://registry.npmjs.org/query-string 36ms (cache miss)
2302 silly packumentCache full:https://registry.npmjs.org/query-string set size:undefined disposed:false
2303 silly fetch manifest @noble/curves@1.8.1
2304 silly packumentCache full:https://registry.npmjs.org/@noble%2fcurves cache-hit
2305 silly fetch manifest @noble/hashes@1.7.1
2306 silly packumentCache full:https://registry.npmjs.org/@noble%2fhashes cache-hit
2307 silly fetch manifest @noble/ciphers@1.2.1
2308 silly packumentCache full:https://registry.npmjs.org/@noble%2fciphers cache-miss
2309 http fetch GET 200 https://registry.npmjs.org/@noble%2fciphers 42ms (cache miss)
2310 silly packumentCache full:https://registry.npmjs.org/@noble%2fciphers set size:undefined disposed:false
2311 silly placeDep node_modules/@wagmi/connectors @reown/appkit-common@1.7.8 OK for: @reown/appkit@1.7.8 want: 1.7.8
2312 silly placeDep node_modules/@wagmi/connectors @reown/appkit-controllers@1.7.8 OK for: @reown/appkit@1.7.8 want: 1.7.8
2313 silly placeDep node_modules/@wagmi/connectors @reown/appkit-pay@1.7.8 OK for: @reown/appkit@1.7.8 want: 1.7.8
2314 silly placeDep node_modules/@wagmi/connectors @reown/appkit-polyfills@1.7.8 OK for: @reown/appkit@1.7.8 want: 1.7.8
2315 silly placeDep node_modules/@wagmi/connectors @reown/appkit-scaffold-ui@1.7.8 OK for: @reown/appkit@1.7.8 want: 1.7.8
2316 silly placeDep node_modules/@wagmi/connectors @reown/appkit-ui@1.7.8 OK for: @reown/appkit@1.7.8 want: 1.7.8
2317 silly placeDep node_modules/@wagmi/connectors @reown/appkit-utils@1.7.8 OK for: @reown/appkit@1.7.8 want: 1.7.8
2318 silly placeDep node_modules/@wagmi/connectors @reown/appkit-wallet@1.7.8 OK for: @reown/appkit@1.7.8 want: 1.7.8
2319 silly placeDep node_modules/@wagmi/connectors/node_modules/@reown/appkit @walletconnect/types@2.21.0 OK for: @reown/appkit@1.7.8 want: 2.21.0
2320 silly placeDep node_modules/@wagmi/connectors/node_modules/@reown/appkit @walletconnect/universal-provider@2.21.0 OK for: @reown/appkit@1.7.8 want: 2.21.0
2321 silly placeDep node_modules/@wagmi/connectors valtio@1.13.2 OK for: @reown/appkit@1.7.8 want: 1.13.2
2322 silly fetch manifest @walletconnect/utils@2.21.0
2323 silly packumentCache full:https://registry.npmjs.org/@walletconnect%2futils cache-miss
2324 http fetch GET 200 https://registry.npmjs.org/@walletconnect%2futils 7ms (cache hit)
2325 silly packumentCache full:https://registry.npmjs.org/@walletconnect%2futils set size:2729331 disposed:false
2326 silly fetch manifest @walletconnect/sign-client@2.21.0
2327 silly packumentCache full:https://registry.npmjs.org/@walletconnect%2fsign-client cache-miss
2328 http fetch GET 200 https://registry.npmjs.org/@walletconnect%2fsign-client 6ms (cache hit)
2329 silly packumentCache full:https://registry.npmjs.org/@walletconnect%2fsign-client set size:2011564 disposed:false
2330 silly fetch manifest derive-valtio@0.1.0
2331 silly packumentCache full:https://registry.npmjs.org/derive-valtio cache-miss
2332 http fetch GET 200 https://registry.npmjs.org/derive-valtio 27ms (cache miss)
2333 silly packumentCache full:https://registry.npmjs.org/derive-valtio set size:undefined disposed:false
2334 silly fetch manifest proxy-compare@2.6.0
2335 silly packumentCache full:https://registry.npmjs.org/proxy-compare cache-miss
2336 http fetch GET 200 https://registry.npmjs.org/proxy-compare 3ms (cache hit)
2337 silly packumentCache full:https://registry.npmjs.org/proxy-compare set size:93976 disposed:false
2338 silly fetch manifest use-sync-external-store@1.2.0
2339 silly packumentCache full:https://registry.npmjs.org/use-sync-external-store cache-miss
2340 http fetch GET 200 https://registry.npmjs.org/use-sync-external-store 9ms (cache hit)
2341 silly packumentCache full:https://registry.npmjs.org/use-sync-external-store set size:5051893 disposed:false
2342 silly placeDep node_modules/@wagmi/connectors/node_modules/@reown/appkit-controllers @walletconnect/universal-provider@2.21.0 OK for: @reown/appkit-controllers@1.7.8 want: 2.21.0
2343 silly placeDep node_modules/@wagmi/connectors qrcode@1.5.3 OK for: @reown/appkit-ui@1.7.8 want: 1.5.3
2344 silly placeDep node_modules/@wagmi/connectors @walletconnect/logger@2.1.2 OK for: @reown/appkit-utils@1.7.8 want: 2.1.2
2345 silly placeDep node_modules/@wagmi/connectors/node_modules/@reown/appkit-utils @walletconnect/universal-provider@2.21.0 OK for: @reown/appkit-utils@1.7.8 want: 2.21.0
2346 silly placeDep node_modules/@wagmi/connectors zod@3.22.4 OK for: @reown/appkit-wallet@1.7.8 want: 3.22.4
2347 silly placeDep node_modules/@wagmi/connectors pino@7.11.0 OK for: @walletconnect/logger@2.1.2 want: 7.11.0
2348 silly placeDep node_modules/@wagmi/connectors @walletconnect/core@2.21.1 OK for: @walletconnect/sign-client@2.21.1 want: 2.21.1
2349 silly placeDep node_modules/@wagmi/connectors es-toolkit@1.33.0 OK for: @walletconnect/core@2.21.1 want: 1.33.0
2350 silly placeDep node_modules/@wagmi/connectors uint8arrays@3.1.0 OK for: @walletconnect/core@2.21.1 want: 3.1.0
2351 silly placeDep node_modules/@wagmi/connectors @noble/ciphers@1.2.1 OK for: @walletconnect/utils@2.21.1 want: 1.2.1
2352 silly placeDep node_modules/@wagmi/connectors @noble/curves@1.8.1 OK for: @walletconnect/utils@2.21.1 want: 1.8.1
2353 silly placeDep node_modules/@wagmi/connectors/node_modules/@walletconnect/utils @noble/hashes@1.7.1 OK for: @walletconnect/utils@2.21.1 want: 1.7.1
2354 silly placeDep ROOT query-string@7.1.3 OK for: @walletconnect/utils@2.21.1 want: 7.1.3
2355 silly placeDep node_modules/@wagmi/connectors/node_modules/@walletconnect/utils viem@2.23.2 OK for: @walletconnect/utils@2.21.1 want: 2.23.2
2356 silly fetch manifest filter-obj@^1.1.0
2357 silly packumentCache full:https://registry.npmjs.org/filter-obj cache-miss
2358 http fetch GET 200 https://registry.npmjs.org/filter-obj 36ms (cache miss)
2359 silly packumentCache full:https://registry.npmjs.org/filter-obj set size:undefined disposed:false
2360 silly fetch manifest split-on-first@^1.0.0
2361 silly packumentCache full:https://registry.npmjs.org/split-on-first cache-miss
2362 http fetch GET 200 https://registry.npmjs.org/split-on-first 30ms (cache miss)
2363 silly packumentCache full:https://registry.npmjs.org/split-on-first set size:undefined disposed:false
2364 silly fetch manifest strict-uri-encode@^2.0.0
2365 silly packumentCache full:https://registry.npmjs.org/strict-uri-encode cache-miss
2366 http fetch GET 200 https://registry.npmjs.org/strict-uri-encode 31ms (cache miss)
2367 silly packumentCache full:https://registry.npmjs.org/strict-uri-encode set size:undefined disposed:false
2368 silly fetch manifest decode-uri-component@^0.2.2
2369 silly packumentCache full:https://registry.npmjs.org/decode-uri-component cache-miss
2370 http fetch GET 200 https://registry.npmjs.org/decode-uri-component 28ms (cache miss)
2371 silly packumentCache full:https://registry.npmjs.org/decode-uri-component set size:undefined disposed:false
2372 silly fetch manifest ox@0.6.7
2373 silly packumentCache full:https://registry.npmjs.org/ox cache-miss
2374 http fetch GET 200 https://registry.npmjs.org/ox 19ms (cache hit)
2375 silly packumentCache full:https://registry.npmjs.org/ox set size:6517397 disposed:false
2376 silly fetch manifest ws@8.18.0
2377 silly packumentCache full:https://registry.npmjs.org/ws cache-hit
2378 silly fetch manifest isows@1.0.6
2379 silly packumentCache full:https://registry.npmjs.org/isows cache-miss
2380 http fetch GET 200 https://registry.npmjs.org/isows 47ms (cache miss)
2381 silly packumentCache full:https://registry.npmjs.org/isows set size:undefined disposed:false
2382 silly fetch manifest @scure/bip32@1.6.2
2383 silly packumentCache full:https://registry.npmjs.org/@scure%2fbip32 cache-miss
2384 http fetch GET 200 https://registry.npmjs.org/@scure%2fbip32 2ms (cache hit)
2385 silly packumentCache full:https://registry.npmjs.org/@scure%2fbip32 set size:75723 disposed:false
2386 silly fetch manifest @scure/bip39@1.5.4
2387 silly packumentCache full:https://registry.npmjs.org/@scure%2fbip39 cache-miss
2388 http fetch GET 200 https://registry.npmjs.org/@scure%2fbip39 2ms (cache hit)
2389 silly packumentCache full:https://registry.npmjs.org/@scure%2fbip39 set size:74584 disposed:false
2390 silly placeDep ROOT decode-uri-component@0.2.2 OK for: query-string@7.1.3 want: ^0.2.2
2391 silly placeDep ROOT filter-obj@1.1.0 OK for: query-string@7.1.3 want: ^1.1.0
2392 silly placeDep ROOT split-on-first@1.1.0 OK for: query-string@7.1.3 want: ^1.0.0
2393 silly placeDep ROOT strict-uri-encode@2.0.0 OK for: query-string@7.1.3 want: ^2.0.0
2394 silly placeDep node_modules/@wagmi/connectors/node_modules/@noble/curves @noble/hashes@1.7.1 OK for: @noble/curves@1.8.1 want: 1.7.1
2395 silly placeDep node_modules/@wagmi/connectors/node_modules/ox @noble/hashes@1.8.0 OK for: ox@0.6.9 want: ^1.5.0
2396 silly placeDep node_modules/@wagmi/connectors on-exit-leak-free@0.2.0 OK for: pino@7.11.0 want: ^0.2.0
2397 silly placeDep node_modules/@wagmi/connectors pino-abstract-transport@0.5.0 OK for: pino@7.11.0 want: v0.5.0
2398 silly placeDep node_modules/@wagmi/connectors pino-std-serializers@4.0.0 OK for: pino@7.11.0 want: ^4.0.0
2399 silly placeDep node_modules/@wagmi/connectors process-warning@1.0.0 OK for: pino@7.11.0 want: ^1.0.0
2400 silly placeDep node_modules/@wagmi/connectors real-require@0.1.0 OK for: pino@7.11.0 want: ^0.1.0
2401 silly placeDep node_modules/@wagmi/connectors sonic-boom@2.8.0 OK for: pino@7.11.0 want: ^2.2.1
2402 silly placeDep node_modules/@wagmi/connectors thread-stream@0.15.2 OK for: pino@7.11.0 want: ^0.15.1
2403 silly placeDep ROOT derive-valtio@0.1.0 OK for: valtio@1.13.2 want: 0.1.0
2404 silly placeDep node_modules/@wagmi/connectors proxy-compare@2.6.0 OK for: valtio@1.13.2 want: 2.6.0
2405 silly placeDep node_modules/@wagmi/connectors use-sync-external-store@1.2.0 OK for: valtio@1.13.2 want: 1.2.0
2406 silly placeDep node_modules/@walletconnect/utils/node_modules/ox @noble/curves@1.9.1 OK for: ox@0.9.3 want: 1.9.1
2407 silly placeDep node_modules/ethereum-cryptography @scure/base@1.1.9 OK for: @scure/bip32@1.4.0 want: ~1.1.6
2408 silly placeDep ROOT core-util-is@1.0.3 OK for: readable-stream@2.3.8 want: ~1.0.0
2409 silly placeDep node_modules/obj-multiplex isarray@1.0.0 OK for: readable-stream@2.3.8 want: ~1.0.0
2410 silly placeDep ROOT process-nextick-args@2.0.1 OK for: readable-stream@2.3.8 want: ~2.0.0
2411 silly placeDep node_modules/obj-multiplex safe-buffer@5.1.2 OK for: readable-stream@2.3.8 want: ~5.1.1
2412 silly placeDep node_modules/obj-multiplex string_decoder@1.1.1 OK for: readable-stream@2.3.8 want: ~1.1.1
2413 silly placeDep node_modules/unstorage readdirp@5.1.1 OK for: chokidar@5.0.0 want: ^5.0.0
2414 silly placeDep node_modules/yargs locate-path@5.0.0 OK for: find-up@4.1.0 want: ^5.0.0
2415 silly fetch manifest p-locate@^4.1.0
2416 silly packumentCache full:https://registry.npmjs.org/p-locate cache-miss
2417 http fetch GET 200 https://registry.npmjs.org/p-locate 30ms (cache miss)
2418 silly packumentCache full:https://registry.npmjs.org/p-locate set size:undefined disposed:false
2419 silly placeDep node_modules/yargs p-locate@4.1.0 OK for: locate-path@5.0.0 want: ^4.1.0
2420 silly fetch manifest p-limit@^2.2.0
2421 silly packumentCache full:https://registry.npmjs.org/p-limit cache-miss
2422 http fetch GET 200 https://registry.npmjs.org/p-limit 33ms (cache miss)
2423 silly packumentCache full:https://registry.npmjs.org/p-limit set size:undefined disposed:false
2424 silly placeDep node_modules/yargs p-limit@2.3.0 OK for: p-locate@4.1.0 want: ^2.2.0
2425 silly fetch manifest p-try@^2.0.0
2426 silly packumentCache full:https://registry.npmjs.org/p-try cache-miss
2427 http fetch GET 200 https://registry.npmjs.org/p-try 25ms (cache miss)
2428 silly packumentCache full:https://registry.npmjs.org/p-try set size:undefined disposed:false
2429 silly placeDep ROOT p-try@2.2.0 OK for: p-limit@2.3.0 want: ^2.0.0
2430 silly placeDep node_modules/@metamask/eth-json-rpc-provider uuid@9.0.1 OK for: @metamask/utils@8.5.0 want: ^9.0.1
2431 silly placeDep node_modules/@reown/appkit-controllers/node_modules/@walletconnect/utils/node_modules/viem @noble/curves@1.9.6 OK for: viem@2.36.0 want: 1.9.6
2432 silly placeDep node_modules/@reown/appkit-controllers abitype@1.0.8 OK for: viem@2.36.0 want: 1.0.8
2433 silly placeDep node_modules/@reown/appkit-controllers ox@0.9.1 OK for: viem@2.36.0 want: 0.9.1
2434 silly placeDep node_modules/@reown/appkit-controllers ws@8.18.3 OK for: viem@2.36.0 want: 8.18.3
2435 silly placeDep node_modules/@reown/appkit-utils/node_modules/@walletconnect/utils/node_modules/viem @noble/curves@1.9.6 OK for: viem@2.36.0 want: 1.9.6
2436 silly placeDep node_modules/@reown/appkit-utils abitype@1.0.8 OK for: viem@2.36.0 want: 1.0.8
2437 silly placeDep node_modules/@reown/appkit-utils ox@0.9.1 OK for: viem@2.36.0 want: 0.9.1
2438 silly placeDep node_modules/@reown/appkit-utils ws@8.18.3 OK for: viem@2.36.0 want: 8.18.3
2439 silly placeDep node_modules/@reown/appkit/node_modules/@walletconnect/utils/node_modules/viem @noble/curves@1.9.6 OK for: viem@2.36.0 want: 1.9.6
2440 silly placeDep node_modules/@reown/appkit abitype@1.0.8 OK for: viem@2.36.0 want: 1.0.8
2441 silly placeDep node_modules/@reown/appkit ox@0.9.1 OK for: viem@2.36.0 want: 0.9.1
2442 silly placeDep node_modules/@reown/appkit ws@8.18.3 OK for: viem@2.36.0 want: 8.18.3
2443 silly placeDep node_modules/@wagmi/connectors/node_modules/@reown/appkit-controllers @walletconnect/sign-client@2.21.0 OK for: @walletconnect/universal-provider@2.21.0 want: 2.21.0
2444 silly placeDep node_modules/@wagmi/connectors/node_modules/@reown/appkit-controllers @walletconnect/types@2.21.0 OK for: @walletconnect/universal-provider@2.21.0 want: 2.21.0
2445 silly placeDep node_modules/@wagmi/connectors/node_modules/@reown/appkit-controllers @walletconnect/utils@2.21.0 OK for: @walletconnect/universal-provider@2.21.0 want: 2.21.0
2446 silly fetch manifest @walletconnect/core@2.21.0
2447 silly packumentCache full:https://registry.npmjs.org/@walletconnect%2fcore cache-miss
2448 http fetch GET 200 https://registry.npmjs.org/@walletconnect%2fcore 6ms (cache hit)
2449 silly packumentCache full:https://registry.npmjs.org/@walletconnect%2fcore set size:2493534 disposed:false
2450 silly placeDep node_modules/@wagmi/connectors/node_modules/@reown/appkit-controllers @walletconnect/core@2.21.0 OK for: @walletconnect/sign-client@2.21.0 want: 2.21.0
2451 silly placeDep node_modules/@wagmi/connectors/node_modules/@reown/appkit-controllers @noble/hashes@1.7.1 OK for: @walletconnect/utils@2.21.0 want: 1.7.1
2452 silly placeDep node_modules/@wagmi/connectors/node_modules/@reown/appkit-controllers/node_modules/@walletconnect/utils viem@2.23.2 OK for: @walletconnect/utils@2.21.0 want: 2.23.2
2453 silly placeDep node_modules/@wagmi/connectors/node_modules/@reown/appkit-utils @walletconnect/sign-client@2.21.0 OK for: @walletconnect/universal-provider@2.21.0 want: 2.21.0
2454 silly placeDep node_modules/@wagmi/connectors/node_modules/@reown/appkit-utils @walletconnect/types@2.21.0 OK for: @walletconnect/universal-provider@2.21.0 want: 2.21.0
2455 silly placeDep node_modules/@wagmi/connectors/node_modules/@reown/appkit-utils @walletconnect/utils@2.21.0 OK for: @walletconnect/universal-provider@2.21.0 want: 2.21.0
2456 silly placeDep node_modules/@wagmi/connectors/node_modules/@reown/appkit-utils @walletconnect/core@2.21.0 OK for: @walletconnect/sign-client@2.21.0 want: 2.21.0
2457 silly placeDep node_modules/@wagmi/connectors/node_modules/@reown/appkit-utils @noble/hashes@1.7.1 OK for: @walletconnect/utils@2.21.0 want: 1.7.1
2458 silly placeDep node_modules/@wagmi/connectors/node_modules/@reown/appkit-utils/node_modules/@walletconnect/utils viem@2.23.2 OK for: @walletconnect/utils@2.21.0 want: 2.23.2
2459 silly placeDep node_modules/@wagmi/connectors/node_modules/@reown/appkit @walletconnect/sign-client@2.21.0 OK for: @walletconnect/universal-provider@2.21.0 want: 2.21.0
2460 silly placeDep node_modules/@wagmi/connectors/node_modules/@reown/appkit @walletconnect/utils@2.21.0 OK for: @walletconnect/universal-provider@2.21.0 want: 2.21.0
2461 silly placeDep node_modules/@wagmi/connectors/node_modules/@reown/appkit @walletconnect/core@2.21.0 OK for: @walletconnect/sign-client@2.21.0 want: 2.21.0
2462 silly placeDep node_modules/@wagmi/connectors/node_modules/@reown/appkit @noble/hashes@1.7.1 OK for: @walletconnect/utils@2.21.0 want: 1.7.1
2463 silly placeDep node_modules/@wagmi/connectors/node_modules/@reown/appkit/node_modules/@walletconnect/utils viem@2.23.2 OK for: @walletconnect/utils@2.21.0 want: 2.23.2
2464 silly placeDep node_modules/@wagmi/connectors @scure/bip32@1.6.2 OK for: viem@2.23.2 want: 1.6.2
2465 silly placeDep node_modules/@wagmi/connectors @scure/bip39@1.5.4 OK for: viem@2.23.2 want: 1.5.4
2466 silly placeDep node_modules/@wagmi/connectors abitype@1.0.8 OK for: viem@2.23.2 want: 1.0.8
2467 silly placeDep node_modules/@wagmi/connectors isows@1.0.6 OK for: viem@2.23.2 want: 1.0.6
2468 silly placeDep node_modules/@wagmi/connectors/node_modules/@walletconnect/utils ox@0.6.7 OK for: viem@2.23.2 want: 0.6.7
2469 silly placeDep node_modules/@wagmi/connectors ws@8.18.0 OK for: viem@2.23.2 want: 8.18.0
2470 silly fetch manifest @noble/hashes@~1.7.1
2471 silly packumentCache full:https://registry.npmjs.org/@noble%2fhashes cache-hit
2472 silly placeDep node_modules/@wagmi/connectors/node_modules/@scure/bip32 @noble/hashes@1.7.2 OK for: @scure/bip32@1.6.2 want: ~1.7.1
2473 silly placeDep node_modules/@wagmi/connectors/node_modules/@scure/bip39 @noble/hashes@1.7.2 OK for: @scure/bip39@1.5.4 want: ~1.7.1
2474 silly placeDep node_modules/@wagmi/connectors/node_modules/@reown/appkit-controllers ox@0.6.7 OK for: viem@2.23.2 want: 0.6.7
2475 silly placeDep node_modules/@wagmi/connectors/node_modules/@reown/appkit-utils ox@0.6.7 OK for: viem@2.23.2 want: 0.6.7
2476 silly placeDep node_modules/@wagmi/connectors/node_modules/@reown/appkit ox@0.6.7 OK for: viem@2.23.2 want: 0.6.7
2477 silly reify moves {}
2478 silly audit bulk request {
2478 silly audit   '@adraffy/ens-normalize': [ '1.11.1' ],
2478 silly audit   '@alloc/quick-lru': [ '5.3.0' ],
2478 silly audit   '@emnapi/core': [ '1.10.0' ],
2478 silly audit   '@emnapi/runtime': [ '1.11.3', '1.10.0' ],
2478 silly audit   '@emnapi/wasi-threads': [ '1.2.1' ],
2478 silly audit   '@eslint-community/eslint-utils': [ '4.10.1' ],
2478 silly audit   '@eslint-community/regexpp': [ '4.12.2' ],
2478 silly audit   '@eslint/eslintrc': [ '2.1.4' ],
2478 silly audit   '@eslint/js': [ '8.57.1' ],
2478 silly audit   '@humanwhocodes/config-array': [ '0.13.0' ],
2478 silly audit   '@humanwhocodes/module-importer': [ '1.0.1' ],
2478 silly audit   '@humanwhocodes/object-schema': [ '2.0.3' ],
2478 silly audit   '@img/sharp-darwin-arm64': [ '0.33.5' ],
2478 silly audit   '@img/sharp-darwin-x64': [ '0.33.5' ],
2478 silly audit   '@img/sharp-libvips-darwin-arm64': [ '1.0.4' ],
2478 silly audit   '@img/sharp-libvips-darwin-x64': [ '1.0.4' ],
2478 silly audit   '@img/sharp-libvips-linux-arm': [ '1.0.5' ],
2478 silly audit   '@img/sharp-libvips-linux-arm64': [ '1.0.4' ],
2478 silly audit   '@img/sharp-libvips-linux-s390x': [ '1.0.4' ],
2478 silly audit   '@img/sharp-libvips-linux-x64': [ '1.0.4' ],
2478 silly audit   '@img/sharp-libvips-linuxmusl-arm64': [ '1.0.4' ],
2478 silly audit   '@img/sharp-libvips-linuxmusl-x64': [ '1.0.4' ],
2478 silly audit   '@img/sharp-linux-arm': [ '0.33.5' ],
2478 silly audit   '@img/sharp-linux-arm64': [ '0.33.5' ],
2478 silly audit   '@img/sharp-linux-s390x': [ '0.33.5' ],
2478 silly audit   '@img/sharp-linux-x64': [ '0.33.5' ],
2478 silly audit   '@img/sharp-linuxmusl-arm64': [ '0.33.5' ],
2478 silly audit   '@img/sharp-linuxmusl-x64': [ '0.33.5' ],
2478 silly audit   '@img/sharp-wasm32': [ '0.33.5' ],
2478 silly audit   '@img/sharp-win32-ia32': [ '0.33.5' ],
2478 silly audit   '@img/sharp-win32-x64': [ '0.33.5' ],
2478 silly audit   '@jridgewell/gen-mapping': [ '0.3.13' ],
2478 silly audit   '@jridgewell/resolve-uri': [ '3.1.2' ],
2478 silly audit   '@jridgewell/sourcemap-codec': [ '1.6.0' ],
2478 silly audit   '@jridgewell/trace-mapping': [ '0.3.31' ],
2478 silly audit   '@napi-rs/wasm-runtime': [ '1.2.4' ],
2478 silly audit   '@next/env': [ '15.0.3' ],
2478 silly audit   '@next/eslint-plugin-next': [ '15.0.3' ],
2478 silly audit   '@next/swc-darwin-arm64': [ '15.0.3' ],
2478 silly audit   '@next/swc-darwin-x64': [ '15.0.3' ],
2478 silly audit   '@next/swc-linux-arm64-gnu': [ '15.0.3' ],
2478 silly audit   '@next/swc-linux-arm64-musl': [ '15.0.3' ],
2478 silly audit   '@next/swc-linux-x64-gnu': [ '15.0.3' ],
2478 silly audit   '@next/swc-linux-x64-musl': [ '15.0.3' ],
2478 silly audit   '@next/swc-win32-arm64-msvc': [ '15.0.3' ],
2478 silly audit   '@next/swc-win32-x64-msvc': [ '15.0.3' ],
2478 silly audit   '@noble/ciphers': [ '1.3.0', '1.2.1' ],
2478 silly audit   '@noble/curves': [ '1.9.1', '1.8.0', '1.9.7', '1.4.2', '1.8.1', '1.9.6' ],
2478 silly audit   '@noble/hashes': [ '1.8.0', '1.4.0', '1.7.0', '1.3.3', '1.7.1', '1.7.2' ],
2478 silly audit   '@nodelib/fs.scandir': [ '2.1.5' ],
2478 silly audit   '@nodelib/fs.stat': [ '2.0.5' ],
2478 silly audit   '@nodelib/fs.walk': [ '1.2.8' ],
2478 silly audit   '@nolyfill/is-core-module': [ '1.0.39' ],
2478 silly audit   '@rtsao/scc': [ '1.1.0' ],
2478 silly audit   '@rushstack/eslint-patch': [ '1.16.1' ],
2478 silly audit   '@scure/base': [ '1.2.6', '1.1.9' ],
2478 silly audit   '@scure/bip32': [ '1.7.0', '1.4.0', '1.6.2' ],
2478 silly audit   '@scure/bip39': [ '1.6.0', '1.3.0', '1.5.4' ],
2478 silly audit   '@swc/counter': [ '0.1.3' ],
2478 silly audit   '@swc/helpers': [ '0.5.13' ],
2478 silly audit   '@tybys/wasm-util': [ '0.10.4' ],
2478 silly audit   '@types/json5': [ '0.0.29' ],
2478 silly audit   '@types/node': [ '20.19.43' ],
2478 silly audit   '@types/prop-types': [ '15.7.15' ],
2478 silly audit   '@types/react': [ '18.3.31' ],
2478 silly audit   '@types/react-dom': [ '18.3.7' ],
2478 silly audit   '@typescript-eslint/eslint-plugin': [ '8.70.1' ],
2478 silly audit   ignore: [ '7.0.9', '5.3.2' ],
2478 silly audit   '@typescript-eslint/parser': [ '8.70.1' ],
2478 silly audit   '@typescript-eslint/project-service': [ '8.70.1' ],
2478 silly audit   '@typescript-eslint/scope-manager': [ '8.70.1' ],
2478 silly audit   '@typescript-eslint/tsconfig-utils': [ '8.70.1' ],
2478 silly audit   '@typescript-eslint/type-utils': [ '8.70.1' ],
2478 silly audit   '@typescript-eslint/types': [ '8.70.1' ],
2478 silly audit   '@typescript-eslint/typescript-estree': [ '8.70.1' ],
2478 silly audit   'balanced-match': [ '4.0.4', '1.0.2' ],
2478 silly audit   'brace-expansion': [ '5.0.12', '1.1.21' ],
2478 silly audit   minimatch: [ '10.2.6', '3.1.5' ],
2478 silly audit   '@typescript-eslint/utils': [ '8.70.1' ],
2478 silly audit   '@typescript-eslint/visitor-keys': [ '8.70.1' ],
2478 silly audit   'eslint-visitor-keys': [ '5.0.1', '3.4.3' ],
2478 silly audit   '@ungap/structured-clone': [ '1.4.0' ],
2478 silly audit   '@unrs/resolver-binding-android-arm-eabi': [ '1.12.2' ],
2478 silly audit   '@unrs/resolver-binding-android-arm64': [ '1.12.2' ],
2478 silly audit   '@unrs/resolver-binding-darwin-arm64': [ '1.12.2' ],
2478 silly audit   '@unrs/resolver-binding-darwin-x64': [ '1.12.2' ],
2478 silly audit   '@unrs/resolver-binding-freebsd-x64': [ '1.12.2' ],
2478 silly audit   '@unrs/resolver-binding-linux-arm-gnueabihf': [ '1.12.2' ],
2478 silly audit   '@unrs/resolver-binding-linux-arm-musleabihf': [ '1.12.2' ],
2478 silly audit   '@unrs/resolver-binding-linux-arm64-gnu': [ '1.12.2' ],
2478 silly audit   '@unrs/resolver-binding-linux-arm64-musl': [ '1.12.2' ],
2478 silly audit   '@unrs/resolver-binding-linux-loong64-gnu': [ '1.12.2' ],
2478 silly audit   '@unrs/resolver-binding-linux-loong64-musl': [ '1.12.2' ],
2478 silly audit   '@unrs/resolver-binding-linux-ppc64-gnu': [ '1.12.2' ],
2478 silly audit   '@unrs/resolver-binding-linux-riscv64-gnu': [ '1.12.2' ],
2478 silly audit   '@unrs/resolver-binding-linux-riscv64-musl': [ '1.12.2' ],
2478 silly audit   '@unrs/resolver-binding-linux-s390x-gnu': [ '1.12.2' ],
2478 silly audit   '@unrs/resolver-binding-linux-x64-gnu': [ '1.12.2' ],
2478 silly audit   '@unrs/resolver-binding-linux-x64-musl': [ '1.12.2' ],
2478 silly audit   '@unrs/resolver-binding-openharmony-arm64': [ '1.12.2' ],
2478 silly audit   '@unrs/resolver-binding-wasm32-wasi': [ '1.12.2' ],
2478 silly audit   '@unrs/resolver-binding-win32-arm64-msvc': [ '1.12.2' ],
2478 silly audit   '@unrs/resolver-binding-win32-ia32-msvc': [ '1.12.2' ],
2478 silly audit   '@unrs/resolver-binding-win32-x64-msvc': [ '1.12.2' ],
2478 silly audit   abitype: [ '1.2.3', '1.0.6', '1.0.8' ],
2478 silly audit   acorn: [ '8.18.0' ],
2478 silly audit   'acorn-jsx': [ '5.3.2' ],
2478 silly audit   ajv: [ '6.15.0' ],
2478 silly audit   'ansi-regex': [ '5.0.1' ],
2478 silly audit   'ansi-styles': [ '4.3.0' ],
2478 silly audit   'any-promise': [ '1.3.0' ],
2478 silly audit   anymatch: [ '3.1.3' ],
2478 silly audit   arg: [ '5.0.2' ],
2478 silly audit   argparse: [ '2.0.1' ],
2478 silly audit   'aria-query': [ '5.3.2' ],
2478 silly audit   'array-buffer-byte-length': [ '1.0.2' ],
2478 silly audit   'array-includes': [ '3.2.0' ],
2478 silly audit   'array.prototype.findlast': [ '1.2.5' ],
2478 silly audit   'array.prototype.findlastindex': [ '1.2.6' ],
2478 silly audit   'array.prototype.flat': [ '1.3.3' ],
2478 silly audit   'array.prototype.flatmap': [ '1.3.3' ],
2478 silly audit   'array.prototype.tosorted': [ '1.1.4' ],
2478 silly audit   'arraybuffer.prototype.slice': [ '1.0.4' ],
2478 silly audit   'ast-types-flow': [ '0.0.8' ],
2478 silly audit   'async-function': [ '1.0.0' ],
2478 silly audit   autoprefixer: [ '10.6.1' ],
2478 silly audit   'available-typed-arrays': [ '1.0.7' ],
2478 silly audit   'axe-core': [ '4.13.0' ],
2478 silly audit   'axobject-query': [ '4.1.0' ],
2478 silly audit   'baseline-browser-mapping': [ '2.11.25' ],
2478 silly audit   'binary-extensions': [ '2.3.0' ],
2478 silly audit   braces: [ '3.0.3' ],
2478 silly audit   browserslist: [ '4.29.0' ],
2478 silly audit   busboy: [ '1.6.0' ],
2478 silly audit   'call-bind': [ '1.0.9' ],
2478 silly audit   'call-bind-apply-helpers': [ '1.0.2' ],
2478 silly audit   'call-bound': [ '1.0.4' ],
2478 silly audit   callsites: [ '3.1.0' ],
2478 silly audit   'camelcase-css': [ '2.0.1' ],
2478 silly audit   'caniuse-lite': [ '1.0.30001810' ],
2478 silly audit   chalk: [ '4.1.2', '5.6.2' ],
2478 silly audit   chokidar: [ '3.6.0', '5.0.0' ],
2478 silly audit   'glob-parent': [ '5.1.2', '6.0.2' ],
2478 silly audit   'client-only': [ '0.0.1' ],
2478 silly audit   color: [ '4.2.3' ],
2478 silly audit   'color-convert': [ '2.0.1' ],
2478 silly audit   'color-name': [ '1.1.4' ],
2478 silly audit   'color-string': [ '1.9.1' ],
2478 silly audit   commander: [ '4.1.1', '14.0.2' ],
2478 silly audit   'concat-map': [ '0.0.1' ],
2478 silly audit   'cross-spawn': [ '7.0.6' ],
2478 silly audit   cssesc: [ '3.0.0' ],
2478 silly audit   csstype: [ '3.2.3' ],
2478 silly audit   'damerau-levenshtein': [ '1.0.8' ],
2478 silly audit   'data-view-buffer': [ '1.0.2' ],
2478 silly audit   'data-view-byte-length': [ '1.0.2' ],
2478 silly audit   'data-view-byte-offset': [ '1.0.1' ],
2478 silly audit   debug: [ '4.4.3', '3.2.7', '4.3.4' ],
2478 silly audit   'deep-is': [ '0.1.4' ],
2478 silly audit   'define-data-property': [ '1.1.4' ],
2478 silly audit   'define-properties': [ '1.2.1' ],
2478 silly audit   'detect-libc': [ '2.1.2' ],
2478 silly audit   didyoumean: [ '1.2.2' ],
2478 silly audit   dlv: [ '1.1.3' ],
2478 silly audit   doctrine: [ '3.0.0', '2.1.0' ],
2478 silly audit   'dunder-proto': [ '1.0.1' ],
2478 silly audit   'electron-to-chromium': [ '1.5.434' ],
2478 silly audit   'emoji-regex': [ '9.2.2', '8.0.0' ],
2478 silly audit   'es-abstract': [ '1.24.2' ],
2478 silly audit   'es-abstract-get': [ '1.0.0' ],
2478 silly audit   'es-define-property': [ '1.0.1' ],
2478 silly audit   'es-errors': [ '1.3.0' ],
2478 silly audit   'es-iterator-helpers': [ '1.4.0' ],
2478 silly audit   'es-object-atoms': [ '1.1.2' ],
2478 silly audit   'es-set-tostringtag': [ '2.1.0' ],
2478 silly audit   'es-shim-unscopables': [ '1.1.0' ],
2478 silly audit   'es-to-primitive': [ '1.3.4' ],
2478 silly audit   escalade: [ '3.2.0' ],
2478 silly audit   'escape-string-regexp': [ '4.0.0' ],
2478 silly audit   eslint: [ '8.57.1' ],
2478 silly audit   'eslint-config-next': [ '15.0.3' ],
2478 silly audit   'eslint-import-resolver-node': [ '0.3.10' ],
2478 silly audit   'eslint-import-resolver-typescript': [ '3.10.1' ],
2478 silly audit   'eslint-module-utils': [ '2.14.0' ],
2478 silly audit   'eslint-plugin-import': [ '2.32.0' ],
2478 silly audit   semver: [ '6.3.1', '7.8.5', '7.7.2' ],
2478 silly audit   'eslint-plugin-jsx-a11y': [ '6.10.2' ],
2478 silly audit   'eslint-plugin-react': [ '7.37.5' ],
2478 silly audit   'eslint-plugin-react-hooks': [ '5.2.0' ],
2478 silly audit   'eslint-scope': [ '7.2.2' ],
2478 silly audit   espree: [ '9.6.1' ],
2478 silly audit   esquery: [ '1.7.0' ],
2478 silly audit   esrecurse: [ '4.3.0' ],
2478 silly audit   estraverse: [ '5.3.0' ],
2478 silly audit   esutils: [ '2.0.3' ],
2478 silly audit   eventemitter3: [ '5.0.1' ],
2478 silly audit   'fast-deep-equal': [ '3.1.3' ],
2478 silly audit   'fast-glob': [ '3.3.1', '3.3.3' ],
2478 silly audit   'fast-json-stable-stringify': [ '2.1.0' ],
2478 silly audit   'fast-levenshtein': [ '2.0.6' ],
2478 silly audit   fastq: [ '1.20.3' ],
2478 silly audit   'file-entry-cache': [ '6.0.1' ],
2478 silly audit   'fill-range': [ '7.1.1' ],
2478 silly audit   'find-up': [ '5.0.0', '4.1.0' ],
2478 silly audit   'flat-cache': [ '3.2.0' ],
2478 silly audit   flatted: [ '3.4.4' ],
2478 silly audit   'for-each': [ '0.3.5' ],
2478 silly audit   'fraction.js': [ '5.3.4' ],
2478 silly audit   'fs.realpath': [ '1.0.0' ],
2478 silly audit   fsevents: [ '2.3.3' ],
2478 silly audit   'function-bind': [ '1.1.2' ],
2478 silly audit   'function.prototype.name': [ '1.2.0' ],
2478 silly audit   'functions-have-names': [ '1.2.3' ],
2478 silly audit   'generator-function': [ '2.0.1' ],
2478 silly audit   'genlayer-js': [ '0.1.2' ],
2478 silly audit   'get-intrinsic': [ '1.3.0' ],
2478 silly audit   'get-proto': [ '1.0.1' ],
2478 silly audit   'get-symbol-description': [ '1.1.0' ],
2478 silly audit   'get-tsconfig': [ '4.14.3' ],
2478 silly audit   glob: [ '7.2.3' ],
2478 silly audit   globals: [ '13.24.0' ],
2478 silly audit   globalthis: [ '1.0.4' ],
2478 silly audit   gopd: [ '1.2.0' ],
2478 silly audit   graphemer: [ '1.4.0' ],
2478 silly audit   'has-bigints': [ '1.1.0' ],
2478 silly audit   'has-flag': [ '4.0.0' ],
2478 silly audit   'has-property-descriptors': [ '1.0.2' ],
2478 silly audit   'has-proto': [ '1.2.0' ],
2478 silly audit   'has-symbols': [ '1.1.0' ],
2478 silly audit   'has-tostringtag': [ '1.0.2' ],
2478 silly audit   hasown: [ '2.0.4' ],
2478 silly audit   'import-fresh': [ '3.3.1' ],
2478 silly audit   imurmurhash: [ '0.1.4' ],
2478 silly audit   inflight: [ '1.0.6' ],
2478 silly audit   inherits: [ '2.0.4' ],
2478 silly audit   'internal-slot': [ '1.1.0' ],
2478 silly audit   'is-array-buffer': [ '3.0.5' ],
2478 silly audit   'is-arrayish': [ '0.3.4' ],
2478 silly audit   'is-async-function': [ '2.1.1' ],
2478 silly audit   'is-bigint': [ '1.1.0' ],
2478 silly audit   'is-binary-path': [ '2.1.0' ],
2478 silly audit   'is-boolean-object': [ '1.2.2' ],
2478 silly audit   'is-bun-module': [ '2.0.0' ],
2478 silly audit   'is-callable': [ '1.2.7' ],
2478 silly audit   'is-core-module': [ '2.17.0' ],
2478 silly audit   'is-data-view': [ '1.0.2' ],
2478 silly audit   'is-date-object': [ '1.1.0' ],
2478 silly audit   'is-document.all': [ '1.0.0' ],
2478 silly audit   'is-extglob': [ '2.1.1' ],
2478 silly audit   'is-finalizationregistry': [ '1.1.1' ],
2478 silly audit   'is-generator-function': [ '1.1.2' ],
2478 silly audit   'is-glob': [ '4.0.3' ],
2478 silly audit   'is-map': [ '2.0.3' ],
2478 silly audit   'is-negative-zero': [ '2.0.3' ],
2478 silly audit   'is-number': [ '7.0.0' ],
2478 silly audit   'is-number-object': [ '1.1.1' ],
2478 silly audit   'is-path-inside': [ '3.0.3' ],
2478 silly audit   'is-regex': [ '1.2.1' ],
2478 silly audit   'is-set': [ '2.0.3' ],
2478 silly audit   'is-shared-array-buffer': [ '1.0.4' ],
2478 silly audit   'is-string': [ '1.1.1' ],
2478 silly audit   'is-symbol': [ '1.1.1' ],
2478 silly audit   'is-typed-array': [ '1.1.15' ],
2478 silly audit   'is-weakmap': [ '2.0.2' ],
2478 silly audit   'is-weakref': [ '1.1.1' ],
2478 silly audit   'is-weakset': [ '2.0.4' ],
2478 silly audit   isarray: [ '2.0.5', '1.0.0' ],
2478 silly audit   isexe: [ '2.0.0' ],
2478 silly audit   isows: [ '1.0.7', '1.0.6' ],
2478 silly audit   'iterator.prototype': [ '1.1.5' ],
2478 silly audit   jiti: [ '1.21.7' ],
2478 silly audit   'js-tokens': [ '4.0.0' ],
2478 silly audit   'js-yaml': [ '4.3.2' ],
2478 silly audit   'json-buffer': [ '3.0.1' ],
2478 silly audit   'json-schema-traverse': [ '0.4.1' ],
2478 silly audit   'json-stable-stringify-without-jsonify': [ '1.0.1' ],
2478 silly audit   json5: [ '1.0.2' ],
2478 silly audit   'jsx-ast-utils': [ '3.3.5' ],
2478 silly audit   keyv: [ '4.5.4' ],
2478 silly audit   'language-subtag-registry': [ '0.3.23' ],
2478 silly audit   'language-tags': [ '1.0.9' ],
2478 silly audit   levn: [ '0.4.1' ],
2478 silly audit   lilconfig: [ '3.1.3' ],
2478 silly audit   'lines-and-columns': [ '1.2.4' ],
2478 silly audit   'locate-path': [ '6.0.0', '5.0.0' ],
2478 silly audit   'lodash.merge': [ '4.6.2' ],
2478 silly audit   'loose-envify': [ '1.4.0' ],
2478 silly audit   'math-intrinsics': [ '1.1.0' ],
2478 silly audit   merge2: [ '1.4.1' ],
2478 silly audit   micromatch: [ '4.0.8' ],
2478 silly audit   minimist: [ '1.2.8' ],
2478 silly audit   ms: [ '2.1.3', '2.1.2' ],
2478 silly audit   mz: [ '2.7.0' ],
2478 silly audit   nanoid: [ '3.3.19' ],
2478 silly audit   'napi-postinstall': [ '0.3.4' ],
2478 silly audit   'natural-compare': [ '1.4.0' ],
2478 silly audit   next: [ '15.0.3' ],
2478 silly audit   postcss: [ '8.4.31', '8.5.28' ],
2478 silly audit   'node-exports-info': [ '1.6.2' ],
2478 silly audit   'node-releases': [ '2.0.56' ],
2478 silly audit   'normalize-path': [ '3.0.0' ],
2478 silly audit   'object-assign': [ '4.1.1' ],
2478 silly audit   'object-hash': [ '3.0.0' ],
2478 silly audit   'object-inspect': [ '1.13.4' ],
2478 silly audit   'object-keys': [ '1.1.1' ],
2478 silly audit   'object.assign': [ '4.1.7' ],
2478 silly audit   'object.entries': [ '1.1.9' ],
2478 silly audit   'object.fromentries': [ '2.0.8' ],
2478 silly audit   'object.groupby': [ '1.0.3' ],
2478 silly audit   'object.values': [ '1.2.1' ],
2478 silly audit   once: [ '1.4.0' ],
2478 silly audit   optionator: [ '0.9.4' ],
2478 silly audit   'own-keys': [ '1.0.2' ],
2478 silly audit   ox: [
2478 silly audit     '0.14.45', '0.6.9',
2478 silly audit     '0.9.3',   '0.9.17',
2478 silly audit     '0.14.34', '0.9.1',
2478 silly audit     '0.6.7'
2478 silly audit   ],
2478 silly audit   'p-limit': [ '3.1.0', '2.3.0' ],
2478 silly audit   'p-locate': [ '5.0.0', '4.1.0' ],
2478 silly audit   'parent-module': [ '1.0.1' ],
2478 silly audit   'path-exists': [ '4.0.0' ],
2478 silly audit   'path-is-absolute': [ '1.0.1' ],
2478 silly audit   'path-key': [ '3.1.1' ],
2478 silly audit   'path-parse': [ '1.0.7' ],
2478 silly audit   picocolors: [ '1.1.1' ],
2478 silly audit   picomatch: [ '2.3.2', '4.0.7' ],
2478 silly audit   pirates: [ '4.0.7' ],
2478 silly audit   'possible-typed-array-names': [ '1.1.0' ],
2478 silly audit   'postcss-import': [ '15.1.0' ],
2478 silly audit   resolve: [ '1.22.12', '2.0.0-next.7' ],
2478 silly audit   'postcss-js': [ '4.1.0' ],
2478 silly audit   'postcss-load-config': [ '6.0.1' ],
2478 silly audit   'postcss-nested': [ '6.2.0' ],
2478 silly audit   'postcss-selector-parser': [ '6.1.4' ],
2478 silly audit   'postcss-value-parser': [ '4.2.0' ],
2478 silly audit   'prelude-ls': [ '1.2.1' ],
2478 silly audit   'prop-types': [ '15.8.1' ],
2478 silly audit   punycode: [ '2.3.1' ],
2478 silly audit   'queue-microtask': [ '1.2.3' ],
2478 silly audit   react: [ '18.3.1' ],
2478 silly audit   'react-dom': [ '18.3.1' ],
2478 silly audit   'react-is': [ '16.13.1' ],
2478 silly audit   'read-cache': [ '1.0.2' ],
2478 silly audit   readdirp: [ '3.6.0', '5.1.1' ],
2478 silly audit   'reflect.getprototypeof': [ '1.0.10' ],
2478 silly audit   'regexp.prototype.flags': [ '1.5.4' ],
2478 silly audit   'resolve-from': [ '4.0.0' ],
2478 silly audit   'resolve-pkg-maps': [ '1.0.0' ],
2478 silly audit   reusify: [ '1.1.0' ],
2478 silly audit   rimraf: [ '3.0.2' ],
2478 silly audit   'run-parallel': [ '1.2.0' ],
2478 silly audit   'safe-array-concat': [ '1.1.4' ],
2478 silly audit   'safe-push-apply': [ '1.0.0' ],
2478 silly audit   'safe-regex-test': [ '1.1.0' ],
2478 silly audit   scheduler: [ '0.23.2' ],
2478 silly audit   'set-function-length': [ '1.2.2' ],
2478 silly audit   'set-function-name': [ '2.0.2' ],
2478 silly audit   'set-proto': [ '1.0.0' ],
2478 silly audit   sharp: [ '0.33.5' ],
2478 silly audit   'shebang-command': [ '2.0.0' ],
2478 silly audit   'shebang-regex': [ '3.0.0' ],
2478 silly audit   'side-channel': [ '1.1.1' ],
2478 silly audit   'side-channel-list': [ '1.0.1' ],
2478 silly audit   'side-channel-map': [ '1.0.1' ],
2478 silly audit   'side-channel-weakmap': [ '1.0.2' ],
2478 silly audit   'simple-swizzle': [ '0.2.4' ],
2478 silly audit   'source-map-js': [ '1.2.1' ],
2478 silly audit   'stable-hash': [ '0.0.5' ],
2478 silly audit   'stop-iteration-iterator': [ '1.1.0' ],
2478 silly audit   streamsearch: [ '1.1.0' ],
2478 silly audit   'string.prototype.includes': [ '2.0.1' ],
2478 silly audit   'string.prototype.matchall': [ '4.1.0' ],
2478 silly audit   'string.prototype.repeat': [ '1.0.0' ],
2478 silly audit   'string.prototype.trim': [ '1.2.11' ],
2478 silly audit   'string.prototype.trimend': [ '1.0.10' ],
2478 silly audit   'string.prototype.trimstart': [ '1.0.8' ],
2478 silly audit   'strip-ansi': [ '6.0.1' ],
2478 silly audit   'strip-bom': [ '3.0.0' ],
2478 silly audit   'strip-json-comments': [ '3.1.1' ],
2478 silly audit   'styled-jsx': [ '5.1.6' ],
2478 silly audit   sucrase: [ '3.35.1' ],
2478 silly audit   'supports-color': [ '7.2.0' ],
2478 silly audit   'supports-preserve-symlinks-flag': [ '1.0.0' ],
2478 silly audit   tailwindcss: [ '3.4.19' ],
2478 silly audit   'text-table': [ '0.2.0' ],
2478 silly audit   thenify: [ '3.3.1' ],
2478 silly audit   'thenify-all': [ '1.6.0' ],
2478 silly audit   tinyglobby: [ '0.2.17' ],
2478 silly audit   fdir: [ '6.5.0' ],
2478 silly audit   'to-regex-range': [ '5.0.1' ],
2478 silly audit   'ts-api-utils': [ '2.5.0' ],
2478 silly audit   'ts-interface-checker': [ '0.1.13' ],
2478 silly audit   'tsconfig-paths': [ '3.15.0' ],
2478 silly audit   tslib: [ '2.8.1', '1.14.1' ],
2478 silly audit   'type-check': [ '0.4.0' ],
2478 silly audit   'type-fest': [ '0.20.2' ],
2478 silly audit   'typed-array-buffer': [ '1.0.3' ],
2478 silly audit   'typed-array-byte-length': [ '1.0.3' ],
2478 silly audit   'typed-array-byte-offset': [ '1.0.5' ],
2478 silly audit   'typed-array-length': [ '1.0.8' ],
2478 silly audit   typescript: [ '5.9.3' ],
2478 silly audit   'unbox-primitive': [ '1.1.0' ],
2478 silly audit   'undici-types': [ '6.21.0', '7.29.1' ],
2478 silly audit   'unrs-resolver': [ '1.12.2' ],
2478 silly audit   'update-browserslist-db': [ '1.3.3' ],
2478 silly audit   'uri-js': [ '4.4.1' ],
2478 silly audit   'util-deprecate': [ '1.0.2' ],
2478 silly audit   viem: [ '2.56.8', '2.56.0', '2.36.0', '2.23.2' ],
2478 silly audit   which: [ '2.0.2' ],
2478 silly audit   'which-boxed-primitive': [ '1.1.1' ],
2478 silly audit   'which-builtin-type': [ '1.2.1' ],
2478 silly audit   'which-collection': [ '1.0.2' ],
2478 silly audit   'which-typed-array': [ '1.1.24' ],
2478 silly audit   'word-wrap': [ '1.2.5' ],
2478 silly audit   wrappy: [ '1.0.2' ],
2478 silly audit   ws: [ '8.21.0', '7.5.13', '8.18.3', '8.18.0' ],
2478 silly audit   'yocto-queue': [ '0.1.0' ],
2478 silly audit   '@privy-io/react-auth': [ '3.45.0' ],
2478 silly audit   '@base-org/account': [ '1.1.1', '2.4.0' ],
2478 silly audit   '@base-ui/react': [ '1.8.0' ],
2478 silly audit   '@coinbase/wallet-sdk': [ '4.3.2', '4.3.6', '3.9.3' ],
2478 silly audit   '@floating-ui/react': [ '0.26.28' ],
2478 silly audit   '@hcaptcha/react-hcaptcha': [ '1.17.4' ],
2478 silly audit   '@headlessui/react': [ '2.2.10' ],
2478 silly audit   '@heroicons/react': [ '2.2.0' ],
2478 silly audit   '@marsidev/react-turnstile': [ '1.6.1' ],
2478 silly audit   '@privy-io/api-base': [ '1.11.0' ],
2478 silly audit   '@privy-io/api-types': [ '0.22.0' ],
2478 silly audit   '@privy-io/are-addresses-equal': [ '0.0.13' ],
2478 silly audit   '@privy-io/chains': [ '0.6.1' ],
2478 silly audit   '@privy-io/encoding': [ '0.2.3' ],
2478 silly audit   '@privy-io/ethereum': [ '0.2.4' ],
2478 silly audit   '@privy-io/js-sdk-core': [ '0.76.2' ],
2478 silly audit   '@privy-io/popup': [ '0.0.6' ],
2478 silly audit   '@privy-io/routes': [ '0.4.1' ],
2478 silly audit   '@privy-io/urls': [ '0.0.5' ],
2478 silly audit   '@simplewebauthn/browser': [ '13.3.0' ],
2478 silly audit   '@stripe/crypto': [ '1.1.3' ],
2478 silly audit   '@tanstack/react-virtual': [ '3.14.13' ],
2478 silly audit   '@wallet-standard/app': [ '1.1.0' ],
2478 silly audit   '@walletconnect/ethereum-provider': [ '2.22.4', '2.21.1' ],
2478 silly audit   '@walletconnect/universal-provider': [ '2.22.4', '2.21.9', '2.21.1', '2.21.0' ],
2478 silly audit   'fast-password-entropy': [ '1.1.1' ],
2478 silly audit   jose: [ '4.15.9', '6.2.12' ],
2478 silly audit   'js-cookie': [ '3.0.8' ],
2478 silly audit   'lucide-react': [ '0.554.0' ],
2478 silly audit   mipd: [ '0.0.7' ],
2478 silly audit   ofetch: [ '1.5.1' ],
2478 silly audit   'pino-pretty': [ '10.3.1' ],
2478 silly audit   qrcode: [ '1.5.4', '1.5.3' ],
2478 silly audit   'react-device-detect': [ '2.2.3' ],
2478 silly audit   'secure-password-utilities': [ '0.2.1' ],
2478 silly audit   'styled-components': [ '6.5.3' ],
2478 silly audit   stylis: [ '4.4.0', '4.3.6' ],
2478 silly audit   tinycolor2: [ '1.6.0' ],
2478 silly audit   x402: [ '0.7.3' ],
2478 silly audit   zustand: [ '5.0.15', '5.0.3', '5.0.0' ],
2478 silly audit   clsx: [ '1.2.1', '2.1.1' ],
2478 silly audit   'idb-keyval': [ '6.2.1' ],
2478 silly audit   preact: [ '10.24.2' ],
2478 silly audit   '@babel/runtime': [ '7.29.7' ],
2478 silly audit   '@base-ui/utils': [ '0.4.0' ],
2478 silly audit   '@floating-ui/react-dom': [ '2.1.9' ],
2478 silly audit   '@floating-ui/utils': [ '0.2.12' ],
2478 silly audit   'use-sync-external-store': [ '1.7.0', '1.4.0', '1.2.0' ],
2478 silly audit   reselect: [ '5.3.0' ],
2478 silly audit   tabbable: [ '6.5.0' ],
2478 silly audit   '@floating-ui/dom': [ '1.8.0' ],
2478 silly audit   '@floating-ui/core': [ '1.8.0' ],
2478 silly audit   '@hcaptcha/loader': [ '2.4.2' ],
2478 silly audit   '@react-aria/focus': [ '3.22.1' ],
2478 silly audit   '@react-aria/interactions': [ '3.28.1' ],
2478 silly audit   zod: [ '3.25.76', '3.22.4', '4.6.5' ],
2478 silly audit   '@privy-io/std': [ '0.0.1' ],
2478 silly audit   canonicalize: [ '2.1.0' ],
2478 silly audit   'fetch-retry': [ '6.0.0' ],
2478 silly audit   'libphonenumber-js': [ '1.13.13' ],
2478 silly audit   'set-cookie-parser': [ '2.7.2' ],
2478 silly audit   'react-aria': [ '3.52.1' ],
2478 silly audit   '@react-types/shared': [ '3.36.1' ],
2478 silly audit   '@tanstack/virtual-core': [ '3.17.11' ],
2478 silly audit   '@wallet-standard/base': [ '1.1.0' ],
2478 silly audit   '@reown/appkit': [ '1.8.9', '1.7.8' ],
2478 silly audit   '@walletconnect/jsonrpc-http-connection': [ '1.0.8' ],
2478 silly audit   '@walletconnect/jsonrpc-provider': [ '1.0.14' ],
2478 silly audit   '@walletconnect/jsonrpc-types': [ '1.0.4' ],
2478 silly audit   '@walletconnect/jsonrpc-utils': [ '1.0.8' ],
2478 silly audit   '@walletconnect/keyvaluestorage': [ '1.1.1' ],
2478 silly audit   '@walletconnect/logger': [ '3.0.0', '2.1.2' ],
2478 silly audit   '@walletconnect/sign-client': [ '2.22.4', '2.21.9', '2.21.1', '2.21.0' ],
2478 silly audit   '@walletconnect/types': [ '2.22.4', '2.21.9', '2.21.1', '2.21.0' ],
2478 silly audit   '@walletconnect/utils': [ '2.22.4', '2.21.9', '2.21.1', '2.21.0' ],
2478 silly audit   events: [ '3.3.0' ],
2478 silly audit   '@lit/react': [ '1.0.8' ],
2478 silly audit   '@reown/appkit-common': [ '1.8.9', '1.7.8' ],
2478 silly audit   '@reown/appkit-controllers': [ '1.8.9', '1.7.8' ],
2478 silly audit   '@reown/appkit-pay': [ '1.8.9', '1.7.8' ],
2478 silly audit   '@reown/appkit-polyfills': [ '1.8.9', '1.7.8' ],
2478 silly audit   '@reown/appkit-scaffold-ui': [ '1.8.9', '1.7.8' ],
2478 silly audit   '@reown/appkit-ui': [ '1.8.9', '1.7.8' ],
2478 silly audit   '@reown/appkit-utils': [ '1.8.9', '1.7.8' ],
2478 silly audit   '@reown/appkit-wallet': [ '1.8.9', '1.7.8' ],
2478 silly audit   bs58: [ '6.0.0' ],
2478 silly audit   valtio: [ '2.1.7', '1.13.2' ],
2478 silly audit   'big.js': [ '6.2.2' ],
2478 silly audit   dayjs: [ '1.11.13' ],
2478 silly audit   lit: [ '3.3.0' ],
2478 silly audit   buffer: [ '6.0.3' ],
2478 silly audit   '@phosphor-icons/webcomponents': [ '2.1.5' ],
2478 silly audit   '@wallet-standard/wallet': [ '1.1.0' ],
2478 silly audit   '@walletconnect/safe-json': [ '1.0.2' ],
2478 silly audit   'cross-fetch': [ '3.2.0', '4.1.0' ],
2478 silly audit   'keyvaluestorage-interface': [ '1.0.0' ],
2478 silly audit   '@walletconnect/environment': [ '1.0.1' ],
2478 silly audit   unstorage: [ '1.17.5' ],
2478 silly audit   pino: [ '10.0.0', '7.11.0' ],
2478 silly audit   '@walletconnect/core': [ '2.22.4', '2.21.9', '2.21.1', '2.21.0' ],
2478 silly audit   '@walletconnect/events': [ '1.0.1' ],
2478 silly audit   '@walletconnect/heartbeat': [ '1.2.2' ],
2478 silly audit   '@walletconnect/time': [ '1.0.2' ],
2478 silly audit   '@walletconnect/jsonrpc-ws-connection': [ '1.0.16' ],
2478 silly audit   '@walletconnect/relay-api': [ '1.0.11' ],
2478 silly audit   '@walletconnect/relay-auth': [ '1.1.0' ],
2478 silly audit   '@walletconnect/window-getters': [ '1.0.1' ],
2478 silly audit   'es-toolkit': [ '1.39.3', '1.33.0' ],
2478 silly audit   uint8arrays: [ '3.1.1', '3.1.0' ],
2478 silly audit   '@msgpack/msgpack': [ '3.1.2' ],
2478 silly audit   '@walletconnect/window-metadata': [ '1.0.1' ],
2478 silly audit   blakejs: [ '1.2.1' ],
2478 silly audit   'detect-browser': [ '5.3.0' ],
2478 silly audit   'base-x': [ '5.0.1' ],
2478 silly audit   'base64-js': [ '1.5.1' ],
2478 silly audit   ieee754: [ '1.2.1' ],
2478 silly audit   'node-fetch': [ '2.7.0' ],
2478 silly audit   '@lit/reactive-element': [ '2.1.2' ],
2478 silly audit   'lit-element': [ '4.2.2' ],
2478 silly audit   'lit-html': [ '3.3.3' ],
2478 silly audit   '@lit-labs/ssr-dom-shim': [ '1.6.0' ],
2478 silly audit   '@types/trusted-types': [ '2.0.7' ],
2478 silly audit   'whatwg-url': [ '5.0.0' ],
2478 silly audit   destr: [ '2.0.5' ],
2478 silly audit   'node-fetch-native': [ '1.6.7' ],
2478 silly audit   ufo: [ '1.6.4' ],
2478 silly audit   'atomic-sleep': [ '1.0.0' ],
2478 silly audit   'on-exit-leak-free': [ '2.1.2', '0.2.0' ],
2478 silly audit   'pino-abstract-transport': [ '2.0.0', '1.2.0', '0.5.0' ],
2478 silly audit   'pino-std-serializers': [ '7.1.0', '4.0.0' ],
2478 silly audit   'process-warning': [ '5.1.0', '1.0.0' ],
2478 silly audit   'quick-format-unescaped': [ '4.0.4' ],
2478 silly audit   'real-require': [ '0.2.0', '0.1.0' ],
2478 silly audit   'safe-stable-stringify': [ '2.5.0' ],
2478 silly audit   'slow-redact': [ '0.3.2' ],
2478 silly audit   'sonic-boom': [ '4.2.1', '3.8.1', '2.8.0' ],
2478 silly audit   'thread-stream': [ '3.2.0', '0.15.2' ],
2478 silly audit   split2: [ '4.2.0' ],
2478 silly audit   colorette: [ '2.0.20' ],
2478 silly audit   dateformat: [ '4.6.3' ],
2478 silly audit   'fast-copy': [ '3.1.0' ],
2478 silly audit   'fast-safe-stringify': [ '2.1.1' ],
2478 silly audit   'help-me': [ '5.0.0' ],
2478 silly audit   joycon: [ '3.1.1' ],
2478 silly audit   pump: [ '3.0.4' ],
2478 silly audit   'readable-stream': [ '4.7.0', '3.6.2', '2.3.8' ],
2478 silly audit   'secure-json-parse': [ '2.7.0' ],
2478 silly audit   'end-of-stream': [ '1.4.5' ],
2478 silly audit   dijkstrajs: [ '1.0.3' ],
2478 silly audit   pngjs: [ '5.0.0' ],
2478 silly audit   yargs: [ '15.4.1' ],
2478 silly audit   '@internationalized/date': [ '3.12.4' ],
2478 silly audit   '@internationalized/number': [ '3.6.8' ],
2478 silly audit   '@internationalized/string': [ '3.2.10' ],
2478 silly audit   'aria-hidden': [ '1.2.6' ],
2478 silly audit   'react-stately': [ '3.50.0' ],
2478 silly audit   'ua-parser-js': [ '1.0.41' ],
2478 silly audit   'abort-controller': [ '3.0.0' ],
2478 silly audit   process: [ '0.11.10' ],
2478 silly audit   string_decoder: [ '1.3.0', '1.1.1' ],
2478 silly audit   'event-target-shim': [ '5.0.1' ],
2478 silly audit   'safe-buffer': [ '5.2.1', '5.1.2' ],
2478 silly audit   '@emotion/is-prop-valid': [ '1.4.0' ],
2478 silly audit   'css-to-react-native': [ '3.2.0' ],
2478 silly audit   '@emotion/memoize': [ '0.9.0' ],
2478 silly audit   camelize: [ '1.0.1' ],
2478 silly audit   'css-color-keywords': [ '1.0.0' ],
2478 silly audit   multiformats: [ '9.9.0' ],
2478 silly audit   h3: [ '1.15.11' ],
2478 silly audit   'lru-cache': [ '11.5.3' ],
2478 silly audit   'cookie-es': [ '1.2.3' ],
2478 silly audit   crossws: [ '0.3.5' ],
2478 silly audit   defu: [ '6.1.7' ],
2478 silly audit   'iron-webcrypto': [ '1.2.1' ],
2478 silly audit   'node-mock-http': [ '1.0.5' ],
2478 silly audit   radix3: [ '1.1.2' ],
2478 silly audit   uncrypto: [ '0.1.3' ],
2478 silly audit   'proxy-compare': [ '3.0.1', '2.6.0' ],
2478 silly audit   tr46: [ '0.0.3' ],
2478 silly audit   'webidl-conversions': [ '3.0.1' ],
2478 silly audit   '@solana-program/compute-budget': [ '0.11.0' ],
2478 silly audit   '@solana-program/token': [ '0.9.0' ],
2478 silly audit   '@solana-program/token-2022': [ '0.6.1' ],
2478 silly audit   '@solana/kit': [ '5.5.1' ],
2478 silly audit   '@solana/transaction-confirmation': [ '5.5.1' ],
2478 silly audit   '@solana/wallet-standard-features': [ '1.3.0' ],
2478 silly audit   '@wallet-standard/features': [ '1.1.0' ],
2478 silly audit   wagmi: [ '2.19.5' ],
2478 silly audit   '@solana/accounts': [ '5.5.1' ],
2478 silly audit   '@solana/addresses': [ '5.5.1' ],
2478 silly audit   '@solana/codecs': [ '5.5.1' ],
2478 silly audit   '@solana/errors': [ '5.5.1' ],
2478 silly audit   '@solana/functional': [ '5.5.1' ],
2478 silly audit   '@solana/instruction-plans': [ '5.5.1' ],
2478 silly audit   '@solana/instructions': [ '5.5.1' ],
2478 silly audit   '@solana/keys': [ '5.5.1' ],
2478 silly audit   '@solana/offchain-messages': [ '5.5.1' ],
2478 silly audit   '@solana/plugin-core': [ '5.5.1' ],
2478 silly audit   '@solana/programs': [ '5.5.1' ],
2478 silly audit   '@solana/rpc': [ '5.5.1' ],
2478 silly audit   '@solana/rpc-api': [ '5.5.1' ],
2478 silly audit   '@solana/rpc-parsed-types': [ '5.5.1' ],
2478 silly audit   '@solana/rpc-spec-types': [ '5.5.1' ],
2478 silly audit   '@solana/rpc-subscriptions': [ '5.5.1' ],
2478 silly audit   '@solana/rpc-types': [ '5.5.1' ],
2478 silly audit   '@solana/signers': [ '5.5.1' ],
2478 silly audit   '@solana/sysvars': [ '5.5.1' ],
2478 silly audit   '@solana/transaction-messages': [ '5.5.1' ],
2478 silly audit   '@solana/transactions': [ '5.5.1' ],
2478 silly audit   '@solana/codecs-core': [ '5.5.1' ],
2478 silly audit   '@solana/codecs-strings': [ '5.5.1' ],
2478 silly audit   '@solana/rpc-spec': [ '5.5.1' ],
2478 silly audit   '@solana/assertions': [ '5.5.1' ],
2478 silly audit   '@solana/nominal-types': [ '5.5.1' ],
2478 silly audit   '@solana/codecs-data-structures': [ '5.5.1' ],
2478 silly audit   '@solana/codecs-numbers': [ '5.5.1' ],
2478 silly audit   '@solana/options': [ '5.5.1' ],
2478 silly audit   '@solana/promises': [ '5.5.1' ],
2478 silly audit   '@solana/fast-stable-stringify': [ '5.5.1' ],
2478 silly audit   '@solana/rpc-transformers': [ '5.5.1' ],
2478 silly audit   '@solana/rpc-transport-http': [ '5.5.1' ],
2478 silly audit   '@solana/rpc-subscriptions-api': [ '5.5.1' ],
2478 silly audit   '@solana/rpc-subscriptions-channel-websocket': [ '5.5.1' ],
2478 silly audit   '@solana/rpc-subscriptions-spec': [ '5.5.1' ],
2478 silly audit   '@solana/subscribable': [ '5.5.1' ],
2478 silly audit   '@wagmi/connectors': [ '6.2.0' ],
2478 silly audit   '@wagmi/core': [ '2.22.1' ],
2478 silly audit   '@gemini-wallet/core': [ '0.3.2' ],
2478 silly audit   '@metamask/sdk': [ '0.33.1' ],
2478 silly audit   '@safe-global/safe-apps-provider': [ '0.18.6' ],
2478 silly audit   '@safe-global/safe-apps-sdk': [ '9.1.0' ],
2478 silly audit   porto: [ '0.2.35' ],
2478 silly audit   '@metamask/rpc-errors': [ '7.0.2', '6.4.0' ],
2478 silly audit   '@metamask/utils': [ '11.12.1', '8.5.0', '5.0.2', '9.3.0' ],
2478 silly audit   '@metamask/onboarding': [ '1.0.1' ],
2478 silly audit   '@metamask/providers': [ '16.1.0' ],
2478 silly audit   '@metamask/sdk-analytics': [ '0.0.5' ],
2478 silly audit   '@metamask/sdk-communication-layer': [ '0.33.1' ],
2478 silly audit   '@metamask/sdk-install-modal-web': [ '0.32.1' ],
2478 silly audit   '@paulmillr/qr': [ '0.2.1' ],
2478 silly audit   bowser: [ '2.14.1' ],
2478 silly audit   eciesjs: [ '0.4.18' ],
2478 silly audit   'eth-rpc-errors': [ '4.0.3' ],
2478 silly audit   eventemitter2: [ '6.4.9' ],
2478 silly audit   'obj-multiplex': [ '1.0.0' ],
2478 silly audit   'socket.io-client': [ '4.8.3' ],
2478 silly audit   util: [ '0.12.5' ],
2478 silly audit   uuid: [ '8.3.2', '9.0.1' ],
2478 silly audit   '@metamask/json-rpc-engine': [ '8.0.2', '7.3.3' ],
2478 silly audit   '@metamask/json-rpc-middleware-stream': [ '7.0.2' ],
2478 silly audit   '@metamask/object-multiplex': [ '2.1.0' ],
2478 silly audit   '@metamask/safe-event-emitter': [ '3.1.3', '2.0.0' ],
2478 silly audit   'extension-port-stream': [ '3.0.0' ],
2478 silly audit   'is-stream': [ '2.0.1' ],
2478 silly audit   'webextension-polyfill': [ '0.10.0' ],
2478 silly audit   'openapi-fetch': [ '0.13.8' ],
2478 silly audit   bufferutil: [ '4.1.0' ],
2478 silly audit   'date-fns': [ '2.30.0' ],
2478 silly audit   'utf-8-validate': [ '5.0.10' ],
2478 silly audit   '@ethereumjs/tx': [ '4.2.0' ],
2478 silly audit   '@metamask/scure-bip39': [ '2.1.1' ],
2478 silly audit   '@metamask/superstruct': [ '3.4.1' ],
2478 silly audit   '@types/debug': [ '4.1.13' ],
2478 silly audit   '@types/lodash': [ '4.17.25' ],
2478 silly audit   lodash: [ '4.18.1' ],
2478 silly audit   'pony-cause': [ '2.1.11' ],
2478 silly audit   '@ethereumjs/common': [ '3.2.0' ],
2478 silly audit   '@ethereumjs/rlp': [ '4.0.1' ],
2478 silly audit   '@ethereumjs/util': [ '8.1.0' ],
2478 silly audit   'ethereum-cryptography': [ '2.2.1' ],
2478 silly audit   'crc-32': [ '1.2.2' ],
2478 silly audit   'micro-ftch': [ '0.3.1' ],
2478 silly audit   '@safe-global/safe-gateway-typescript-sdk': [ '3.23.1' ],
2478 silly audit   '@types/ms': [ '2.1.0' ],
2478 silly audit   'node-gyp-build': [ '4.8.4' ],
2478 silly audit   'bn.js': [ '5.2.5' ],
2478 silly audit   'eth-block-tracker': [ '7.1.0' ],
2478 silly audit   'eth-json-rpc-filters': [ '6.0.1' ],
2478 silly audit   keccak: [ '3.0.4' ],
2478 silly audit   'sha.js': [ '2.4.12' ],
2478 silly audit   '@ecies/ciphers': [ '0.2.6' ],
2478 silly audit   '@metamask/eth-json-rpc-provider': [ '1.0.1' ],
2478 silly audit   'json-rpc-random-id': [ '1.0.1' ],
2478 silly audit   pify: [ '3.0.0', '5.0.0' ],
2478 silly audit   'async-mutex': [ '0.2.6' ],
2478 silly audit   'eth-query': [ '2.1.2' ],
2478 silly audit   'json-rpc-engine': [ '6.1.0' ],
2478 silly audit   xtend: [ '4.0.2' ],
2478 silly audit   'node-addon-api': [ '2.0.2' ],
2478 silly audit   'openapi-typescript-helpers': [ '0.0.15' ],
2478 silly audit   hono: [ '4.13.8' ],
2478 silly audit   'to-buffer': [ '1.2.2' ],
2478 silly audit   '@socket.io/component-emitter': [ '3.1.2' ],
2478 silly audit   'engine.io-client': [ '6.6.6' ],
2478 silly audit   'socket.io-parser': [ '4.2.7' ],
2478 silly audit   'engine.io-parser': [ '5.2.3' ],
2478 silly audit   'xmlhttprequest-ssl': [ '2.1.2' ],
2478 silly audit   'is-arguments': [ '1.2.0' ],
2478 silly audit   cliui: [ '6.0.0' ],
2478 silly audit   decamelize: [ '1.2.0' ],
2478 silly audit   'get-caller-file': [ '2.0.5' ],
2478 silly audit   'require-directory': [ '2.1.1' ],
2478 silly audit   'require-main-filename': [ '2.0.0' ],
2478 silly audit   'set-blocking': [ '2.0.0' ],
2478 silly audit   'string-width': [ '4.2.3' ],
2478 silly audit   'which-module': [ '2.0.1' ],
2478 silly audit   y18n: [ '4.0.3' ],
2478 silly audit   'yargs-parser': [ '18.1.3' ],
2478 silly audit   'wrap-ansi': [ '6.2.0' ],
2478 silly audit   'is-fullwidth-code-point': [ '3.0.0' ],
2478 silly audit   camelcase: [ '5.3.1' ],
2478 silly audit   superstruct: [ '1.0.4' ],
2478 silly audit   'fast-redact': [ '3.5.0' ],
2478 silly audit   duplexify: [ '4.1.3' ],
2478 silly audit   'stream-shift': [ '1.0.3' ],
2478 silly audit   'encode-utf8': [ '1.0.3' ],
2478 silly audit   '@coinbase/cdp-sdk': [ '1.56.0' ],
2478 silly audit   '@solana-program/system': [ '0.10.0' ],
2478 silly audit   axios: [ '1.20.0' ],
2478 silly audit   'axios-retry': [ '4.5.0' ],
2478 silly audit   md5: [ '2.3.0' ],
2478 silly audit   'follow-redirects': [ '1.16.0' ],
2478 silly audit   'form-data': [ '4.0.6' ],
2478 silly audit   'https-proxy-agent': [ '5.0.1' ],
2478 silly audit   'proxy-from-env': [ '2.1.0' ],
2478 silly audit   'is-retry-allowed': [ '2.2.0' ],
2478 silly audit   asynckit: [ '0.4.0' ],
2478 silly audit   'combined-stream': [ '1.0.8' ],
2478 silly audit   'mime-types': [ '2.1.35' ],
2478 silly audit   'delayed-stream': [ '1.0.0' ],
2478 silly audit   'agent-base': [ '6.0.2' ],
2478 silly audit   charenc: [ '0.0.2' ],
2478 silly audit   crypt: [ '0.0.2' ],
2478 silly audit   'is-buffer': [ '1.1.6' ],
2478 silly audit   'mime-db': [ '1.52.0' ],
2478 silly audit   'query-string': [ '7.1.3' ],
2478 silly audit   'decode-uri-component': [ '0.2.2' ],
2478 silly audit   'filter-obj': [ '1.1.0' ],
2478 silly audit   'split-on-first': [ '1.1.0' ],
2478 silly audit   'strict-uri-encode': [ '2.0.0' ],
2478 silly audit   'derive-valtio': [ '0.1.0' ],
2478 silly audit   'core-util-is': [ '1.0.3' ],
2478 silly audit   'process-nextick-args': [ '2.0.1' ],
2478 silly audit   'p-try': [ '2.2.0' ]
2478 silly audit }
2479 verbose reify failed optional dependency /home/user/frontend/node_modules/fsevents
2480 silly reify mark deleted [ '/home/user/frontend/node_modules/fsevents' ]
2481 verbose reify failed optional dependency /home/user/frontend/node_modules/@unrs/resolver-binding-win32-x64-msvc
2482 silly reify mark deleted [
2482 silly reify   '/home/user/frontend/node_modules/@unrs/resolver-binding-win32-x64-msvc'
2482 silly reify ]
2483 verbose reify failed optional dependency /home/user/frontend/node_modules/@unrs/resolver-binding-win32-ia32-msvc
2484 silly reify mark deleted [
2484 silly reify   '/home/user/frontend/node_modules/@unrs/resolver-binding-win32-ia32-msvc'
2484 silly reify ]
2485 verbose reify failed optional dependency /home/user/frontend/node_modules/@unrs/resolver-binding-win32-arm64-msvc
2486 silly reify mark deleted [
2486 silly reify   '/home/user/frontend/node_modules/@unrs/resolver-binding-win32-arm64-msvc'
2486 silly reify ]
2487 verbose reify failed optional dependency /home/user/frontend/node_modules/@unrs/resolver-binding-wasm32-wasi
2488 silly reify mark deleted [
2488 silly reify   '/home/user/frontend/node_modules/@unrs/resolver-binding-wasm32-wasi'
2488 silly reify ]
2489 verbose reify failed optional dependency /home/user/frontend/node_modules/@emnapi/core
2490 silly reify mark deleted [ '/home/user/frontend/node_modules/@emnapi/core' ]
2491 verbose reify failed optional dependency /home/user/frontend/node_modules/@unrs/resolver-binding-wasm32-wasi/node_modules/@emnapi/runtime
2492 silly reify mark deleted [
2492 silly reify   '/home/user/frontend/node_modules/@unrs/resolver-binding-wasm32-wasi/node_modules/@emnapi/runtime'
2492 silly reify ]
2493 verbose reify failed optional dependency /home/user/frontend/node_modules/@napi-rs/wasm-runtime
2494 silly reify mark deleted [ '/home/user/frontend/node_modules/@napi-rs/wasm-runtime' ]
2495 verbose reify failed optional dependency /home/user/frontend/node_modules/@emnapi/wasi-threads
2496 silly reify mark deleted [ '/home/user/frontend/node_modules/@emnapi/wasi-threads' ]
2497 verbose reify failed optional dependency /home/user/frontend/node_modules/@tybys/wasm-util
2498 silly reify mark deleted [ '/home/user/frontend/node_modules/@tybys/wasm-util' ]
2499 verbose reify failed optional dependency /home/user/frontend/node_modules/@unrs/resolver-binding-openharmony-arm64
2500 silly reify mark deleted [
2500 silly reify   '/home/user/frontend/node_modules/@unrs/resolver-binding-openharmony-arm64'
2500 silly reify ]
2501 verbose reify failed optional dependency /home/user/frontend/node_modules/@unrs/resolver-binding-linux-s390x-gnu
2502 silly reify mark deleted [
2502 silly reify   '/home/user/frontend/node_modules/@unrs/resolver-binding-linux-s390x-gnu'
2502 silly reify ]
2503 verbose reify failed optional dependency /home/user/frontend/node_modules/@unrs/resolver-binding-linux-riscv64-musl
2504 silly reify mark deleted [
2504 silly reify   '/home/user/frontend/node_modules/@unrs/resolver-binding-linux-riscv64-musl'
2504 silly reify ]
2505 verbose reify failed optional dependency /home/user/frontend/node_modules/@unrs/resolver-binding-linux-riscv64-gnu
2506 silly reify mark deleted [
2506 silly reify   '/home/user/frontend/node_modules/@unrs/resolver-binding-linux-riscv64-gnu'
2506 silly reify ]
2507 verbose reify failed optional dependency /home/user/frontend/node_modules/@unrs/resolver-binding-linux-ppc64-gnu
2508 silly reify mark deleted [
2508 silly reify   '/home/user/frontend/node_modules/@unrs/resolver-binding-linux-ppc64-gnu'
2508 silly reify ]
2509 verbose reify failed optional dependency /home/user/frontend/node_modules/@unrs/resolver-binding-linux-loong64-musl
2510 silly reify mark deleted [
2510 silly reify   '/home/user/frontend/node_modules/@unrs/resolver-binding-linux-loong64-musl'
2510 silly reify ]
2511 verbose reify failed optional dependency /home/user/frontend/node_modules/@unrs/resolver-binding-linux-loong64-gnu
2512 silly reify mark deleted [
2512 silly reify   '/home/user/frontend/node_modules/@unrs/resolver-binding-linux-loong64-gnu'
2512 silly reify ]
2513 verbose reify failed optional dependency /home/user/frontend/node_modules/@unrs/resolver-binding-linux-arm64-musl
2514 silly reify mark deleted [
2514 silly reify   '/home/user/frontend/node_modules/@unrs/resolver-binding-linux-arm64-musl'
2514 silly reify ]
2515 verbose reify failed optional dependency /home/user/frontend/node_modules/@unrs/resolver-binding-linux-arm64-gnu
2516 silly reify mark deleted [
2516 silly reify   '/home/user/frontend/node_modules/@unrs/resolver-binding-linux-arm64-gnu'
2516 silly reify ]
2517 verbose reify failed optional dependency /home/user/frontend/node_modules/@unrs/resolver-binding-linux-arm-musleabihf
2518 silly reify mark deleted [
2518 silly reify   '/home/user/frontend/node_modules/@unrs/resolver-binding-linux-arm-musleabihf'
2518 silly reify ]
2519 verbose reify failed optional dependency /home/user/frontend/node_modules/@unrs/resolver-binding-linux-arm-gnueabihf
2520 silly reify mark deleted [
2520 silly reify   '/home/user/frontend/node_modules/@unrs/resolver-binding-linux-arm-gnueabihf'
2520 silly reify ]
2521 verbose reify failed optional dependency /home/user/frontend/node_modules/@unrs/resolver-binding-freebsd-x64
2522 silly reify mark deleted [
2522 silly reify   '/home/user/frontend/node_modules/@unrs/resolver-binding-freebsd-x64'
2522 silly reify ]
2523 verbose reify failed optional dependency /home/user/frontend/node_modules/@unrs/resolver-binding-darwin-x64
2524 silly reify mark deleted [
2524 silly reify   '/home/user/frontend/node_modules/@unrs/resolver-binding-darwin-x64'
2524 silly reify ]
2525 verbose reify failed optional dependency /home/user/frontend/node_modules/@unrs/resolver-binding-darwin-arm64
2526 silly reify mark deleted [
2526 silly reify   '/home/user/frontend/node_modules/@unrs/resolver-binding-darwin-arm64'
2526 silly reify ]
2527 verbose reify failed optional dependency /home/user/frontend/node_modules/@unrs/resolver-binding-android-arm64
2528 silly reify mark deleted [
2528 silly reify   '/home/user/frontend/node_modules/@unrs/resolver-binding-android-arm64'
2528 silly reify ]
2529 verbose reify failed optional dependency /home/user/frontend/node_modules/@unrs/resolver-binding-android-arm-eabi
2530 silly reify mark deleted [
2530 silly reify   '/home/user/frontend/node_modules/@unrs/resolver-binding-android-arm-eabi'
2530 silly reify ]
2531 verbose reify failed optional dependency /home/user/frontend/node_modules/@next/swc-win32-x64-msvc
2532 silly reify mark deleted [ '/home/user/frontend/node_modules/@next/swc-win32-x64-msvc' ]
2533 verbose reify failed optional dependency /home/user/frontend/node_modules/@next/swc-win32-arm64-msvc
2534 silly reify mark deleted [ '/home/user/frontend/node_modules/@next/swc-win32-arm64-msvc' ]
2535 verbose reify failed optional dependency /home/user/frontend/node_modules/@next/swc-linux-arm64-musl
2536 silly reify mark deleted [ '/home/user/frontend/node_modules/@next/swc-linux-arm64-musl' ]
2537 verbose reify failed optional dependency /home/user/frontend/node_modules/@next/swc-linux-arm64-gnu
2538 silly reify mark deleted [ '/home/user/frontend/node_modules/@next/swc-linux-arm64-gnu' ]
2539 verbose reify failed optional dependency /home/user/frontend/node_modules/@next/swc-darwin-x64
2540 silly reify mark deleted [ '/home/user/frontend/node_modules/@next/swc-darwin-x64' ]
2541 verbose reify failed optional dependency /home/user/frontend/node_modules/@next/swc-darwin-arm64
2542 silly reify mark deleted [ '/home/user/frontend/node_modules/@next/swc-darwin-arm64' ]
2543 verbose reify failed optional dependency /home/user/frontend/node_modules/@img/sharp-win32-x64
2544 silly reify mark deleted [ '/home/user/frontend/node_modules/@img/sharp-win32-x64' ]
2545 verbose reify failed optional dependency /home/user/frontend/node_modules/@img/sharp-win32-ia32
2546 silly reify mark deleted [ '/home/user/frontend/node_modules/@img/sharp-win32-ia32' ]
2547 verbose reify failed optional dependency /home/user/frontend/node_modules/@img/sharp-wasm32
2548 silly reify mark deleted [ '/home/user/frontend/node_modules/@img/sharp-wasm32' ]
2549 verbose reify failed optional dependency /home/user/frontend/node_modules/@emnapi/runtime
2550 silly reify mark deleted [ '/home/user/frontend/node_modules/@emnapi/runtime' ]
2551 verbose reify failed optional dependency /home/user/frontend/node_modules/@img/sharp-linuxmusl-arm64
2552 silly reify mark deleted [ '/home/user/frontend/node_modules/@img/sharp-linuxmusl-arm64' ]
2553 verbose reify failed optional dependency /home/user/frontend/node_modules/@img/sharp-linux-s390x
2554 silly reify mark deleted [ '/home/user/frontend/node_modules/@img/sharp-linux-s390x' ]
2555 verbose reify failed optional dependency /home/user/frontend/node_modules/@img/sharp-linux-arm64
2556 silly reify mark deleted [ '/home/user/frontend/node_modules/@img/sharp-linux-arm64' ]
2557 verbose reify failed optional dependency /home/user/frontend/node_modules/@img/sharp-linux-arm
2558 silly reify mark deleted [ '/home/user/frontend/node_modules/@img/sharp-linux-arm' ]
2559 verbose reify failed optional dependency /home/user/frontend/node_modules/@img/sharp-libvips-linuxmusl-arm64
2560 silly reify mark deleted [
2560 silly reify   '/home/user/frontend/node_modules/@img/sharp-libvips-linuxmusl-arm64'
2560 silly reify ]
2561 verbose reify failed optional dependency /home/user/frontend/node_modules/@img/sharp-libvips-linux-s390x
2562 silly reify mark deleted [ '/home/user/frontend/node_modules/@img/sharp-libvips-linux-s390x' ]
2563 verbose reify failed optional dependency /home/user/frontend/node_modules/@img/sharp-libvips-linux-arm64
2564 silly reify mark deleted [ '/home/user/frontend/node_modules/@img/sharp-libvips-linux-arm64' ]
2565 verbose reify failed optional dependency /home/user/frontend/node_modules/@img/sharp-libvips-linux-arm
2566 silly reify mark deleted [ '/home/user/frontend/node_modules/@img/sharp-libvips-linux-arm' ]
2567 verbose reify failed optional dependency /home/user/frontend/node_modules/@img/sharp-libvips-darwin-x64
2568 silly reify mark deleted [ '/home/user/frontend/node_modules/@img/sharp-libvips-darwin-x64' ]
2569 verbose reify failed optional dependency /home/user/frontend/node_modules/@img/sharp-libvips-darwin-arm64
2570 silly reify mark deleted [ '/home/user/frontend/node_modules/@img/sharp-libvips-darwin-arm64' ]
2571 verbose reify failed optional dependency /home/user/frontend/node_modules/@img/sharp-darwin-x64
2572 silly reify mark deleted [ '/home/user/frontend/node_modules/@img/sharp-darwin-x64' ]
2573 verbose reify failed optional dependency /home/user/frontend/node_modules/@img/sharp-darwin-arm64
2574 silly reify mark deleted [ '/home/user/frontend/node_modules/@img/sharp-darwin-arm64' ]
2575 silly tarball no local data for p-try@https://registry.npmjs.org/p-try/-/p-try-2.2.0.tgz. Extracting by manifest.
2576 silly tarball no local data for process-nextick-args@https://registry.npmjs.org/process-nextick-args/-/process-nextick-args-2.0.1.tgz. Extracting by manifest.
2577 silly tarball no local data for core-util-is@https://registry.npmjs.org/core-util-is/-/core-util-is-1.0.3.tgz. Extracting by manifest.
2578 silly tarball no local data for derive-valtio@https://registry.npmjs.org/derive-valtio/-/derive-valtio-0.1.0.tgz. Extracting by manifest.
2579 silly tarball no local data for strict-uri-encode@https://registry.npmjs.org/strict-uri-encode/-/strict-uri-encode-2.0.0.tgz. Extracting by manifest.
2580 silly tarball no local data for split-on-first@https://registry.npmjs.org/split-on-first/-/split-on-first-1.1.0.tgz. Extracting by manifest.
2581 silly tarball no local data for filter-obj@https://registry.npmjs.org/filter-obj/-/filter-obj-1.1.0.tgz. Extracting by manifest.
2582 silly tarball no local data for decode-uri-component@https://registry.npmjs.org/decode-uri-component/-/decode-uri-component-0.2.2.tgz. Extracting by manifest.
2583 silly tarball no local data for query-string@https://registry.npmjs.org/query-string/-/query-string-7.1.3.tgz. Extracting by manifest.
2584 silly tarball no local data for mime-db@https://registry.npmjs.org/mime-db/-/mime-db-1.52.0.tgz. Extracting by manifest.
2585 silly tarball no local data for is-buffer@https://registry.npmjs.org/is-buffer/-/is-buffer-1.1.6.tgz. Extracting by manifest.
2586 silly tarball no local data for crypt@https://registry.npmjs.org/crypt/-/crypt-0.0.2.tgz. Extracting by manifest.
2587 silly tarball no local data for charenc@https://registry.npmjs.org/charenc/-/charenc-0.0.2.tgz. Extracting by manifest.
2588 silly tarball no local data for agent-base@https://registry.npmjs.org/agent-base/-/agent-base-6.0.2.tgz. Extracting by manifest.
2589 silly tarball no local data for delayed-stream@https://registry.npmjs.org/delayed-stream/-/delayed-stream-1.0.0.tgz. Extracting by manifest.
2590 silly tarball no local data for combined-stream@https://registry.npmjs.org/combined-stream/-/combined-stream-1.0.8.tgz. Extracting by manifest.
2591 silly tarball no local data for asynckit@https://registry.npmjs.org/asynckit/-/asynckit-0.4.0.tgz. Extracting by manifest.
2592 silly tarball no local data for mime-types@https://registry.npmjs.org/mime-types/-/mime-types-2.1.35.tgz. Extracting by manifest.
2593 silly tarball no local data for is-retry-allowed@https://registry.npmjs.org/is-retry-allowed/-/is-retry-allowed-2.2.0.tgz. Extracting by manifest.
2594 silly tarball no local data for proxy-from-env@https://registry.npmjs.org/proxy-from-env/-/proxy-from-env-2.1.0.tgz. Extracting by manifest.
2595 silly tarball no local data for https-proxy-agent@https://registry.npmjs.org/https-proxy-agent/-/https-proxy-agent-5.0.1.tgz. Extracting by manifest.
2596 silly tarball no local data for form-data@https://registry.npmjs.org/form-data/-/form-data-4.0.6.tgz. Extracting by manifest.
2597 silly tarball no local data for follow-redirects@https://registry.npmjs.org/follow-redirects/-/follow-redirects-1.16.0.tgz. Extracting by manifest.
2598 silly tarball no local data for md5@https://registry.npmjs.org/md5/-/md5-2.3.0.tgz. Extracting by manifest.
2599 silly tarball no local data for axios-retry@https://registry.npmjs.org/axios-retry/-/axios-retry-4.5.0.tgz. Extracting by manifest.
2600 silly tarball no local data for axios@https://registry.npmjs.org/axios/-/axios-1.20.0.tgz. Extracting by manifest.
2601 silly tarball no local data for @solana-program/system@https://registry.npmjs.org/@solana-program/system/-/system-0.10.0.tgz. Extracting by manifest.
2602 silly tarball no local data for @coinbase/cdp-sdk@https://registry.npmjs.org/@coinbase/cdp-sdk/-/cdp-sdk-1.56.0.tgz. Extracting by manifest.
2603 silly tarball no local data for encode-utf8@https://registry.npmjs.org/encode-utf8/-/encode-utf8-1.0.3.tgz. Extracting by manifest.
2604 silly tarball no local data for stream-shift@https://registry.npmjs.org/stream-shift/-/stream-shift-1.0.3.tgz. Extracting by manifest.
2605 silly tarball no local data for duplexify@https://registry.npmjs.org/duplexify/-/duplexify-4.1.3.tgz. Extracting by manifest.
2606 silly tarball no local data for fast-redact@https://registry.npmjs.org/fast-redact/-/fast-redact-3.5.0.tgz. Extracting by manifest.
2607 silly tarball no local data for superstruct@https://registry.npmjs.org/superstruct/-/superstruct-1.0.4.tgz. Extracting by manifest.
2608 silly tarball no local data for camelcase@https://registry.npmjs.org/camelcase/-/camelcase-5.3.1.tgz. Extracting by manifest.
2609 silly tarball no local data for is-fullwidth-code-point@https://registry.npmjs.org/is-fullwidth-code-point/-/is-fullwidth-code-point-3.0.0.tgz. Extracting by manifest.
2610 silly tarball no local data for wrap-ansi@https://registry.npmjs.org/wrap-ansi/-/wrap-ansi-6.2.0.tgz. Extracting by manifest.
2611 silly tarball no local data for yargs-parser@https://registry.npmjs.org/yargs-parser/-/yargs-parser-18.1.3.tgz. Extracting by manifest.
2612 silly tarball no local data for y18n@https://registry.npmjs.org/y18n/-/y18n-4.0.3.tgz. Extracting by manifest.
2613 silly tarball no local data for which-module@https://registry.npmjs.org/which-module/-/which-module-2.0.1.tgz. Extracting by manifest.
2614 silly tarball no local data for string-width@https://registry.npmjs.org/string-width/-/string-width-4.2.3.tgz. Extracting by manifest.
2615 silly tarball no local data for set-blocking@https://registry.npmjs.org/set-blocking/-/set-blocking-2.0.0.tgz. Extracting by manifest.
2616 silly tarball no local data for require-main-filename@https://registry.npmjs.org/require-main-filename/-/require-main-filename-2.0.0.tgz. Extracting by manifest.
2617 silly tarball no local data for require-directory@https://registry.npmjs.org/require-directory/-/require-directory-2.1.1.tgz. Extracting by manifest.
2618 silly tarball no local data for get-caller-file@https://registry.npmjs.org/get-caller-file/-/get-caller-file-2.0.5.tgz. Extracting by manifest.
2619 silly tarball no local data for decamelize@https://registry.npmjs.org/decamelize/-/decamelize-1.2.0.tgz. Extracting by manifest.
2620 silly tarball no local data for cliui@https://registry.npmjs.org/cliui/-/cliui-6.0.0.tgz. Extracting by manifest.
2621 silly tarball no local data for is-arguments@https://registry.npmjs.org/is-arguments/-/is-arguments-1.2.0.tgz. Extracting by manifest.
2622 silly tarball no local data for xmlhttprequest-ssl@https://registry.npmjs.org/xmlhttprequest-ssl/-/xmlhttprequest-ssl-2.1.2.tgz. Extracting by manifest.
2623 silly tarball no local data for engine.io-parser@https://registry.npmjs.org/engine.io-parser/-/engine.io-parser-5.2.3.tgz. Extracting by manifest.
2624 silly tarball no local data for socket.io-parser@https://registry.npmjs.org/socket.io-parser/-/socket.io-parser-4.2.7.tgz. Extracting by manifest.
2625 silly tarball no local data for engine.io-client@https://registry.npmjs.org/engine.io-client/-/engine.io-client-6.6.6.tgz. Extracting by manifest.
2626 silly tarball no local data for @socket.io/component-emitter@https://registry.npmjs.org/@socket.io/component-emitter/-/component-emitter-3.1.2.tgz. Extracting by manifest.
2627 silly tarball no local data for to-buffer@https://registry.npmjs.org/to-buffer/-/to-buffer-1.2.2.tgz. Extracting by manifest.
2628 silly tarball no local data for hono@https://registry.npmjs.org/hono/-/hono-4.13.8.tgz. Extracting by manifest.
2629 silly tarball no local data for openapi-typescript-helpers@https://registry.npmjs.org/openapi-typescript-helpers/-/openapi-typescript-helpers-0.0.15.tgz. Extracting by manifest.
2630 silly tarball no local data for node-addon-api@https://registry.npmjs.org/node-addon-api/-/node-addon-api-2.0.2.tgz. Extracting by manifest.
2631 silly tarball no local data for xtend@https://registry.npmjs.org/xtend/-/xtend-4.0.2.tgz. Extracting by manifest.
2632 silly tarball no local data for json-rpc-engine@https://registry.npmjs.org/json-rpc-engine/-/json-rpc-engine-6.1.0.tgz. Extracting by manifest.
2633 silly tarball no local data for eth-query@https://registry.npmjs.org/eth-query/-/eth-query-2.1.2.tgz. Extracting by manifest.
2634 silly tarball no local data for async-mutex@https://registry.npmjs.org/async-mutex/-/async-mutex-0.2.6.tgz. Extracting by manifest.
2635 silly tarball no local data for pify@https://registry.npmjs.org/pify/-/pify-3.0.0.tgz. Extracting by manifest.
2636 silly tarball no local data for json-rpc-random-id@https://registry.npmjs.org/json-rpc-random-id/-/json-rpc-random-id-1.0.1.tgz. Extracting by manifest.
2637 silly tarball no local data for @metamask/eth-json-rpc-provider@https://registry.npmjs.org/@metamask/eth-json-rpc-provider/-/eth-json-rpc-provider-1.0.1.tgz. Extracting by manifest.
2638 silly tarball no local data for @ecies/ciphers@https://registry.npmjs.org/@ecies/ciphers/-/ciphers-0.2.6.tgz. Extracting by manifest.
2639 silly tarball no local data for sha.js@https://registry.npmjs.org/sha.js/-/sha.js-2.4.12.tgz. Extracting by manifest.
2640 silly tarball no local data for keccak@https://registry.npmjs.org/keccak/-/keccak-3.0.4.tgz. Extracting by manifest.
2641 silly tarball no local data for eth-json-rpc-filters@https://registry.npmjs.org/eth-json-rpc-filters/-/eth-json-rpc-filters-6.0.1.tgz. Extracting by manifest.
2642 silly tarball no local data for eth-block-tracker@https://registry.npmjs.org/eth-block-tracker/-/eth-block-tracker-7.1.0.tgz. Extracting by manifest.
2643 silly tarball no local data for bn.js@https://registry.npmjs.org/bn.js/-/bn.js-5.2.5.tgz. Extracting by manifest.
2644 silly tarball no local data for node-gyp-build@https://registry.npmjs.org/node-gyp-build/-/node-gyp-build-4.8.4.tgz. Extracting by manifest.
2645 silly tarball no local data for @types/ms@https://registry.npmjs.org/@types/ms/-/ms-2.1.0.tgz. Extracting by manifest.
2646 silly tarball no local data for @safe-global/safe-gateway-typescript-sdk@https://registry.npmjs.org/@safe-global/safe-gateway-typescript-sdk/-/safe-gateway-typescript-sdk-3.23.1.tgz. Extracting by manifest.
2647 silly tarball no local data for micro-ftch@https://registry.npmjs.org/micro-ftch/-/micro-ftch-0.3.1.tgz. Extracting by manifest.
2648 silly tarball no local data for crc-32@https://registry.npmjs.org/crc-32/-/crc-32-1.2.2.tgz. Extracting by manifest.
2649 silly tarball no local data for ethereum-cryptography@https://registry.npmjs.org/ethereum-cryptography/-/ethereum-cryptography-2.2.1.tgz. Extracting by manifest.
2650 silly tarball no local data for @ethereumjs/util@https://registry.npmjs.org/@ethereumjs/util/-/util-8.1.0.tgz. Extracting by manifest.
2651 silly tarball no local data for @ethereumjs/common@https://registry.npmjs.org/@ethereumjs/common/-/common-3.2.0.tgz. Extracting by manifest.
2652 silly tarball no local data for pony-cause@https://registry.npmjs.org/pony-cause/-/pony-cause-2.1.11.tgz. Extracting by manifest.
2653 silly tarball no local data for lodash@https://registry.npmjs.org/lodash/-/lodash-4.18.1.tgz. Extracting by manifest.
2654 silly tarball no local data for @types/lodash@https://registry.npmjs.org/@types/lodash/-/lodash-4.17.25.tgz. Extracting by manifest.
2655 silly tarball no local data for @types/debug@https://registry.npmjs.org/@types/debug/-/debug-4.1.13.tgz. Extracting by manifest.
2656 silly tarball no local data for @metamask/superstruct@https://registry.npmjs.org/@metamask/superstruct/-/superstruct-3.4.1.tgz. Extracting by manifest.
2657 silly tarball no local data for @metamask/scure-bip39@https://registry.npmjs.org/@metamask/scure-bip39/-/scure-bip39-2.1.1.tgz. Extracting by manifest.
2658 silly tarball no local data for @ethereumjs/tx@https://registry.npmjs.org/@ethereumjs/tx/-/tx-4.2.0.tgz. Extracting by manifest.
2659 silly tarball no local data for utf-8-validate@https://registry.npmjs.org/utf-8-validate/-/utf-8-validate-5.0.10.tgz. Extracting by manifest.
2660 silly tarball no local data for date-fns@https://registry.npmjs.org/date-fns/-/date-fns-2.30.0.tgz. Extracting by manifest.
2661 silly tarball no local data for bufferutil@https://registry.npmjs.org/bufferutil/-/bufferutil-4.1.0.tgz. Extracting by manifest.
2662 silly tarball no local data for openapi-fetch@https://registry.npmjs.org/openapi-fetch/-/openapi-fetch-0.13.8.tgz. Extracting by manifest.
2663 silly tarball no local data for webextension-polyfill@https://registry.npmjs.org/webextension-polyfill/-/webextension-polyfill-0.10.0.tgz. Extracting by manifest.
2664 silly tarball no local data for @ethereumjs/rlp@https://registry.npmjs.org/@ethereumjs/rlp/-/rlp-4.0.1.tgz. Extracting by manifest.
2665 silly tarball no local data for is-stream@https://registry.npmjs.org/is-stream/-/is-stream-2.0.1.tgz. Extracting by manifest.
2666 silly tarball no local data for extension-port-stream@https://registry.npmjs.org/extension-port-stream/-/extension-port-stream-3.0.0.tgz. Extracting by manifest.
2667 silly tarball no local data for @metamask/safe-event-emitter@https://registry.npmjs.org/@metamask/safe-event-emitter/-/safe-event-emitter-3.1.3.tgz. Extracting by manifest.
2668 silly tarball no local data for @metamask/object-multiplex@https://registry.npmjs.org/@metamask/object-multiplex/-/object-multiplex-2.1.0.tgz. Extracting by manifest.
2669 silly tarball no local data for @metamask/json-rpc-middleware-stream@https://registry.npmjs.org/@metamask/json-rpc-middleware-stream/-/json-rpc-middleware-stream-7.0.2.tgz. Extracting by manifest.
2670 silly tarball no local data for @metamask/json-rpc-engine@https://registry.npmjs.org/@metamask/json-rpc-engine/-/json-rpc-engine-8.0.2.tgz. Extracting by manifest.
2671 silly tarball no local data for uuid@https://registry.npmjs.org/uuid/-/uuid-8.3.2.tgz. Extracting by manifest.
2672 silly tarball no local data for util@https://registry.npmjs.org/util/-/util-0.12.5.tgz. Extracting by manifest.
2673 silly tarball no local data for socket.io-client@https://registry.npmjs.org/socket.io-client/-/socket.io-client-4.8.3.tgz. Extracting by manifest.
2674 silly tarball no local data for obj-multiplex@https://registry.npmjs.org/obj-multiplex/-/obj-multiplex-1.0.0.tgz. Extracting by manifest.
2675 silly tarball no local data for eventemitter2@https://registry.npmjs.org/eventemitter2/-/eventemitter2-6.4.9.tgz. Extracting by manifest.
2676 silly tarball no local data for eth-rpc-errors@https://registry.npmjs.org/eth-rpc-errors/-/eth-rpc-errors-4.0.3.tgz. Extracting by manifest.
2677 silly tarball no local data for eciesjs@https://registry.npmjs.org/eciesjs/-/eciesjs-0.4.18.tgz. Extracting by manifest.
2678 silly tarball no local data for bowser@https://registry.npmjs.org/bowser/-/bowser-2.14.1.tgz. Extracting by manifest.
2679 silly tarball no local data for @paulmillr/qr@https://registry.npmjs.org/@paulmillr/qr/-/qr-0.2.1.tgz. Extracting by manifest.
2680 silly tarball no local data for @metamask/sdk-install-modal-web@https://registry.npmjs.org/@metamask/sdk-install-modal-web/-/sdk-install-modal-web-0.32.1.tgz. Extracting by manifest.
2681 silly tarball no local data for @metamask/sdk-communication-layer@https://registry.npmjs.org/@metamask/sdk-communication-layer/-/sdk-communication-layer-0.33.1.tgz. Extracting by manifest.
2682 silly tarball no local data for @metamask/sdk-analytics@https://registry.npmjs.org/@metamask/sdk-analytics/-/sdk-analytics-0.0.5.tgz. Extracting by manifest.
2683 silly tarball no local data for @metamask/providers@https://registry.npmjs.org/@metamask/providers/-/providers-16.1.0.tgz. Extracting by manifest.
2684 silly tarball no local data for @metamask/onboarding@https://registry.npmjs.org/@metamask/onboarding/-/onboarding-1.0.1.tgz. Extracting by manifest.
2685 silly tarball no local data for @metamask/utils@https://registry.npmjs.org/@metamask/utils/-/utils-11.12.1.tgz. Extracting by manifest.
2686 silly tarball no local data for @metamask/rpc-errors@https://registry.npmjs.org/@metamask/rpc-errors/-/rpc-errors-7.0.2.tgz. Extracting by manifest.
2687 silly tarball no local data for porto@https://registry.npmjs.org/porto/-/porto-0.2.35.tgz. Extracting by manifest.
2688 silly tarball no local data for cbw-sdk@https://registry.npmjs.org/@coinbase/wallet-sdk/-/wallet-sdk-3.9.3.tgz. Extracting by manifest.
2689 silly tarball no local data for @safe-global/safe-apps-sdk@https://registry.npmjs.org/@safe-global/safe-apps-sdk/-/safe-apps-sdk-9.1.0.tgz. Extracting by manifest.
2690 silly tarball no local data for @safe-global/safe-apps-provider@https://registry.npmjs.org/@safe-global/safe-apps-provider/-/safe-apps-provider-0.18.6.tgz. Extracting by manifest.
2691 silly tarball no local data for @metamask/sdk@https://registry.npmjs.org/@metamask/sdk/-/sdk-0.33.1.tgz. Extracting by manifest.
2692 silly tarball no local data for @gemini-wallet/core@https://registry.npmjs.org/@gemini-wallet/core/-/core-0.3.2.tgz. Extracting by manifest.
2693 silly tarball no local data for @wagmi/core@https://registry.npmjs.org/@wagmi/core/-/core-2.22.1.tgz. Extracting by manifest.
2694 silly tarball no local data for @wagmi/connectors@https://registry.npmjs.org/@wagmi/connectors/-/connectors-6.2.0.tgz. Extracting by manifest.
2695 silly tarball no local data for @solana/subscribable@https://registry.npmjs.org/@solana/subscribable/-/subscribable-5.5.1.tgz. Extracting by manifest.
2696 silly tarball no local data for @solana/rpc-subscriptions-spec@https://registry.npmjs.org/@solana/rpc-subscriptions-spec/-/rpc-subscriptions-spec-5.5.1.tgz. Extracting by manifest.
2697 silly tarball no local data for @solana/rpc-subscriptions-channel-websocket@https://registry.npmjs.org/@solana/rpc-subscriptions-channel-websocket/-/rpc-subscriptions-channel-websocket-5.5.1.tgz. Extracting by manifest.
2698 silly tarball no local data for @solana/rpc-subscriptions-api@https://registry.npmjs.org/@solana/rpc-subscriptions-api/-/rpc-subscriptions-api-5.5.1.tgz. Extracting by manifest.
2699 silly tarball no local data for @solana/rpc-transport-http@https://registry.npmjs.org/@solana/rpc-transport-http/-/rpc-transport-http-5.5.1.tgz. Extracting by manifest.
2700 silly tarball no local data for @solana/rpc-transformers@https://registry.npmjs.org/@solana/rpc-transformers/-/rpc-transformers-5.5.1.tgz. Extracting by manifest.
2701 silly tarball no local data for @solana/fast-stable-stringify@https://registry.npmjs.org/@solana/fast-stable-stringify/-/fast-stable-stringify-5.5.1.tgz. Extracting by manifest.
2702 silly tarball no local data for @solana/promises@https://registry.npmjs.org/@solana/promises/-/promises-5.5.1.tgz. Extracting by manifest.
2703 silly tarball no local data for @solana/options@https://registry.npmjs.org/@solana/options/-/options-5.5.1.tgz. Extracting by manifest.
2704 silly tarball no local data for @solana/codecs-numbers@https://registry.npmjs.org/@solana/codecs-numbers/-/codecs-numbers-5.5.1.tgz. Extracting by manifest.
2705 silly tarball no local data for @solana/codecs-data-structures@https://registry.npmjs.org/@solana/codecs-data-structures/-/codecs-data-structures-5.5.1.tgz. Extracting by manifest.
2706 silly tarball no local data for @solana/nominal-types@https://registry.npmjs.org/@solana/nominal-types/-/nominal-types-5.5.1.tgz. Extracting by manifest.
2707 silly tarball no local data for @solana/assertions@https://registry.npmjs.org/@solana/assertions/-/assertions-5.5.1.tgz. Extracting by manifest.
2708 silly tarball no local data for @solana/rpc-spec@https://registry.npmjs.org/@solana/rpc-spec/-/rpc-spec-5.5.1.tgz. Extracting by manifest.
2709 silly tarball no local data for @solana/codecs-strings@https://registry.npmjs.org/@solana/codecs-strings/-/codecs-strings-5.5.1.tgz. Extracting by manifest.
2710 silly tarball no local data for @solana/codecs-core@https://registry.npmjs.org/@solana/codecs-core/-/codecs-core-5.5.1.tgz. Extracting by manifest.
2711 silly tarball no local data for @solana/transactions@https://registry.npmjs.org/@solana/transactions/-/transactions-5.5.1.tgz. Extracting by manifest.
2712 silly tarball no local data for @solana/transaction-messages@https://registry.npmjs.org/@solana/transaction-messages/-/transaction-messages-5.5.1.tgz. Extracting by manifest.
2713 silly tarball no local data for @solana/sysvars@https://registry.npmjs.org/@solana/sysvars/-/sysvars-5.5.1.tgz. Extracting by manifest.
2714 silly tarball no local data for @solana/signers@https://registry.npmjs.org/@solana/signers/-/signers-5.5.1.tgz. Extracting by manifest.
2715 silly tarball no local data for @solana/rpc-types@https://registry.npmjs.org/@solana/rpc-types/-/rpc-types-5.5.1.tgz. Extracting by manifest.
2716 silly tarball no local data for @solana/rpc-subscriptions@https://registry.npmjs.org/@solana/rpc-subscriptions/-/rpc-subscriptions-5.5.1.tgz. Extracting by manifest.
2717 silly tarball no local data for @solana/rpc-spec-types@https://registry.npmjs.org/@solana/rpc-spec-types/-/rpc-spec-types-5.5.1.tgz. Extracting by manifest.
2718 silly tarball no local data for @solana/rpc-parsed-types@https://registry.npmjs.org/@solana/rpc-parsed-types/-/rpc-parsed-types-5.5.1.tgz. Extracting by manifest.
2719 silly tarball no local data for @solana/rpc-api@https://registry.npmjs.org/@solana/rpc-api/-/rpc-api-5.5.1.tgz. Extracting by manifest.
2720 silly tarball no local data for @solana/rpc@https://registry.npmjs.org/@solana/rpc/-/rpc-5.5.1.tgz. Extracting by manifest.
2721 silly tarball no local data for @solana/programs@https://registry.npmjs.org/@solana/programs/-/programs-5.5.1.tgz. Extracting by manifest.
2722 silly tarball no local data for @solana/plugin-core@https://registry.npmjs.org/@solana/plugin-core/-/plugin-core-5.5.1.tgz. Extracting by manifest.
2723 silly tarball no local data for @solana/offchain-messages@https://registry.npmjs.org/@solana/offchain-messages/-/offchain-messages-5.5.1.tgz. Extracting by manifest.
2724 silly tarball no local data for @solana/keys@https://registry.npmjs.org/@solana/keys/-/keys-5.5.1.tgz. Extracting by manifest.
2725 silly tarball no local data for @solana/instructions@https://registry.npmjs.org/@solana/instructions/-/instructions-5.5.1.tgz. Extracting by manifest.
2726 silly tarball no local data for @solana/instruction-plans@https://registry.npmjs.org/@solana/instruction-plans/-/instruction-plans-5.5.1.tgz. Extracting by manifest.
2727 silly tarball no local data for @solana/functional@https://registry.npmjs.org/@solana/functional/-/functional-5.5.1.tgz. Extracting by manifest.
2728 silly tarball no local data for @solana/errors@https://registry.npmjs.org/@solana/errors/-/errors-5.5.1.tgz. Extracting by manifest.
2729 silly tarball no local data for @solana/codecs@https://registry.npmjs.org/@solana/codecs/-/codecs-5.5.1.tgz. Extracting by manifest.
2730 silly tarball no local data for @solana/addresses@https://registry.npmjs.org/@solana/addresses/-/addresses-5.5.1.tgz. Extracting by manifest.
2731 silly tarball no local data for @solana/accounts@https://registry.npmjs.org/@solana/accounts/-/accounts-5.5.1.tgz. Extracting by manifest.
2732 silly tarball no local data for wagmi@https://registry.npmjs.org/wagmi/-/wagmi-2.19.5.tgz. Extracting by manifest.
2733 silly tarball no local data for @wallet-standard/features@https://registry.npmjs.org/@wallet-standard/features/-/features-1.1.0.tgz. Extracting by manifest.
2734 silly tarball no local data for @solana/wallet-standard-features@https://registry.npmjs.org/@solana/wallet-standard-features/-/wallet-standard-features-1.3.0.tgz. Extracting by manifest.
2735 silly tarball no local data for @solana/transaction-confirmation@https://registry.npmjs.org/@solana/transaction-confirmation/-/transaction-confirmation-5.5.1.tgz. Extracting by manifest.
2736 silly tarball no local data for @solana/kit@https://registry.npmjs.org/@solana/kit/-/kit-5.5.1.tgz. Extracting by manifest.
2737 silly tarball no local data for @solana-program/token-2022@https://registry.npmjs.org/@solana-program/token-2022/-/token-2022-0.6.1.tgz. Extracting by manifest.
2738 silly tarball no local data for @solana-program/token@https://registry.npmjs.org/@solana-program/token/-/token-0.9.0.tgz. Extracting by manifest.
2739 silly tarball no local data for @solana-program/compute-budget@https://registry.npmjs.org/@solana-program/compute-budget/-/compute-budget-0.11.0.tgz. Extracting by manifest.
2740 silly tarball no local data for webidl-conversions@https://registry.npmjs.org/webidl-conversions/-/webidl-conversions-3.0.1.tgz. Extracting by manifest.
2741 silly tarball no local data for tr46@https://registry.npmjs.org/tr46/-/tr46-0.0.3.tgz. Extracting by manifest.
2742 silly tarball no local data for proxy-compare@https://registry.npmjs.org/proxy-compare/-/proxy-compare-3.0.1.tgz. Extracting by manifest.
2743 silly tarball no local data for radix3@https://registry.npmjs.org/radix3/-/radix3-1.1.2.tgz. Extracting by manifest.
2744 silly tarball no local data for uncrypto@https://registry.npmjs.org/uncrypto/-/uncrypto-0.1.3.tgz. Extracting by manifest.
2745 silly tarball no local data for node-mock-http@https://registry.npmjs.org/node-mock-http/-/node-mock-http-1.0.5.tgz. Extracting by manifest.
2746 silly tarball no local data for iron-webcrypto@https://registry.npmjs.org/iron-webcrypto/-/iron-webcrypto-1.2.1.tgz. Extracting by manifest.
2747 silly tarball no local data for defu@https://registry.npmjs.org/defu/-/defu-6.1.7.tgz. Extracting by manifest.
2748 silly tarball no local data for crossws@https://registry.npmjs.org/crossws/-/crossws-0.3.5.tgz. Extracting by manifest.
2749 silly tarball no local data for cookie-es@https://registry.npmjs.org/cookie-es/-/cookie-es-1.2.3.tgz. Extracting by manifest.
2750 silly tarball no local data for lru-cache@https://registry.npmjs.org/lru-cache/-/lru-cache-11.5.3.tgz. Extracting by manifest.
2751 silly tarball no local data for h3@https://registry.npmjs.org/h3/-/h3-1.15.11.tgz. Extracting by manifest.
2752 silly tarball no local data for multiformats@https://registry.npmjs.org/multiformats/-/multiformats-9.9.0.tgz. Extracting by manifest.
2753 silly tarball no local data for css-color-keywords@https://registry.npmjs.org/css-color-keywords/-/css-color-keywords-1.0.0.tgz. Extracting by manifest.
2754 silly tarball no local data for camelize@https://registry.npmjs.org/camelize/-/camelize-1.0.1.tgz. Extracting by manifest.
2755 silly tarball no local data for @emotion/memoize@https://registry.npmjs.org/@emotion/memoize/-/memoize-0.9.0.tgz. Extracting by manifest.
2756 silly tarball no local data for css-to-react-native@https://registry.npmjs.org/css-to-react-native/-/css-to-react-native-3.2.0.tgz. Extracting by manifest.
2757 silly tarball no local data for @emotion/is-prop-valid@https://registry.npmjs.org/@emotion/is-prop-valid/-/is-prop-valid-1.4.0.tgz. Extracting by manifest.
2758 silly tarball no local data for safe-buffer@https://registry.npmjs.org/safe-buffer/-/safe-buffer-5.2.1.tgz. Extracting by manifest.
2759 silly tarball no local data for event-target-shim@https://registry.npmjs.org/event-target-shim/-/event-target-shim-5.0.1.tgz. Extracting by manifest.
2760 silly tarball no local data for string_decoder@https://registry.npmjs.org/string_decoder/-/string_decoder-1.3.0.tgz. Extracting by manifest.
2761 silly tarball no local data for process@https://registry.npmjs.org/process/-/process-0.11.10.tgz. Extracting by manifest.
2762 silly tarball no local data for abort-controller@https://registry.npmjs.org/abort-controller/-/abort-controller-3.0.0.tgz. Extracting by manifest.
2763 silly tarball no local data for ua-parser-js@https://registry.npmjs.org/ua-parser-js/-/ua-parser-js-1.0.41.tgz. Extracting by manifest.
2764 silly tarball no local data for react-stately@https://registry.npmjs.org/react-stately/-/react-stately-3.50.0.tgz. Extracting by manifest.
2765 silly tarball no local data for aria-hidden@https://registry.npmjs.org/aria-hidden/-/aria-hidden-1.2.6.tgz. Extracting by manifest.
2766 silly tarball no local data for @internationalized/string@https://registry.npmjs.org/@internationalized/string/-/string-3.2.10.tgz. Extracting by manifest.
2767 silly tarball no local data for @internationalized/number@https://registry.npmjs.org/@internationalized/number/-/number-3.6.8.tgz. Extracting by manifest.
2768 silly tarball no local data for @internationalized/date@https://registry.npmjs.org/@internationalized/date/-/date-3.12.4.tgz. Extracting by manifest.
2769 silly tarball no local data for yargs@https://registry.npmjs.org/yargs/-/yargs-15.4.1.tgz. Extracting by manifest.
2770 silly tarball no local data for pngjs@https://registry.npmjs.org/pngjs/-/pngjs-5.0.0.tgz. Extracting by manifest.
2771 silly tarball no local data for dijkstrajs@https://registry.npmjs.org/dijkstrajs/-/dijkstrajs-1.0.3.tgz. Extracting by manifest.
2772 silly tarball no local data for end-of-stream@https://registry.npmjs.org/end-of-stream/-/end-of-stream-1.4.5.tgz. Extracting by manifest.
2773 silly tarball no local data for secure-json-parse@https://registry.npmjs.org/secure-json-parse/-/secure-json-parse-2.7.0.tgz. Extracting by manifest.
2774 silly tarball no local data for readable-stream@https://registry.npmjs.org/readable-stream/-/readable-stream-4.7.0.tgz. Extracting by manifest.
2775 silly tarball no local data for pump@https://registry.npmjs.org/pump/-/pump-3.0.4.tgz. Extracting by manifest.
2776 silly tarball no local data for joycon@https://registry.npmjs.org/joycon/-/joycon-3.1.1.tgz. Extracting by manifest.
2777 silly tarball no local data for help-me@https://registry.npmjs.org/help-me/-/help-me-5.0.0.tgz. Extracting by manifest.
2778 silly tarball no local data for fast-safe-stringify@https://registry.npmjs.org/fast-safe-stringify/-/fast-safe-stringify-2.1.1.tgz. Extracting by manifest.
2779 silly tarball no local data for fast-copy@https://registry.npmjs.org/fast-copy/-/fast-copy-3.1.0.tgz. Extracting by manifest.
2780 silly tarball no local data for dateformat@https://registry.npmjs.org/dateformat/-/dateformat-4.6.3.tgz. Extracting by manifest.
2781 silly tarball no local data for colorette@https://registry.npmjs.org/colorette/-/colorette-2.0.20.tgz. Extracting by manifest.
2782 silly tarball no local data for split2@https://registry.npmjs.org/split2/-/split2-4.2.0.tgz. Extracting by manifest.
2783 silly tarball no local data for thread-stream@https://registry.npmjs.org/thread-stream/-/thread-stream-3.2.0.tgz. Extracting by manifest.
2784 silly tarball no local data for sonic-boom@https://registry.npmjs.org/sonic-boom/-/sonic-boom-4.2.1.tgz. Extracting by manifest.
2785 silly tarball no local data for slow-redact@https://registry.npmjs.org/slow-redact/-/slow-redact-0.3.2.tgz. Extracting by manifest.
2786 silly tarball no local data for safe-stable-stringify@https://registry.npmjs.org/safe-stable-stringify/-/safe-stable-stringify-2.5.0.tgz. Extracting by manifest.
2787 silly tarball no local data for real-require@https://registry.npmjs.org/real-require/-/real-require-0.2.0.tgz. Extracting by manifest.
2788 silly tarball no local data for quick-format-unescaped@https://registry.npmjs.org/quick-format-unescaped/-/quick-format-unescaped-4.0.4.tgz. Extracting by manifest.
2789 silly tarball no local data for process-warning@https://registry.npmjs.org/process-warning/-/process-warning-5.1.0.tgz. Extracting by manifest.
2790 silly tarball no local data for pino-std-serializers@https://registry.npmjs.org/pino-std-serializers/-/pino-std-serializers-7.1.0.tgz. Extracting by manifest.
2791 silly tarball no local data for pino-abstract-transport@https://registry.npmjs.org/pino-abstract-transport/-/pino-abstract-transport-2.0.0.tgz. Extracting by manifest.
2792 silly tarball no local data for on-exit-leak-free@https://registry.npmjs.org/on-exit-leak-free/-/on-exit-leak-free-2.1.2.tgz. Extracting by manifest.
2793 silly tarball no local data for atomic-sleep@https://registry.npmjs.org/atomic-sleep/-/atomic-sleep-1.0.0.tgz. Extracting by manifest.
2794 silly tarball no local data for ufo@https://registry.npmjs.org/ufo/-/ufo-1.6.4.tgz. Extracting by manifest.
2795 silly tarball no local data for node-fetch-native@https://registry.npmjs.org/node-fetch-native/-/node-fetch-native-1.6.7.tgz. Extracting by manifest.
2796 silly tarball no local data for destr@https://registry.npmjs.org/destr/-/destr-2.0.5.tgz. Extracting by manifest.
2797 silly tarball no local data for whatwg-url@https://registry.npmjs.org/whatwg-url/-/whatwg-url-5.0.0.tgz. Extracting by manifest.
2798 silly tarball no local data for @types/trusted-types@https://registry.npmjs.org/@types/trusted-types/-/trusted-types-2.0.7.tgz. Extracting by manifest.
2799 silly tarball no local data for @lit-labs/ssr-dom-shim@https://registry.npmjs.org/@lit-labs/ssr-dom-shim/-/ssr-dom-shim-1.6.0.tgz. Extracting by manifest.
2800 silly tarball no local data for lit-html@https://registry.npmjs.org/lit-html/-/lit-html-3.3.3.tgz. Extracting by manifest.
2801 silly tarball no local data for lit-element@https://registry.npmjs.org/lit-element/-/lit-element-4.2.2.tgz. Extracting by manifest.
2802 silly tarball no local data for @lit/reactive-element@https://registry.npmjs.org/@lit/reactive-element/-/reactive-element-2.1.2.tgz. Extracting by manifest.
2803 silly tarball no local data for node-fetch@https://registry.npmjs.org/node-fetch/-/node-fetch-2.7.0.tgz. Extracting by manifest.
2804 silly tarball no local data for ieee754@https://registry.npmjs.org/ieee754/-/ieee754-1.2.1.tgz. Extracting by manifest.
2805 silly tarball no local data for base64-js@https://registry.npmjs.org/base64-js/-/base64-js-1.5.1.tgz. Extracting by manifest.
2806 silly tarball no local data for base-x@https://registry.npmjs.org/base-x/-/base-x-5.0.1.tgz. Extracting by manifest.
2807 silly tarball no local data for detect-browser@https://registry.npmjs.org/detect-browser/-/detect-browser-5.3.0.tgz. Extracting by manifest.
2808 silly tarball no local data for blakejs@https://registry.npmjs.org/blakejs/-/blakejs-1.2.1.tgz. Extracting by manifest.
2809 silly tarball no local data for @walletconnect/window-metadata@https://registry.npmjs.org/@walletconnect/window-metadata/-/window-metadata-1.0.1.tgz. Extracting by manifest.
2810 silly tarball no local data for @msgpack/msgpack@https://registry.npmjs.org/@msgpack/msgpack/-/msgpack-3.1.2.tgz. Extracting by manifest.
2811 silly tarball no local data for uint8arrays@https://registry.npmjs.org/uint8arrays/-/uint8arrays-3.1.1.tgz. Extracting by manifest.
2812 silly tarball no local data for es-toolkit@https://registry.npmjs.org/es-toolkit/-/es-toolkit-1.39.3.tgz. Extracting by manifest.
2813 silly tarball no local data for @walletconnect/window-getters@https://registry.npmjs.org/@walletconnect/window-getters/-/window-getters-1.0.1.tgz. Extracting by manifest.
2814 silly tarball no local data for @walletconnect/relay-auth@https://registry.npmjs.org/@walletconnect/relay-auth/-/relay-auth-1.1.0.tgz. Extracting by manifest.
2815 silly tarball no local data for @walletconnect/relay-api@https://registry.npmjs.org/@walletconnect/relay-api/-/relay-api-1.0.11.tgz. Extracting by manifest.
2816 silly tarball no local data for @walletconnect/jsonrpc-ws-connection@https://registry.npmjs.org/@walletconnect/jsonrpc-ws-connection/-/jsonrpc-ws-connection-1.0.16.tgz. Extracting by manifest.
2817 silly tarball no local data for @walletconnect/time@https://registry.npmjs.org/@walletconnect/time/-/time-1.0.2.tgz. Extracting by manifest.
2818 silly tarball no local data for @walletconnect/heartbeat@https://registry.npmjs.org/@walletconnect/heartbeat/-/heartbeat-1.2.2.tgz. Extracting by manifest.
2819 silly tarball no local data for @walletconnect/events@https://registry.npmjs.org/@walletconnect/events/-/events-1.0.1.tgz. Extracting by manifest.
2820 silly tarball no local data for @walletconnect/core@https://registry.npmjs.org/@walletconnect/core/-/core-2.22.4.tgz. Extracting by manifest.
2821 silly tarball no local data for pino@https://registry.npmjs.org/pino/-/pino-10.0.0.tgz. Extracting by manifest.
2822 silly tarball no local data for unstorage@https://registry.npmjs.org/unstorage/-/unstorage-1.17.5.tgz. Extracting by manifest.
2823 silly tarball no local data for @walletconnect/environment@https://registry.npmjs.org/@walletconnect/environment/-/environment-1.0.1.tgz. Extracting by manifest.
2824 silly tarball no local data for keyvaluestorage-interface@https://registry.npmjs.org/keyvaluestorage-interface/-/keyvaluestorage-interface-1.0.0.tgz. Extracting by manifest.
2825 silly tarball no local data for cross-fetch@https://registry.npmjs.org/cross-fetch/-/cross-fetch-3.2.0.tgz. Extracting by manifest.
2826 silly tarball no local data for @walletconnect/safe-json@https://registry.npmjs.org/@walletconnect/safe-json/-/safe-json-1.0.2.tgz. Extracting by manifest.
2827 silly tarball no local data for @wallet-standard/wallet@https://registry.npmjs.org/@wallet-standard/wallet/-/wallet-1.1.0.tgz. Extracting by manifest.
2828 silly tarball no local data for @phosphor-icons/webcomponents@https://registry.npmjs.org/@phosphor-icons/webcomponents/-/webcomponents-2.1.5.tgz. Extracting by manifest.
2829 silly tarball no local data for buffer@https://registry.npmjs.org/buffer/-/buffer-6.0.3.tgz. Extracting by manifest.
2830 silly tarball no local data for lit@https://registry.npmjs.org/lit/-/lit-3.3.0.tgz. Extracting by manifest.
2831 silly tarball no local data for dayjs@https://registry.npmjs.org/dayjs/-/dayjs-1.11.13.tgz. Extracting by manifest.
2832 silly tarball no local data for big.js@https://registry.npmjs.org/big.js/-/big.js-6.2.2.tgz. Extracting by manifest.
2833 silly tarball no local data for valtio@https://registry.npmjs.org/valtio/-/valtio-2.1.7.tgz. Extracting by manifest.
2834 silly tarball no local data for bs58@https://registry.npmjs.org/bs58/-/bs58-6.0.0.tgz. Extracting by manifest.
2835 silly tarball no local data for @reown/appkit-utils@https://registry.npmjs.org/@reown/appkit-utils/-/appkit-utils-1.8.9.tgz. Extracting by manifest.
2836 silly tarball no local data for @reown/appkit-ui@https://registry.npmjs.org/@reown/appkit-ui/-/appkit-ui-1.8.9.tgz. Extracting by manifest.
2837 silly tarball no local data for @reown/appkit-scaffold-ui@https://registry.npmjs.org/@reown/appkit-scaffold-ui/-/appkit-scaffold-ui-1.8.9.tgz. Extracting by manifest.
2838 silly tarball no local data for @reown/appkit-polyfills@https://registry.npmjs.org/@reown/appkit-polyfills/-/appkit-polyfills-1.8.9.tgz. Extracting by manifest.
2839 silly tarball no local data for @reown/appkit-pay@https://registry.npmjs.org/@reown/appkit-pay/-/appkit-pay-1.8.9.tgz. Extracting by manifest.
2840 silly tarball no local data for @reown/appkit-controllers@https://registry.npmjs.org/@reown/appkit-controllers/-/appkit-controllers-1.8.9.tgz. Extracting by manifest.
2841 silly tarball no local data for @reown/appkit-common@https://registry.npmjs.org/@reown/appkit-common/-/appkit-common-1.8.9.tgz. Extracting by manifest.
2842 silly tarball no local data for @lit/react@https://registry.npmjs.org/@lit/react/-/react-1.0.8.tgz. Extracting by manifest.
2843 silly tarball no local data for events@https://registry.npmjs.org/events/-/events-3.3.0.tgz. Extracting by manifest.
2844 silly tarball no local data for @walletconnect/utils@https://registry.npmjs.org/@walletconnect/utils/-/utils-2.22.4.tgz. Extracting by manifest.
2845 silly tarball no local data for @walletconnect/types@https://registry.npmjs.org/@walletconnect/types/-/types-2.22.4.tgz. Extracting by manifest.
2846 silly tarball no local data for @walletconnect/sign-client@https://registry.npmjs.org/@walletconnect/sign-client/-/sign-client-2.22.4.tgz. Extracting by manifest.
2847 silly tarball no local data for @walletconnect/logger@https://registry.npmjs.org/@walletconnect/logger/-/logger-3.0.0.tgz. Extracting by manifest.
2848 silly tarball no local data for @walletconnect/keyvaluestorage@https://registry.npmjs.org/@walletconnect/keyvaluestorage/-/keyvaluestorage-1.1.1.tgz. Extracting by manifest.
2849 silly tarball no local data for @walletconnect/jsonrpc-utils@https://registry.npmjs.org/@walletconnect/jsonrpc-utils/-/jsonrpc-utils-1.0.8.tgz. Extracting by manifest.
2850 silly tarball no local data for @walletconnect/jsonrpc-types@https://registry.npmjs.org/@walletconnect/jsonrpc-types/-/jsonrpc-types-1.0.4.tgz. Extracting by manifest.
2851 silly tarball no local data for @walletconnect/jsonrpc-provider@https://registry.npmjs.org/@walletconnect/jsonrpc-provider/-/jsonrpc-provider-1.0.14.tgz. Extracting by manifest.
2852 silly tarball no local data for @walletconnect/jsonrpc-http-connection@https://registry.npmjs.org/@walletconnect/jsonrpc-http-connection/-/jsonrpc-http-connection-1.0.8.tgz. Extracting by manifest.
2853 silly tarball no local data for @reown/appkit@https://registry.npmjs.org/@reown/appkit/-/appkit-1.8.9.tgz. Extracting by manifest.
2854 silly tarball no local data for @wallet-standard/base@https://registry.npmjs.org/@wallet-standard/base/-/base-1.1.0.tgz. Extracting by manifest.
2855 silly tarball no local data for @tanstack/virtual-core@https://registry.npmjs.org/@tanstack/virtual-core/-/virtual-core-3.17.11.tgz. Extracting by manifest.
2856 silly tarball no local data for @react-types/shared@https://registry.npmjs.org/@react-types/shared/-/shared-3.36.1.tgz. Extracting by manifest.
2857 silly tarball no local data for react-aria@https://registry.npmjs.org/react-aria/-/react-aria-3.52.1.tgz. Extracting by manifest.
2858 silly tarball no local data for set-cookie-parser@https://registry.npmjs.org/set-cookie-parser/-/set-cookie-parser-2.7.2.tgz. Extracting by manifest.
2859 silly tarball no local data for libphonenumber-js@https://registry.npmjs.org/libphonenumber-js/-/libphonenumber-js-1.13.13.tgz. Extracting by manifest.
2860 silly tarball no local data for fetch-retry@https://registry.npmjs.org/fetch-retry/-/fetch-retry-6.0.0.tgz. Extracting by manifest.
2861 silly tarball no local data for canonicalize@https://registry.npmjs.org/canonicalize/-/canonicalize-2.1.0.tgz. Extracting by manifest.
2862 silly tarball no local data for @privy-io/std@https://registry.npmjs.org/@privy-io/std/-/std-0.0.1.tgz. Extracting by manifest.
2863 silly tarball no local data for zod@https://registry.npmjs.org/zod/-/zod-3.25.76.tgz. Extracting by manifest.
2864 silly tarball no local data for @react-aria/interactions@https://registry.npmjs.org/@react-aria/interactions/-/interactions-3.28.1.tgz. Extracting by manifest.
2865 silly tarball no local data for @react-aria/focus@https://registry.npmjs.org/@react-aria/focus/-/focus-3.22.1.tgz. Extracting by manifest.
2866 silly tarball no local data for @hcaptcha/loader@https://registry.npmjs.org/@hcaptcha/loader/-/loader-2.4.2.tgz. Extracting by manifest.
2867 silly tarball no local data for @floating-ui/core@https://registry.npmjs.org/@floating-ui/core/-/core-1.8.0.tgz. Extracting by manifest.
2868 silly tarball no local data for @floating-ui/dom@https://registry.npmjs.org/@floating-ui/dom/-/dom-1.8.0.tgz. Extracting by manifest.
2869 silly tarball no local data for @reown/appkit-wallet@https://registry.npmjs.org/@reown/appkit-wallet/-/appkit-wallet-1.8.9.tgz. Extracting by manifest.
2870 silly tarball no local data for tabbable@https://registry.npmjs.org/tabbable/-/tabbable-6.5.0.tgz. Extracting by manifest.
2871 silly tarball no local data for reselect@https://registry.npmjs.org/reselect/-/reselect-5.3.0.tgz. Extracting by manifest.
2872 silly tarball no local data for use-sync-external-store@https://registry.npmjs.org/use-sync-external-store/-/use-sync-external-store-1.7.0.tgz. Extracting by manifest.
2873 silly tarball no local data for @floating-ui/utils@https://registry.npmjs.org/@floating-ui/utils/-/utils-0.2.12.tgz. Extracting by manifest.
2874 silly tarball no local data for @floating-ui/react-dom@https://registry.npmjs.org/@floating-ui/react-dom/-/react-dom-2.1.9.tgz. Extracting by manifest.
2875 silly tarball no local data for @base-ui/utils@https://registry.npmjs.org/@base-ui/utils/-/utils-0.4.0.tgz. Extracting by manifest.
2876 silly tarball no local data for @babel/runtime@https://registry.npmjs.org/@babel/runtime/-/runtime-7.29.7.tgz. Extracting by manifest.
2877 silly tarball no local data for preact@https://registry.npmjs.org/preact/-/preact-10.24.2.tgz. Extracting by manifest.
2878 silly tarball no local data for idb-keyval@https://registry.npmjs.org/idb-keyval/-/idb-keyval-6.2.1.tgz. Extracting by manifest.
2879 silly tarball no local data for clsx@https://registry.npmjs.org/clsx/-/clsx-1.2.1.tgz. Extracting by manifest.
2880 silly tarball no local data for zustand@https://registry.npmjs.org/zustand/-/zustand-5.0.15.tgz. Extracting by manifest.
2881 silly tarball no local data for x402@https://registry.npmjs.org/x402/-/x402-0.7.3.tgz. Extracting by manifest.
2882 silly tarball no local data for tinycolor2@https://registry.npmjs.org/tinycolor2/-/tinycolor2-1.6.0.tgz. Extracting by manifest.
2883 silly tarball no local data for stylis@https://registry.npmjs.org/stylis/-/stylis-4.4.0.tgz. Extracting by manifest.
2884 silly tarball no local data for styled-components@https://registry.npmjs.org/styled-components/-/styled-components-6.5.3.tgz. Extracting by manifest.
2885 silly tarball no local data for secure-password-utilities@https://registry.npmjs.org/secure-password-utilities/-/secure-password-utilities-0.2.1.tgz. Extracting by manifest.
2886 silly tarball no local data for react-device-detect@https://registry.npmjs.org/react-device-detect/-/react-device-detect-2.2.3.tgz. Extracting by manifest.
2887 silly tarball no local data for qrcode@https://registry.npmjs.org/qrcode/-/qrcode-1.5.4.tgz. Extracting by manifest.
2888 silly tarball no local data for pino-pretty@https://registry.npmjs.org/pino-pretty/-/pino-pretty-10.3.1.tgz. Extracting by manifest.
2889 silly tarball no local data for ofetch@https://registry.npmjs.org/ofetch/-/ofetch-1.5.1.tgz. Extracting by manifest.
2890 silly tarball no local data for mipd@https://registry.npmjs.org/mipd/-/mipd-0.0.7.tgz. Extracting by manifest.
2891 silly tarball no local data for lucide-react@https://registry.npmjs.org/lucide-react/-/lucide-react-0.554.0.tgz. Extracting by manifest.
2892 silly tarball no local data for js-cookie@https://registry.npmjs.org/js-cookie/-/js-cookie-3.0.8.tgz. Extracting by manifest.
2893 silly tarball no local data for jose@https://registry.npmjs.org/jose/-/jose-4.15.9.tgz. Extracting by manifest.
2894 silly tarball no local data for fast-password-entropy@https://registry.npmjs.org/fast-password-entropy/-/fast-password-entropy-1.1.1.tgz. Extracting by manifest.
2895 silly tarball no local data for @walletconnect/universal-provider@https://registry.npmjs.org/@walletconnect/universal-provider/-/universal-provider-2.22.4.tgz. Extracting by manifest.
2896 silly tarball no local data for @walletconnect/ethereum-provider@https://registry.npmjs.org/@walletconnect/ethereum-provider/-/ethereum-provider-2.22.4.tgz. Extracting by manifest.
2897 silly tarball no local data for @wallet-standard/app@https://registry.npmjs.org/@wallet-standard/app/-/app-1.1.0.tgz. Extracting by manifest.
2898 silly tarball no local data for @tanstack/react-virtual@https://registry.npmjs.org/@tanstack/react-virtual/-/react-virtual-3.14.13.tgz. Extracting by manifest.
2899 silly tarball no local data for @stripe/crypto@https://registry.npmjs.org/@stripe/crypto/-/crypto-1.1.3.tgz. Extracting by manifest.
2900 silly tarball no local data for @simplewebauthn/browser@https://registry.npmjs.org/@simplewebauthn/browser/-/browser-13.3.0.tgz. Extracting by manifest.
2901 silly tarball no local data for @privy-io/urls@https://registry.npmjs.org/@privy-io/urls/-/urls-0.0.5.tgz. Extracting by manifest.
2902 silly tarball no local data for @privy-io/routes@https://registry.npmjs.org/@privy-io/routes/-/routes-0.4.1.tgz. Extracting by manifest.
2903 silly tarball no local data for @privy-io/popup@https://registry.npmjs.org/@privy-io/popup/-/popup-0.0.6.tgz. Extracting by manifest.
2904 silly tarball no local data for @privy-io/js-sdk-core@https://registry.npmjs.org/@privy-io/js-sdk-core/-/js-sdk-core-0.76.2.tgz. Extracting by manifest.
2905 silly tarball no local data for @privy-io/ethereum@https://registry.npmjs.org/@privy-io/ethereum/-/ethereum-0.2.4.tgz. Extracting by manifest.
2906 silly tarball no local data for @privy-io/encoding@https://registry.npmjs.org/@privy-io/encoding/-/encoding-0.2.3.tgz. Extracting by manifest.
2907 silly tarball no local data for @privy-io/chains@https://registry.npmjs.org/@privy-io/chains/-/chains-0.6.1.tgz. Extracting by manifest.
2908 silly tarball no local data for @privy-io/are-addresses-equal@https://registry.npmjs.org/@privy-io/are-addresses-equal/-/are-addresses-equal-0.0.13.tgz. Extracting by manifest.
2909 silly tarball no local data for @privy-io/api-types@https://registry.npmjs.org/@privy-io/api-types/-/api-types-0.22.0.tgz. Extracting by manifest.
2910 silly tarball no local data for @privy-io/api-base@https://registry.npmjs.org/@privy-io/api-base/-/api-base-1.11.0.tgz. Extracting by manifest.
2911 silly tarball no local data for @marsidev/react-turnstile@https://registry.npmjs.org/@marsidev/react-turnstile/-/react-turnstile-1.6.1.tgz. Extracting by manifest.
2912 silly tarball no local data for @heroicons/react@https://registry.npmjs.org/@heroicons/react/-/react-2.2.0.tgz. Extracting by manifest.
2913 silly tarball no local data for @headlessui/react@https://registry.npmjs.org/@headlessui/react/-/react-2.2.10.tgz. Extracting by manifest.
2914 silly tarball no local data for @hcaptcha/react-hcaptcha@https://registry.npmjs.org/@hcaptcha/react-hcaptcha/-/react-hcaptcha-1.17.4.tgz. Extracting by manifest.
2915 silly tarball no local data for @floating-ui/react@https://registry.npmjs.org/@floating-ui/react/-/react-0.26.28.tgz. Extracting by manifest.
2916 silly tarball no local data for @coinbase/wallet-sdk@https://registry.npmjs.org/@coinbase/wallet-sdk/-/wallet-sdk-4.3.2.tgz. Extracting by manifest.
2917 silly tarball no local data for @base-ui/react@https://registry.npmjs.org/@base-ui/react/-/react-1.8.0.tgz. Extracting by manifest.
2918 silly tarball no local data for @base-org/account@https://registry.npmjs.org/@base-org/account/-/account-1.1.1.tgz. Extracting by manifest.
2919 silly tarball no local data for @privy-io/react-auth@https://registry.npmjs.org/@privy-io/react-auth/-/react-auth-3.45.0.tgz. Extracting by manifest.
2920 http fetch POST 200 https://registry.npmjs.org/-/npm/v1/security/advisories/bulk 432ms
2921 silly audit report {
2921 silly audit report   next: [
2921 silly audit report     {
2921 silly audit report       id: 1117931,
2921 silly audit report       url: 'https://github.com/advisories/GHSA-8h8q-6873-q5fj',
2921 silly audit report       title: 'Next.js Vulnerable to Denial of Service with Server Components',
2921 silly audit report       severity: 'high',
2921 silly audit report       vulnerable_versions: '>=13.0.0 <15.5.16',
2921 silly audit report       cwe: [Array],
2921 silly audit report       cvss: [Object]
2921 silly audit report     },
2921 silly audit report     {
2921 silly audit report       id: 1101437,
2921 silly audit report       url: 'https://github.com/advisories/GHSA-7m27-7ghc-44w9',
2921 silly audit report       title: 'Next.js Allows a Denial of Service (DoS) with Server Actions',
2921 silly audit report       severity: 'moderate',
2921 silly audit report       vulnerable_versions: '>=15.0.0 <15.1.2',
2921 silly audit report       cwe: [Array],
2921 silly audit report       cvss: [Object]
2921 silly audit report     },
2921 silly audit report     {
2921 silly audit report       id: 1105462,
2921 silly audit report       url: 'https://github.com/advisories/GHSA-3h52-269p-cp9r',
2921 silly audit report       title: 'Information exposure in Next.js dev server due to lack of origin verification',
2921 silly audit report       severity: 'low',
2921 silly audit report       vulnerable_versions: '>=15.0.0 <15.2.2',
2921 silly audit report       cwe: [Array],
2921 silly audit report       cvss: [Object]
2921 silly audit report     },
2921 silly audit report     {
2921 silly audit report       id: 1111372,
2921 silly audit report       url: 'https://github.com/advisories/GHSA-9qr9-h5gf-34mp',
2921 silly audit report       title: 'Next.js is vulnerable to RCE in React flight protocol',
2921 silly audit report       severity: 'critical',
2921 silly audit report       vulnerable_versions: '>=14.3.0-canary.77 <15.0.5',
2921 silly audit report       cwe: [Array],
2921 silly audit report       cvss: [Object]
2921 silly audit report     },
2921 silly audit report     {
2921 silly audit report       id: 1111381,
2921 silly audit report       url: 'https://github.com/advisories/GHSA-w37m-7fhw-fmv9',
2921 silly audit report       title: 'Next Server Actions Source Code Exposure ',
2921 silly audit report       severity: 'moderate',
2921 silly audit report       vulnerable_versions: '>=15.0.0-canary.0 <15.0.6',
2921 silly audit report       cwe: [Array],
2921 silly audit report       cvss: [Object]
2921 silly audit report     },
2921 silly audit report     {
2921 silly audit report       id: 1111390,
2921 silly audit report       url: 'https://github.com/advisories/GHSA-mwv6-3258-q52c',
2921 silly audit report       title: 'Next Vulnerable to Denial of Service with Server Components',
2921 silly audit report       severity: 'high',
2921 silly audit report       vulnerable_versions: '>=15.0.0-canary.0 <15.0.6',
2921 silly audit report       cwe: [Array],
2921 silly audit report       cvss: [Object]
2921 silly audit report     },
2921 silly audit report     {
2921 silly audit report       id: 1107228,
2921 silly audit report       url: 'https://github.com/advisories/GHSA-g5qg-72qw-gw5v',
2921 silly audit report       title: 'Next.js Affected by Cache Key Confusion for Image Optimization API Routes',
2921 silly audit report       severity: 'moderate',
2921 silly audit report       vulnerable_versions: '>=15.0.0 <=15.4.4',
2921 silly audit report       cwe: [Array],
2921 silly audit report       cvss: [Object]
2921 silly audit report     },
2921 silly audit report     {
2921 silly audit report       id: 1107514,
2921 silly audit report       url: 'https://github.com/advisories/GHSA-xv57-4mr9-wg8v',
2921 silly audit report       title: 'Next.js Content Injection Vulnerability for Image Optimization',
2921 silly audit report       severity: 'moderate',
2921 silly audit report       vulnerable_versions: '>=15.0.0 <=15.4.4',
2921 silly audit report       cwe: [Array],
2921 silly audit report       cvss: [Object]
2921 silly audit report     },
2921 silly audit report     {
2921 silly audit report       id: 1107515,
2921 silly audit report       url: 'https://github.com/advisories/GHSA-4342-x723-ch2f',
2921 silly audit report       title: 'Next.js Improper Middleware Redirect Handling Leads to SSRF',
2921 silly audit report       severity: 'moderate',
2921 silly audit report       vulnerable_versions: '>=15.0.0-canary.0 <15.4.7',
2921 silly audit report       cwe: [Array],
2921 silly audit report       cvss: [Object]
2921 silly audit report     },
2921 silly audit report     {
2921 silly audit report       id: 1108410,
2921 silly audit report       url: 'https://github.com/advisories/GHSA-qpjv-v59x-3qc4',
2921 silly audit report       title: 'Next.js Race Condition to Cache Poisoning',
2921 silly audit report       severity: 'low',
2921 silly audit report       vulnerable_versions: '>=15.0.0 <15.1.6',
2921 silly audit report       cwe: [Array],
2921 silly audit report       cvss: [Object]
2921 silly audit report     },
2921 silly audit report     {
2921 silly audit report       id: 1118942,
2921 silly audit report       url: 'https://github.com/advisories/GHSA-3g8h-86w9-wvmq',
2921 silly audit report       title: "Next.js's Middleware / Proxy redirects can be cache-poisoned",
2921 silly audit report       severity: 'low',
2921 silly audit report       vulnerable_versions: '>=12.2.0 <15.5.16',
2921 silly audit report       cwe: [Array],
2921 silly audit report       cvss: [Object]
2921 silly audit report     },
2921 silly audit report     {
2921 silly audit report       id: 1118944,
2921 silly audit report       url: 'https://github.com/advisories/GHSA-ffhc-5mcf-pf4q',
2921 silly audit report       title: 'Next.js vulnerable to cross-site scripting in App Router applications using CSP nonces',
2921 silly audit report       severity: 'moderate',
2921 silly audit report       vulnerable_versions: '>=13.4.0 <15.5.16',
2921 silly audit report       cwe: [Array],
2921 silly audit report       cvss: [Object]
2921 silly audit report     },
2921 silly audit report     {
2921 silly audit report       id: 1118946,
2921 silly audit report       url: 'https://github.com/advisories/GHSA-vfv6-92ff-j949',
2921 silly audit report       title: 'Next.js vulnerable to cache poisoning via collisions in React Server Component cache-busting',
2921 silly audit report       severity: 'low',
2921 silly audit report       vulnerable_versions: '>=13.4.6 <15.5.16',
2921 silly audit report       cwe: [Array],
2921 silly audit report       cvss: [Object]
2921 silly audit report     },
2921 silly audit report     {
2921 silly audit report       id: 1118948,
2921 silly audit report       url: 'https://github.com/advisories/GHSA-gx5p-jg67-6x7h',
2921 silly audit report       title: 'Next.js has cross-site scripting in beforeInteractive scripts with untrusted input',
2921 silly audit report       severity: 'moderate',
2921 silly audit report       vulnerable_versions: '>=13.0.0 <15.5.16',
2921 silly audit report       cwe: [Array],
2921 silly audit report       cvss: [Object]
2921 silly audit report     },
2921 silly audit report     {
2921 silly audit report       id: 1118950,
2921 silly audit report       url: 'https://github.com/advisories/GHSA-mg66-mrh9-m8jx',
2921 silly audit report       title: 'Next.js vulnerable to Denial of Service via connection exhaustion in applications using Cache Components',
2921 silly audit report       severity: 'high',
2921 silly audit report       vulnerable_versions: '>=15.0.0 <15.5.16',
2921 silly audit report       cwe: [Array],
2921 silly audit report       cvss: [Object]
2921 silly audit report     },
2921 silly audit report     {
2921 silly audit report       id: 1118952,
2921 silly audit report       url: 'https://github.com/advisories/GHSA-h64f-5h5j-jqjh',
2921 silly audit report       title: 'Next.js has a Denial of Service in the Image Optimization API',
2921 silly audit report       severity: 'moderate',
2921 silly audit report       vulnerable_versions: '>=10.0.0 <15.5.16',
2921 silly audit report       cwe: [Array],
2921 silly audit report       cvss: [Object]
2921 silly audit report     },
2921 silly audit report     {
2921 silly audit report       id: 1118954,
2921 silly audit report       url: 'https://github.com/advisories/GHSA-c4j6-fc7j-m34r',
2921 silly audit report       title: 'Next.js vulnerable to server-side request forgery in applications using WebSocket upgrades',
2921 silly audit report       severity: 'high',
2921 silly audit report       vulnerable_versions: '>=13.4.13 <15.5.16',
2921 silly audit report       cwe: [Array],
2921 silly audit report       cvss: [Object]
2921 silly audit report     },
2921 silly audit report     {
2921 silly audit report       id: 1118958,
2921 silly audit report       url: 'https://github.com/advisories/GHSA-wfc6-r584-vfw7',
2921 silly audit report       title: 'Next.js vulnerable to cache poisoning in React Server Component responses',
2921 silly audit report       severity: 'moderate',
2921 silly audit report       vulnerable_versions: '>=14.2.0 <15.5.16',
2921 silly audit report       cwe: [Array],
2921 silly audit report       cvss: [Object]
2921 silly audit report     },
2921 silly audit report     {
2921 silly audit report       id: 1118962,
2921 silly audit report       url: 'https://github.com/advisories/GHSA-36qx-fr4f-26g5',
2921 silly audit report       title: 'Next.js has a Middleware / Proxy bypass in Pages Router applications using i18n',
2921 silly audit report       severity: 'high',
2921 silly audit report       vulnerable_versions: '>=12.2.0 <15.5.16',
2921 silly audit report       cwe: [Array],
2921 silly audit report       cvss: [Object]
2921 silly audit report     },
2921 silly audit report     {
2921 silly audit report       id: 1112593,
2921 silly audit report       url: 'https://github.com/advisories/GHSA-9g9p-9gw9-jx7f',
2921 silly audit report       title: 'Next.js self-hosted applications vulnerable to DoS via Image Optimizer remotePatterns configuration',
2921 silly audit report       severity: 'moderate',
2921 silly audit report       vulnerable_versions: '>=10.0.0 <15.5.10',
2921 silly audit report       cwe: [Array],
2921 silly audit report       cvss: [Object]
2921 silly audit report     },
2921 silly audit report     {
2921 silly audit report       id: 1112653,
2921 silly audit report       url: 'https://github.com/advisories/GHSA-h25m-26qc-wcjf',
2921 silly audit report       title: 'Next.js HTTP request deserialization can lead to DoS when using insecure React Server Components',
2921 silly audit report       severity: 'high',
2921 silly audit report       vulnerable_versions: '>=13.0.0 <15.0.8',
2921 silly audit report       cwe: [Array],
2921 silly audit report       cvss: [Object]
2921 silly audit report     },
2921 silly audit report     {
2921 silly audit report       id: 1113688,
2921 silly audit report       url: 'https://github.com/advisories/GHSA-f82v-jwr5-mffw',
2921 silly audit report       title: 'Authorization Bypass in Next.js Middleware',
2921 silly audit report       severity: 'critical',
2921 silly audit report       vulnerable_versions: '>=15.0.0 <15.2.3',
2921 silly audit report       cwe: [Array],
2921 silly audit report       cvss: [Object]
2921 silly audit report     },
2921 silly audit report     {
2921 silly audit report       id: 1114897,
2921 silly audit report       url: 'https://github.com/advisories/GHSA-ggv3-7p47-pfv8',
2921 silly audit report       title: 'Next.js: HTTP request smuggling in rewrites',
2921 silly audit report       severity: 'moderate',
2921 silly audit report       vulnerable_versions: '>=9.5.0 <15.5.13',
2921 silly audit report       cwe: [Array],
2921 silly audit report       cvss: [Object]
2921 silly audit report     },
2921 silly audit report     {
2921 silly audit report       id: 1114940,
2921 silly audit report       url: 'https://github.com/advisories/GHSA-3x4c-7xq6-9pq8',
2921 silly audit report       title: 'Next.js: Unbounded next/image disk cache growth can exhaust storage',
2921 silly audit report       severity: 'moderate',
2921 silly audit report       vulnerable_versions: '>=10.0.0 <15.5.14',
2921 silly audit report       cwe: [Array],
2921 silly audit report       cvss: [Object]
2921 silly audit report     },
2921 silly audit report     {
2921 silly audit report       id: 1116376,
2921 silly audit report       url: 'https://github.com/advisories/GHSA-q4gf-8mx6-v5v3',
2921 silly audit report       title: 'Next.js has a Denial of Service with Server Components',
2921 silly audit report       severity: 'high',
2921 silly audit report       vulnerable_versions: '>=13.0.0 <15.5.15',
2921 silly audit report       cwe: [Array],
2921 silly audit report       cvss: [Object]
2921 silly audit report     },
2921 silly audit report     {
2921 silly audit report       id: 1124185,
2921 silly audit report       url: 'https://github.com/advisories/GHSA-89xv-2m56-2m9x',
2921 silly audit report       title: 'Next.js: Server-Side Request Forgery in Server Actions on custom servers',
2921 silly audit report       severity: 'high',
2921 silly audit report       vulnerable_versions: '>=14.1.1 <15.5.21',
2921 silly audit report       cwe: [Array],
2921 silly audit report       cvss: [Object]
2921 silly audit report     },
2921 silly audit report     {
2921 silly audit report       id: 1124172,
2921 silly audit report       url: 'https://github.com/advisories/GHSA-m99w-x7hq-7vfj',
2921 silly audit report       title: 'Next.js: Denial of Service in App Router using Server Actions',
2921 silly audit report       severity: 'high',
2921 silly audit report       vulnerable_versions: '>=13.0.0 <15.5.21',
2921 silly audit report       cwe: [Array],
2921 silly audit report       cvss: [Object]
2921 silly audit report     },
2921 silly audit report     {
2921 silly audit report       id: 1124187,
2921 silly audit report       url: 'https://github.com/advisories/GHSA-68g3-v927-f742',
2921 silly audit report       title: 'Next.js: Cache confusion of response bodies for requests with bodies',
2921 silly audit report       severity: 'moderate',
2921 silly audit report       vulnerable_versions: '>=13.0.0 <15.5.21',
2921 silly audit report       cwe: [Array],
2921 silly audit report       cvss: [Object]
2921 silly audit report     },
2921 silly audit report     {
2921 silly audit report       id: 1124189,
2921 silly audit report       url: 'https://github.com/advisories/GHSA-4633-3j49-mh5q',
2921 silly audit report       title: 'Next.js: Cache confusion of response bodies for requests with bodies containing invalid UTF-8 byte sequences',
2921 silly audit report       severity: 'moderate',
2921 silly audit report       vulnerable_versions: '>=13.0.0 <15.5.21',
2921 silly audit report       cwe: [Array],
2921 silly audit report       cvss: [Object]
2921 silly audit report     },
2921 silly audit report     {
2921 silly audit report       id: 1124191,
2921 silly audit report       url: 'https://github.com/advisories/GHSA-4c39-4ccg-62r3',
2921 silly audit report       title: 'Next.js: Unbounded Server Action payload in Edge runtime',
2921 silly audit report       severity: 'moderate',
2921 silly audit report       vulnerable_versions: '>=13.0.0 <15.5.21',
2921 silly audit report       cwe: [Array],
2921 silly audit report       cvss: [Object]
2921 silly audit report     },
2921 silly audit report     {
2921 silly audit report       id: 1124193,
2921 silly audit report       url: 'https://github.com/advisories/GHSA-p9j2-gv94-2wf4',
2921 silly audit report       title: 'Next.js: Server-Side Request Forgery in rewrites via attacker-controlled destination hostname',
2921 silly audit report       severity: 'high',
2921 silly audit report       vulnerable_versions: '>=12.0.0 <15.5.21',
2921 silly audit report       cwe: [Array],
2921 silly audit report       cvss: [Object]
2921 silly audit report     },
2921 silly audit report     {
2921 silly audit report       id: 1124197,
2921 silly audit report       url: 'https://github.com/advisories/GHSA-955p-x3mx-jcvp',
2921 silly audit report       title: 'Next.js: Unauthenticated disclosure of internal Server Function endpoints',
2921 silly audit report       severity: 'moderate',
2921 silly audit report       vulnerable_versions: '>=13.0.0 <15.5.21',
2921 silly audit report       cwe: [Array],
2921 silly audit report       cvss: [Object]
2921 silly audit report     },
2921 silly audit report     {
2921 silly audit report       id: 1193677,
2921 silly audit report       url: 'https://github.com/advisories/GHSA-p293-qw3h-jr36',
2921 silly audit report       title: 'Next.js: Unauthenticated Remote Code Execution on windows-hosted servers',
2921 silly audit report       severity: 'critical',
2921 silly audit report       vulnerable_versions: '>=13.4.0 <15.5.24',
2921 silly audit report       cwe: [Array],
2921 silly audit report       cvss: [Object]
2921 silly audit report     },
2921 silly audit report     {
2921 silly audit report       id: 1193733,
2921 silly audit report       url: 'https://github.com/advisories/GHSA-2xp9-vwfh-vxw4',
2921 silly audit report       title: 'Next.js: Unauthenticated Remote Code Execution in Image Optimization API when AVIF files are used',
2921 silly audit report       severity: 'critical',
2921 silly audit report       vulnerable_versions: '>=10.0.0 <15.5.24',
2921 silly audit report       cwe: [Array],
2921 silly audit report       cvss: [Object]
2921 silly audit report     }
2921 silly audit report   ],
2921 silly audit report   postcss: [
2921 silly audit report     {
2921 silly audit report       id: 1130709,
2921 silly audit report       url: 'https://github.com/advisories/GHSA-fxqj-rqcc-2cmp',
2921 silly audit report       title: 'PostCSS: incomplete fix of GHSA-6g55-p6wh-862q — attacker-controlled sourceMappingURL reads arbitrary .map files when `from` is unset',
2921 silly audit report       severity: 'moderate',
2921 silly audit report       vulnerable_versions: '<=8.5.22',
2921 silly audit report       cwe: [Array],
2921 silly audit report       cvss: [Object]
2921 silly audit report     },
2921 silly audit report     {
2921 silly audit report       id: 1117015,
2921 silly audit report       url: 'https://github.com/advisories/GHSA-qx2v-qp2m-jg93',
2921 silly audit report       title: 'PostCSS has XSS via Unescaped </style> in its CSS Stringify Output',
2921 silly audit report       severity: 'moderate',
2921 silly audit report       vulnerable_versions: '<8.5.10',
2921 silly audit report       cwe: [Array],
2921 silly audit report       cvss: [Object]
2921 silly audit report     },
2921 silly audit report     {
2921 silly audit report       id: 1124252,
2921 silly audit report       url: 'https://github.com/advisories/GHSA-6g55-p6wh-862q',
2921 silly audit report       title: 'PostCSS: Arbitrary file read and information disclosure via attacker-controlled sourceMappingURL in CSS comments',
2921 silly audit report       severity: 'high',
2921 silly audit report       vulnerable_versions: '<=8.5.11',
2921 silly audit report       cwe: [Array],
2921 silly audit report       cvss: [Object]
2921 silly audit report     },
2921 silly audit report     {
2921 silly audit report       id: 1139510,
2921 silly audit report       url: 'https://github.com/advisories/GHSA-r28c-9q8g-f849',
2921 silly audit report       title: 'PostCSS: Path Traversal in Previous Source Map Auto-Loading (sourceMappingURL) leads to Arbitrary .map File Disclosure',
2921 silly audit report       severity: 'high',
2921 silly audit report       vulnerable_versions: '<=8.5.17',
2921 silly audit report       cwe: [Array],
2921 silly audit report       cvss: [Object]
2921 silly audit report     }
2921 silly audit report   ],
2921 silly audit report   sharp: [
2921 silly audit report     {
2921 silly audit report       id: 1124066,
2921 silly audit report       url: 'https://github.com/advisories/GHSA-f88m-g3jw-g9cj',
2921 silly audit report       title: 'sharp inherited vulnerabilities in libvips: CVE-2026-33327, CVE-2026-33328, CVE-2026-35590, CVE-2026-35591',
2921 silly audit report       severity: 'high',
2921 silly audit report       vulnerable_versions: '<0.35.0',
2921 silly audit report       cwe: [Array],
2921 silly audit report       cvss: [Object]
2921 silly audit report     },
2921 silly audit report     {
2921 silly audit report       id: 1193725,
2921 silly audit report       url: 'https://github.com/advisories/GHSA-rgj7-g3m4-5g8c',
2921 silly audit report       title: 'sharp: Vulnerabilities in libheif: GHSA-g89c-p67h-r497 and GHSA-2jg2-4ch7-h545',
2921 silly audit report       severity: 'high',
2921 silly audit report       vulnerable_versions: '<0.35.4',
2921 silly audit report       cwe: [Array],
2921 silly audit report       cvss: [Object]
2921 silly audit report     }
2921 silly audit report   ],
2921 silly audit report   ws: [
2921 silly audit report     {
2921 silly audit report       id: 1119108,
2921 silly audit report       url: 'https://github.com/advisories/GHSA-58qx-3vcg-4xpx',
2921 silly audit report       title: 'ws: Uninitialized memory disclosure',
2921 silly audit report       severity: 'moderate',
2921 silly audit report       vulnerable_versions: '>=8.0.0 <8.20.1',
2921 silly audit report       cwe: [Array],
2921 silly audit report       cvss: [Object]
2921 silly audit report     },
2921 silly audit report     {
2921 silly audit report       id: 1123259,
2921 silly audit report       url: 'https://github.com/advisories/GHSA-96hv-2xvq-fx4p',
2921 silly audit report       title: 'ws: Memory exhaustion DoS from tiny fragments and data chunks',
2921 silly audit report       severity: 'high',
2921 silly audit report       vulnerable_versions: '>=8.0.0 <8.21.0',
2921 silly audit report       cwe: [Array],
2921 silly audit report       cvss: [Object]
2921 silly audit report     }
2921 silly audit report   ],
2921 silly audit report   uuid: [
2921 silly audit report     {
2921 silly audit report       id: 1119441,
2921 silly audit report       url: 'https://github.com/advisories/GHSA-w5hq-g745-h8pq',
2921 silly audit report       title: 'uuid: Missing buffer bounds check in v3/v5/v6 when buf is provided',
2921 silly audit report       severity: 'moderate',
2921 silly audit report       vulnerable_versions: '<11.1.1',
2921 silly audit report       cwe: [Array],
2921 silly audit report       cvss: [Object]
2921 silly audit report     }
2921 silly audit report   ],
2921 silly audit report   'decode-uri-component': [
2921 silly audit report     {
2921 silly audit report       id: 1147955,
2921 silly audit report       url: 'https://github.com/advisories/GHSA-vcc3-ghjq-m6fr',
2921 silly audit report       title: 'decode-uri-component: Denial of service via exponential decoding of malformed percent-encoded input',
2921 silly audit report       severity: 'moderate',
2921 silly audit report       vulnerable_versions: '<=0.4.2',
2921 silly audit report       cwe: [Array],
2921 silly audit report       cvss: [Object]
2921 silly audit report     }
2921 silly audit report   ]
2921 silly audit report }
2922 silly packumentCache corgi:https://registry.npmjs.org/next cache-miss
2923 silly packumentCache corgi:https://registry.npmjs.org/postcss cache-miss
2924 silly packumentCache corgi:https://registry.npmjs.org/sharp cache-miss
2925 silly packumentCache corgi:https://registry.npmjs.org/ws cache-miss
2926 silly packumentCache corgi:https://registry.npmjs.org/uuid cache-miss
2927 silly packumentCache corgi:https://registry.npmjs.org/decode-uri-component cache-miss
2928 silly tarball no local data for jose@https://registry.npmjs.org/jose/-/jose-6.2.12.tgz. Extracting by manifest.
2929 silly tarball no local data for abitype@https://registry.npmjs.org/abitype/-/abitype-1.0.6.tgz. Extracting by manifest.
2930 silly tarball no local data for readable-stream@https://registry.npmjs.org/readable-stream/-/readable-stream-3.6.2.tgz. Extracting by manifest.
2931 silly tarball no local data for emoji-regex@https://registry.npmjs.org/emoji-regex/-/emoji-regex-8.0.0.tgz. Extracting by manifest.
2932 silly tarball no local data for @metamask/safe-event-emitter@https://registry.npmjs.org/@metamask/safe-event-emitter/-/safe-event-emitter-2.0.0.tgz. Extracting by manifest.
2933 silly tarball no local data for uuid@https://registry.npmjs.org/uuid/-/uuid-9.0.1.tgz. Extracting by manifest.
2934 silly tarball no local data for @metamask/rpc-errors@https://registry.npmjs.org/@metamask/rpc-errors/-/rpc-errors-6.4.0.tgz. Extracting by manifest.
2935 silly tarball no local data for @metamask/utils@https://registry.npmjs.org/@metamask/utils/-/utils-9.3.0.tgz. Extracting by manifest.
2936 silly tarball no local data for @metamask/utils@https://registry.npmjs.org/@metamask/utils/-/utils-5.0.2.tgz. Extracting by manifest.
2937 silly tarball no local data for @metamask/json-rpc-engine@https://registry.npmjs.org/@metamask/json-rpc-engine/-/json-rpc-engine-7.3.3.tgz. Extracting by manifest.
2938 silly tarball no local data for @metamask/utils@https://registry.npmjs.org/@metamask/utils/-/utils-8.5.0.tgz. Extracting by manifest.
2939 silly tarball no local data for readable-stream@https://registry.npmjs.org/readable-stream/-/readable-stream-3.6.2.tgz. Extracting by manifest.
2940 silly tarball no local data for pify@https://registry.npmjs.org/pify/-/pify-5.0.0.tgz. Extracting by manifest.
2941 silly tarball no local data for @metamask/utils@https://registry.npmjs.org/@metamask/utils/-/utils-5.0.2.tgz. Extracting by manifest.
2942 silly tarball no local data for @scure/base@https://registry.npmjs.org/@scure/base/-/base-1.1.9.tgz. Extracting by manifest.
2943 silly tarball no local data for @scure/bip39@https://registry.npmjs.org/@scure/bip39/-/bip39-1.3.0.tgz. Extracting by manifest.
2944 silly tarball no local data for @scure/bip32@https://registry.npmjs.org/@scure/bip32/-/bip32-1.4.0.tgz. Extracting by manifest.
2945 silly tarball no local data for @noble/hashes@https://registry.npmjs.org/@noble/hashes/-/hashes-1.4.0.tgz. Extracting by manifest.
2946 silly tarball no local data for @noble/curves@https://registry.npmjs.org/@noble/curves/-/curves-1.4.2.tgz. Extracting by manifest.
2947 silly tarball no local data for @scure/base@https://registry.npmjs.org/@scure/base/-/base-1.1.9.tgz. Extracting by manifest.
2948 silly tarball no local data for readable-stream@https://registry.npmjs.org/readable-stream/-/readable-stream-3.6.2.tgz. Extracting by manifest.
2949 silly tarball no local data for uuid@https://registry.npmjs.org/uuid/-/uuid-9.0.1.tgz. Extracting by manifest.
2950 silly tarball no local data for readable-stream@https://registry.npmjs.org/readable-stream/-/readable-stream-3.6.2.tgz. Extracting by manifest.
2951 silly tarball no local data for @metamask/utils@https://registry.npmjs.org/@metamask/utils/-/utils-8.5.0.tgz. Extracting by manifest.
2952 silly tarball no local data for uuid@https://registry.npmjs.org/uuid/-/uuid-9.0.1.tgz. Extracting by manifest.
2953 silly tarball no local data for @metamask/utils@https://registry.npmjs.org/@metamask/utils/-/utils-8.5.0.tgz. Extracting by manifest.
2954 silly tarball no local data for @metamask/rpc-errors@https://registry.npmjs.org/@metamask/rpc-errors/-/rpc-errors-6.4.0.tgz. Extracting by manifest.
2955 silly tarball no local data for @metamask/utils@https://registry.npmjs.org/@metamask/utils/-/utils-9.3.0.tgz. Extracting by manifest.
2956 silly tarball no local data for string_decoder@https://registry.npmjs.org/string_decoder/-/string_decoder-1.1.1.tgz. Extracting by manifest.
2957 silly tarball no local data for safe-buffer@https://registry.npmjs.org/safe-buffer/-/safe-buffer-5.1.2.tgz. Extracting by manifest.
2958 silly tarball no local data for isarray@https://registry.npmjs.org/isarray/-/isarray-1.0.0.tgz. Extracting by manifest.
2959 silly tarball no local data for readable-stream@https://registry.npmjs.org/readable-stream/-/readable-stream-2.3.8.tgz. Extracting by manifest.
2960 silly tarball no local data for @noble/curves@https://registry.npmjs.org/@noble/curves/-/curves-1.9.7.tgz. Extracting by manifest.
2961 silly tarball no local data for ms@https://registry.npmjs.org/ms/-/ms-2.1.2.tgz. Extracting by manifest.
2962 silly tarball no local data for debug@https://registry.npmjs.org/debug/-/debug-4.3.4.tgz. Extracting by manifest.
2963 silly tarball no local data for uuid@https://registry.npmjs.org/uuid/-/uuid-9.0.1.tgz. Extracting by manifest.
2964 silly tarball no local data for readable-stream@https://registry.npmjs.org/readable-stream/-/readable-stream-3.6.2.tgz. Extracting by manifest.
2965 silly tarball no local data for @metamask/utils@https://registry.npmjs.org/@metamask/utils/-/utils-8.5.0.tgz. Extracting by manifest.
2966 silly tarball no local data for @metamask/rpc-errors@https://registry.npmjs.org/@metamask/rpc-errors/-/rpc-errors-6.4.0.tgz. Extracting by manifest.
2967 silly tarball no local data for @metamask/utils@https://registry.npmjs.org/@metamask/utils/-/utils-9.3.0.tgz. Extracting by manifest.
2968 silly tarball no local data for uuid@https://registry.npmjs.org/uuid/-/uuid-9.0.1.tgz. Extracting by manifest.
2969 silly tarball no local data for zod@https://registry.npmjs.org/zod/-/zod-4.6.5.tgz. Extracting by manifest.
2970 silly tarball no local data for ox@https://registry.npmjs.org/ox/-/ox-0.9.17.tgz. Extracting by manifest.
2971 silly tarball no local data for ms@https://registry.npmjs.org/ms/-/ms-2.1.2.tgz. Extracting by manifest.
2972 silly tarball no local data for readable-stream@https://registry.npmjs.org/readable-stream/-/readable-stream-3.6.2.tgz. Extracting by manifest.
2973 silly tarball no local data for debug@https://registry.npmjs.org/debug/-/debug-4.3.4.tgz. Extracting by manifest.
2974 silly tarball no local data for cross-fetch@https://registry.npmjs.org/cross-fetch/-/cross-fetch-4.1.0.tgz. Extracting by manifest.
2975 silly tarball no local data for zustand@https://registry.npmjs.org/zustand/-/zustand-5.0.0.tgz. Extracting by manifest.
2976 silly tarball no local data for ws@https://registry.npmjs.org/ws/-/ws-8.18.0.tgz. Extracting by manifest.
2977 silly tarball no local data for isows@https://registry.npmjs.org/isows/-/isows-1.0.6.tgz. Extracting by manifest.
2978 silly tarball no local data for abitype@https://registry.npmjs.org/abitype/-/abitype-1.0.8.tgz. Extracting by manifest.
2979 silly tarball no local data for @scure/bip39@https://registry.npmjs.org/@scure/bip39/-/bip39-1.5.4.tgz. Extracting by manifest.
2980 silly tarball no local data for @noble/hashes@https://registry.npmjs.org/@noble/hashes/-/hashes-1.7.2.tgz. Extracting by manifest.
2981 silly tarball no local data for @scure/bip32@https://registry.npmjs.org/@scure/bip32/-/bip32-1.6.2.tgz. Extracting by manifest.
2982 silly tarball no local data for @noble/hashes@https://registry.npmjs.org/@noble/hashes/-/hashes-1.7.2.tgz. Extracting by manifest.
2983 silly tarball no local data for use-sync-external-store@https://registry.npmjs.org/use-sync-external-store/-/use-sync-external-store-1.2.0.tgz. Extracting by manifest.
2984 silly tarball no local data for proxy-compare@https://registry.npmjs.org/proxy-compare/-/proxy-compare-2.6.0.tgz. Extracting by manifest.
2985 silly tarball no local data for thread-stream@https://registry.npmjs.org/thread-stream/-/thread-stream-0.15.2.tgz. Extracting by manifest.
2986 silly tarball no local data for sonic-boom@https://registry.npmjs.org/sonic-boom/-/sonic-boom-2.8.0.tgz. Extracting by manifest.
2987 silly tarball no local data for real-require@https://registry.npmjs.org/real-require/-/real-require-0.1.0.tgz. Extracting by manifest.
2988 silly tarball no local data for process-warning@https://registry.npmjs.org/process-warning/-/process-warning-1.0.0.tgz. Extracting by manifest.
2989 silly tarball no local data for pino-std-serializers@https://registry.npmjs.org/pino-std-serializers/-/pino-std-serializers-4.0.0.tgz. Extracting by manifest.
2990 silly tarball no local data for pino-abstract-transport@https://registry.npmjs.org/pino-abstract-transport/-/pino-abstract-transport-0.5.0.tgz. Extracting by manifest.
2991 silly tarball no local data for on-exit-leak-free@https://registry.npmjs.org/on-exit-leak-free/-/on-exit-leak-free-0.2.0.tgz. Extracting by manifest.
2992 silly tarball no local data for @noble/curves@https://registry.npmjs.org/@noble/curves/-/curves-1.8.1.tgz. Extracting by manifest.
2993 silly tarball no local data for @noble/hashes@https://registry.npmjs.org/@noble/hashes/-/hashes-1.7.1.tgz. Extracting by manifest.
2994 silly tarball no local data for @noble/ciphers@https://registry.npmjs.org/@noble/ciphers/-/ciphers-1.2.1.tgz. Extracting by manifest.
2995 silly tarball no local data for uint8arrays@https://registry.npmjs.org/uint8arrays/-/uint8arrays-3.1.0.tgz. Extracting by manifest.
2996 silly tarball no local data for es-toolkit@https://registry.npmjs.org/es-toolkit/-/es-toolkit-1.33.0.tgz. Extracting by manifest.
2997 silly tarball no local data for @walletconnect/core@https://registry.npmjs.org/@walletconnect/core/-/core-2.21.1.tgz. Extracting by manifest.
2998 silly tarball no local data for pino@https://registry.npmjs.org/pino/-/pino-7.11.0.tgz. Extracting by manifest.
2999 silly tarball no local data for zod@https://registry.npmjs.org/zod/-/zod-3.22.4.tgz. Extracting by manifest.
3000 silly tarball no local data for @walletconnect/logger@https://registry.npmjs.org/@walletconnect/logger/-/logger-2.1.2.tgz. Extracting by manifest.
3001 silly tarball no local data for qrcode@https://registry.npmjs.org/qrcode/-/qrcode-1.5.3.tgz. Extracting by manifest.
3002 silly tarball no local data for valtio@https://registry.npmjs.org/valtio/-/valtio-1.13.2.tgz. Extracting by manifest.
3003 silly tarball no local data for @reown/appkit-wallet@https://registry.npmjs.org/@reown/appkit-wallet/-/appkit-wallet-1.7.8.tgz. Extracting by manifest.
3004 silly tarball no local data for @reown/appkit-utils@https://registry.npmjs.org/@reown/appkit-utils/-/appkit-utils-1.7.8.tgz. Extracting by manifest.
3005 silly tarball no local data for ox@https://registry.npmjs.org/ox/-/ox-0.6.7.tgz. Extracting by manifest.
3006 silly tarball no local data for @noble/hashes@https://registry.npmjs.org/@noble/hashes/-/hashes-1.7.1.tgz. Extracting by manifest.
3007 silly tarball no local data for @walletconnect/core@https://registry.npmjs.org/@walletconnect/core/-/core-2.21.0.tgz. Extracting by manifest.
3008 silly tarball no local data for @walletconnect/utils@https://registry.npmjs.org/@walletconnect/utils/-/utils-2.21.0.tgz. Extracting by manifest.
3009 silly tarball no local data for viem@https://registry.npmjs.org/viem/-/viem-2.23.2.tgz. Extracting by manifest.
3010 silly tarball no local data for @walletconnect/types@https://registry.npmjs.org/@walletconnect/types/-/types-2.21.0.tgz. Extracting by manifest.
3011 silly tarball no local data for @walletconnect/sign-client@https://registry.npmjs.org/@walletconnect/sign-client/-/sign-client-2.21.0.tgz. Extracting by manifest.
3012 silly tarball no local data for @walletconnect/universal-provider@https://registry.npmjs.org/@walletconnect/universal-provider/-/universal-provider-2.21.0.tgz. Extracting by manifest.
3013 silly tarball no local data for @reown/appkit-ui@https://registry.npmjs.org/@reown/appkit-ui/-/appkit-ui-1.7.8.tgz. Extracting by manifest.
3014 silly tarball no local data for @reown/appkit-scaffold-ui@https://registry.npmjs.org/@reown/appkit-scaffold-ui/-/appkit-scaffold-ui-1.7.8.tgz. Extracting by manifest.
3015 silly tarball no local data for @reown/appkit-polyfills@https://registry.npmjs.org/@reown/appkit-polyfills/-/appkit-polyfills-1.7.8.tgz. Extracting by manifest.
3016 silly tarball no local data for @reown/appkit-pay@https://registry.npmjs.org/@reown/appkit-pay/-/appkit-pay-1.7.8.tgz. Extracting by manifest.
3017 silly tarball no local data for @reown/appkit-controllers@https://registry.npmjs.org/@reown/appkit-controllers/-/appkit-controllers-1.7.8.tgz. Extracting by manifest.
3018 silly tarball no local data for ox@https://registry.npmjs.org/ox/-/ox-0.6.7.tgz. Extracting by manifest.
3019 silly tarball no local data for @noble/hashes@https://registry.npmjs.org/@noble/hashes/-/hashes-1.7.1.tgz. Extracting by manifest.
3020 silly tarball no local data for @walletconnect/core@https://registry.npmjs.org/@walletconnect/core/-/core-2.21.0.tgz. Extracting by manifest.
3021 silly tarball no local data for @walletconnect/utils@https://registry.npmjs.org/@walletconnect/utils/-/utils-2.21.0.tgz. Extracting by manifest.
3022 silly tarball no local data for viem@https://registry.npmjs.org/viem/-/viem-2.23.2.tgz. Extracting by manifest.
3023 silly tarball no local data for @walletconnect/types@https://registry.npmjs.org/@walletconnect/types/-/types-2.21.0.tgz. Extracting by manifest.
3024 silly tarball no local data for @walletconnect/sign-client@https://registry.npmjs.org/@walletconnect/sign-client/-/sign-client-2.21.0.tgz. Extracting by manifest.
3025 silly tarball no local data for @walletconnect/universal-provider@https://registry.npmjs.org/@walletconnect/universal-provider/-/universal-provider-2.21.0.tgz. Extracting by manifest.
3026 silly tarball no local data for @reown/appkit-common@https://registry.npmjs.org/@reown/appkit-common/-/appkit-common-1.7.8.tgz. Extracting by manifest.
3027 silly tarball no local data for ox@https://registry.npmjs.org/ox/-/ox-0.6.7.tgz. Extracting by manifest.
3028 silly tarball no local data for viem@https://registry.npmjs.org/viem/-/viem-2.23.2.tgz. Extracting by manifest.
3029 silly tarball no local data for @noble/hashes@https://registry.npmjs.org/@noble/hashes/-/hashes-1.7.1.tgz. Extracting by manifest.
3030 silly tarball no local data for @walletconnect/universal-provider@https://registry.npmjs.org/@walletconnect/universal-provider/-/universal-provider-2.21.1.tgz. Extracting by manifest.
3031 silly tarball no local data for @walletconnect/types@https://registry.npmjs.org/@walletconnect/types/-/types-2.21.1.tgz. Extracting by manifest.
3032 silly tarball no local data for @walletconnect/sign-client@https://registry.npmjs.org/@walletconnect/sign-client/-/sign-client-2.21.1.tgz. Extracting by manifest.
3033 silly tarball no local data for @reown/appkit@https://registry.npmjs.org/@reown/appkit/-/appkit-1.7.8.tgz. Extracting by manifest.
3034 silly tarball no local data for ox@https://registry.npmjs.org/ox/-/ox-0.6.7.tgz. Extracting by manifest.
3035 silly tarball no local data for @noble/hashes@https://registry.npmjs.org/@noble/hashes/-/hashes-1.7.1.tgz. Extracting by manifest.
3036 silly tarball no local data for @walletconnect/core@https://registry.npmjs.org/@walletconnect/core/-/core-2.21.0.tgz. Extracting by manifest.
3037 silly tarball no local data for @walletconnect/utils@https://registry.npmjs.org/@walletconnect/utils/-/utils-2.21.0.tgz. Extracting by manifest.
3038 silly tarball no local data for viem@https://registry.npmjs.org/viem/-/viem-2.23.2.tgz. Extracting by manifest.
3039 silly tarball no local data for @walletconnect/sign-client@https://registry.npmjs.org/@walletconnect/sign-client/-/sign-client-2.21.0.tgz. Extracting by manifest.
3040 silly tarball no local data for @walletconnect/universal-provider@https://registry.npmjs.org/@walletconnect/universal-provider/-/universal-provider-2.21.0.tgz. Extracting by manifest.
3041 silly tarball no local data for @walletconnect/types@https://registry.npmjs.org/@walletconnect/types/-/types-2.21.0.tgz. Extracting by manifest.
3042 silly tarball no local data for zustand@https://registry.npmjs.org/zustand/-/zustand-5.0.3.tgz. Extracting by manifest.
3043 silly tarball no local data for ox@https://registry.npmjs.org/ox/-/ox-0.6.9.tgz. Extracting by manifest.
3044 silly tarball no local data for @noble/hashes@https://registry.npmjs.org/@noble/hashes/-/hashes-1.4.0.tgz. Extracting by manifest.
3045 silly tarball no local data for @walletconnect/ethereum-provider@https://registry.npmjs.org/@walletconnect/ethereum-provider/-/ethereum-provider-2.21.1.tgz. Extracting by manifest.
3046 silly tarball no local data for @coinbase/wallet-sdk@https://registry.npmjs.org/@coinbase/wallet-sdk/-/wallet-sdk-4.3.6.tgz. Extracting by manifest.
3047 silly tarball no local data for @base-org/account@https://registry.npmjs.org/@base-org/account/-/account-2.4.0.tgz. Extracting by manifest.
3048 silly tarball no local data for undici-types@https://registry.npmjs.org/undici-types/-/undici-types-7.29.1.tgz. Extracting by manifest.
3049 silly tarball no local data for commander@https://registry.npmjs.org/commander/-/commander-14.0.2.tgz. Extracting by manifest.
3050 silly tarball no local data for chalk@https://registry.npmjs.org/chalk/-/chalk-5.6.2.tgz. Extracting by manifest.
3051 silly tarball no local data for use-sync-external-store@https://registry.npmjs.org/use-sync-external-store/-/use-sync-external-store-1.4.0.tgz. Extracting by manifest.
3052 silly tarball no local data for p-limit@https://registry.npmjs.org/p-limit/-/p-limit-2.3.0.tgz. Extracting by manifest.
3053 silly tarball no local data for p-locate@https://registry.npmjs.org/p-locate/-/p-locate-4.1.0.tgz. Extracting by manifest.
3054 silly tarball no local data for locate-path@https://registry.npmjs.org/locate-path/-/locate-path-5.0.0.tgz. Extracting by manifest.
3055 silly tarball no local data for find-up@https://registry.npmjs.org/find-up/-/find-up-4.1.0.tgz. Extracting by manifest.
3056 silly tarball no local data for tslib@https://registry.npmjs.org/tslib/-/tslib-1.14.1.tgz. Extracting by manifest.
3057 silly tarball no local data for tslib@https://registry.npmjs.org/tslib/-/tslib-1.14.1.tgz. Extracting by manifest.
3058 silly tarball no local data for @noble/hashes@https://registry.npmjs.org/@noble/hashes/-/hashes-1.7.0.tgz. Extracting by manifest.
3059 silly tarball no local data for @noble/curves@https://registry.npmjs.org/@noble/curves/-/curves-1.8.0.tgz. Extracting by manifest.
3060 silly tarball no local data for ws@https://registry.npmjs.org/ws/-/ws-7.5.13.tgz. Extracting by manifest.
3061 silly tarball no local data for tslib@https://registry.npmjs.org/tslib/-/tslib-1.14.1.tgz. Extracting by manifest.
3062 silly tarball no local data for @noble/hashes@https://registry.npmjs.org/@noble/hashes/-/hashes-1.3.3.tgz. Extracting by manifest.
3063 silly tarball no local data for tslib@https://registry.npmjs.org/tslib/-/tslib-1.14.1.tgz. Extracting by manifest.
3064 silly tarball no local data for readdirp@https://registry.npmjs.org/readdirp/-/readdirp-5.1.1.tgz. Extracting by manifest.
3065 silly tarball no local data for chokidar@https://registry.npmjs.org/chokidar/-/chokidar-5.0.0.tgz. Extracting by manifest.
3066 silly tarball no local data for tslib@https://registry.npmjs.org/tslib/-/tslib-1.14.1.tgz. Extracting by manifest.
3067 silly tarball no local data for tslib@https://registry.npmjs.org/tslib/-/tslib-1.14.1.tgz. Extracting by manifest.
3068 silly tarball no local data for thread-stream@https://registry.npmjs.org/thread-stream/-/thread-stream-0.15.2.tgz. Extracting by manifest.
3069 silly tarball no local data for sonic-boom@https://registry.npmjs.org/sonic-boom/-/sonic-boom-2.8.0.tgz. Extracting by manifest.
3070 silly tarball no local data for real-require@https://registry.npmjs.org/real-require/-/real-require-0.1.0.tgz. Extracting by manifest.
3071 silly tarball no local data for process-warning@https://registry.npmjs.org/process-warning/-/process-warning-1.0.0.tgz. Extracting by manifest.
3072 silly tarball no local data for pino-std-serializers@https://registry.npmjs.org/pino-std-serializers/-/pino-std-serializers-4.0.0.tgz. Extracting by manifest.
3073 silly tarball no local data for pino-abstract-transport@https://registry.npmjs.org/pino-abstract-transport/-/pino-abstract-transport-0.5.0.tgz. Extracting by manifest.
3074 silly tarball no local data for on-exit-leak-free@https://registry.npmjs.org/on-exit-leak-free/-/on-exit-leak-free-0.2.0.tgz. Extracting by manifest.
3075 silly tarball no local data for pino@https://registry.npmjs.org/pino/-/pino-7.11.0.tgz. Extracting by manifest.
3076 silly tarball no local data for zod@https://registry.npmjs.org/zod/-/zod-3.22.4.tgz. Extracting by manifest.
3077 silly tarball no local data for @walletconnect/logger@https://registry.npmjs.org/@walletconnect/logger/-/logger-2.1.2.tgz. Extracting by manifest.
3078 silly tarball no local data for ws@https://registry.npmjs.org/ws/-/ws-8.18.3.tgz. Extracting by manifest.
3079 silly tarball no local data for ox@https://registry.npmjs.org/ox/-/ox-0.9.1.tgz. Extracting by manifest.
3080 silly tarball no local data for abitype@https://registry.npmjs.org/abitype/-/abitype-1.0.8.tgz. Extracting by manifest.
3081 silly tarball no local data for thread-stream@https://registry.npmjs.org/thread-stream/-/thread-stream-0.15.2.tgz. Extracting by manifest.
3082 silly tarball no local data for sonic-boom@https://registry.npmjs.org/sonic-boom/-/sonic-boom-2.8.0.tgz. Extracting by manifest.
3083 silly tarball no local data for real-require@https://registry.npmjs.org/real-require/-/real-require-0.1.0.tgz. Extracting by manifest.
3084 silly tarball no local data for process-warning@https://registry.npmjs.org/process-warning/-/process-warning-1.0.0.tgz. Extracting by manifest.
3085 silly tarball no local data for pino-abstract-transport@https://registry.npmjs.org/pino-abstract-transport/-/pino-abstract-transport-0.5.0.tgz. Extracting by manifest.
3086 silly tarball no local data for on-exit-leak-free@https://registry.npmjs.org/on-exit-leak-free/-/on-exit-leak-free-0.2.0.tgz. Extracting by manifest.
3087 silly tarball no local data for @noble/curves@https://registry.npmjs.org/@noble/curves/-/curves-1.9.7.tgz. Extracting by manifest.
3088 silly tarball no local data for @walletconnect/core@https://registry.npmjs.org/@walletconnect/core/-/core-2.21.9.tgz. Extracting by manifest.
3089 silly tarball no local data for @walletconnect/utils@https://registry.npmjs.org/@walletconnect/utils/-/utils-2.21.9.tgz. Extracting by manifest.
3090 silly tarball no local data for pino-std-serializers@https://registry.npmjs.org/pino-std-serializers/-/pino-std-serializers-4.0.0.tgz. Extracting by manifest.
3091 silly tarball no local data for @noble/curves@https://registry.npmjs.org/@noble/curves/-/curves-1.9.6.tgz. Extracting by manifest.
3092 silly tarball no local data for @walletconnect/types@https://registry.npmjs.org/@walletconnect/types/-/types-2.21.9.tgz. Extracting by manifest.
3093 silly tarball no local data for @walletconnect/sign-client@https://registry.npmjs.org/@walletconnect/sign-client/-/sign-client-2.21.9.tgz. Extracting by manifest.
3094 silly tarball no local data for pino@https://registry.npmjs.org/pino/-/pino-7.11.0.tgz. Extracting by manifest.
3095 silly tarball no local data for @walletconnect/universal-provider@https://registry.npmjs.org/@walletconnect/universal-provider/-/universal-provider-2.21.9.tgz. Extracting by manifest.
3096 silly tarball no local data for @walletconnect/logger@https://registry.npmjs.org/@walletconnect/logger/-/logger-2.1.2.tgz. Extracting by manifest.
3097 silly tarball no local data for qrcode@https://registry.npmjs.org/qrcode/-/qrcode-1.5.3.tgz. Extracting by manifest.
3098 silly tarball no local data for ws@https://registry.npmjs.org/ws/-/ws-8.18.3.tgz. Extracting by manifest.
3099 silly tarball no local data for ox@https://registry.npmjs.org/ox/-/ox-0.9.1.tgz. Extracting by manifest.
3100 silly tarball no local data for abitype@https://registry.npmjs.org/abitype/-/abitype-1.0.8.tgz. Extracting by manifest.
3101 silly tarball no local data for thread-stream@https://registry.npmjs.org/thread-stream/-/thread-stream-0.15.2.tgz. Extracting by manifest.
3102 silly tarball no local data for sonic-boom@https://registry.npmjs.org/sonic-boom/-/sonic-boom-2.8.0.tgz. Extracting by manifest.
3103 silly tarball no local data for real-require@https://registry.npmjs.org/real-require/-/real-require-0.1.0.tgz. Extracting by manifest.
3104 silly tarball no local data for process-warning@https://registry.npmjs.org/process-warning/-/process-warning-1.0.0.tgz. Extracting by manifest.
3105 silly tarball no local data for pino-std-serializers@https://registry.npmjs.org/pino-std-serializers/-/pino-std-serializers-4.0.0.tgz. Extracting by manifest.
3106 silly tarball no local data for pino-abstract-transport@https://registry.npmjs.org/pino-abstract-transport/-/pino-abstract-transport-0.5.0.tgz. Extracting by manifest.
3107 silly tarball no local data for on-exit-leak-free@https://registry.npmjs.org/on-exit-leak-free/-/on-exit-leak-free-0.2.0.tgz. Extracting by manifest.
3108 silly tarball no local data for @noble/curves@https://registry.npmjs.org/@noble/curves/-/curves-1.9.7.tgz. Extracting by manifest.
3109 silly tarball no local data for @walletconnect/core@https://registry.npmjs.org/@walletconnect/core/-/core-2.21.9.tgz. Extracting by manifest.
3110 silly tarball no local data for pino@https://registry.npmjs.org/pino/-/pino-7.11.0.tgz. Extracting by manifest.
3111 silly tarball no local data for @walletconnect/utils@https://registry.npmjs.org/@walletconnect/utils/-/utils-2.21.9.tgz. Extracting by manifest.
3112 silly tarball no local data for @noble/curves@https://registry.npmjs.org/@noble/curves/-/curves-1.9.6.tgz. Extracting by manifest.
3113 silly tarball no local data for @walletconnect/types@https://registry.npmjs.org/@walletconnect/types/-/types-2.21.9.tgz. Extracting by manifest.
3114 silly tarball no local data for @walletconnect/sign-client@https://registry.npmjs.org/@walletconnect/sign-client/-/sign-client-2.21.9.tgz. Extracting by manifest.
3115 silly tarball no local data for @walletconnect/logger@https://registry.npmjs.org/@walletconnect/logger/-/logger-2.1.2.tgz. Extracting by manifest.
3116 silly tarball no local data for @walletconnect/universal-provider@https://registry.npmjs.org/@walletconnect/universal-provider/-/universal-provider-2.21.9.tgz. Extracting by manifest.
3117 silly tarball no local data for ox@https://registry.npmjs.org/ox/-/ox-0.9.3.tgz. Extracting by manifest.
3118 silly tarball no local data for @noble/curves@https://registry.npmjs.org/@noble/curves/-/curves-1.9.7.tgz. Extracting by manifest.
3119 silly tarball no local data for tslib@https://registry.npmjs.org/tslib/-/tslib-1.14.1.tgz. Extracting by manifest.
3120 silly tarball no local data for ws@https://registry.npmjs.org/ws/-/ws-8.18.3.tgz. Extracting by manifest.
3121 silly tarball no local data for ox@https://registry.npmjs.org/ox/-/ox-0.9.1.tgz. Extracting by manifest.
3122 silly tarball no local data for abitype@https://registry.npmjs.org/abitype/-/abitype-1.0.8.tgz. Extracting by manifest.
3123 silly tarball no local data for thread-stream@https://registry.npmjs.org/thread-stream/-/thread-stream-0.15.2.tgz. Extracting by manifest.
3124 silly tarball no local data for sonic-boom@https://registry.npmjs.org/sonic-boom/-/sonic-boom-2.8.0.tgz. Extracting by manifest.
3125 silly tarball no local data for real-require@https://registry.npmjs.org/real-require/-/real-require-0.1.0.tgz. Extracting by manifest.
3126 silly tarball no local data for process-warning@https://registry.npmjs.org/process-warning/-/process-warning-1.0.0.tgz. Extracting by manifest.
3127 silly tarball no local data for pino-std-serializers@https://registry.npmjs.org/pino-std-serializers/-/pino-std-serializers-4.0.0.tgz. Extracting by manifest.
3128 silly tarball no local data for pino-abstract-transport@https://registry.npmjs.org/pino-abstract-transport/-/pino-abstract-transport-0.5.0.tgz. Extracting by manifest.
3129 silly tarball no local data for on-exit-leak-free@https://registry.npmjs.org/on-exit-leak-free/-/on-exit-leak-free-0.2.0.tgz. Extracting by manifest.
3130 silly tarball no local data for @noble/curves@https://registry.npmjs.org/@noble/curves/-/curves-1.9.7.tgz. Extracting by manifest.
3131 silly tarball no local data for @walletconnect/core@https://registry.npmjs.org/@walletconnect/core/-/core-2.21.9.tgz. Extracting by manifest.
3132 silly tarball no local data for pino@https://registry.npmjs.org/pino/-/pino-7.11.0.tgz. Extracting by manifest.
3133 silly tarball no local data for @walletconnect/utils@https://registry.npmjs.org/@walletconnect/utils/-/utils-2.21.9.tgz. Extracting by manifest.
3134 silly tarball no local data for @noble/curves@https://registry.npmjs.org/@noble/curves/-/curves-1.9.6.tgz. Extracting by manifest.
3135 silly tarball no local data for @walletconnect/types@https://registry.npmjs.org/@walletconnect/types/-/types-2.21.9.tgz. Extracting by manifest.
3136 silly tarball no local data for @walletconnect/sign-client@https://registry.npmjs.org/@walletconnect/sign-client/-/sign-client-2.21.9.tgz. Extracting by manifest.
3137 silly tarball no local data for @walletconnect/logger@https://registry.npmjs.org/@walletconnect/logger/-/logger-2.1.2.tgz. Extracting by manifest.
3138 silly tarball no local data for semver@https://registry.npmjs.org/semver/-/semver-7.7.2.tgz. Extracting by manifest.
3139 silly tarball no local data for @walletconnect/universal-provider@https://registry.npmjs.org/@walletconnect/universal-provider/-/universal-provider-2.21.9.tgz. Extracting by manifest.
3140 silly tarball no local data for clsx@https://registry.npmjs.org/clsx/-/clsx-2.1.1.tgz. Extracting by manifest.
3141 silly tarball no local data for stylis@https://registry.npmjs.org/stylis/-/stylis-4.3.6.tgz. Extracting by manifest.
3142 silly tarball no local data for sonic-boom@https://registry.npmjs.org/sonic-boom/-/sonic-boom-3.8.1.tgz. Extracting by manifest.
3143 silly tarball no local data for pino-abstract-transport@https://registry.npmjs.org/pino-abstract-transport/-/pino-abstract-transport-1.2.0.tgz. Extracting by manifest.
3144 silly tarball no local data for ox@https://registry.npmjs.org/ox/-/ox-0.14.34.tgz. Extracting by manifest.
3145 silly tarball no local data for viem@https://registry.npmjs.org/viem/-/viem-2.56.0.tgz. Extracting by manifest.
3146 silly tarball no local data for @walletconnect/utils@https://registry.npmjs.org/@walletconnect/utils/-/utils-2.21.1.tgz. Extracting by manifest.
3147 silly tarball no local data for zustand@https://registry.npmjs.org/zustand/-/zustand-5.0.3.tgz. Extracting by manifest.
3148 silly tarball no local data for ox@https://registry.npmjs.org/ox/-/ox-0.6.9.tgz. Extracting by manifest.
3149 silly tarball no local data for @noble/hashes@https://registry.npmjs.org/@noble/hashes/-/hashes-1.4.0.tgz. Extracting by manifest.
3150 silly tarball no local data for ox@https://registry.npmjs.org/ox/-/ox-0.14.34.tgz. Extracting by manifest.
3151 silly tarball no local data for viem@https://registry.npmjs.org/viem/-/viem-2.56.0.tgz. Extracting by manifest.
3152 silly tarball no local data for viem@https://registry.npmjs.org/viem/-/viem-2.36.0.tgz. Extracting by manifest.
3153 silly tarball no local data for viem@https://registry.npmjs.org/viem/-/viem-2.36.0.tgz. Extracting by manifest.
3154 silly tarball no local data for viem@https://registry.npmjs.org/viem/-/viem-2.36.0.tgz. Extracting by manifest.
3155 http fetch GET 200 https://registry.npmjs.org/p-try/-/p-try-2.2.0.tgz 989ms (cache miss)
3156 http fetch GET 200 https://registry.npmjs.org/combined-stream/-/combined-stream-1.0.8.tgz 991ms (cache miss)
3157 http fetch GET 200 https://registry.npmjs.org/postcss 748ms (cache hit)
3158 silly packumentCache corgi:https://registry.npmjs.org/postcss set size:357674 disposed:false
3159 http fetch GET 200 https://registry.npmjs.org/sharp 760ms (cache hit)
3160 silly packumentCache corgi:https://registry.npmjs.org/sharp set size:299310 disposed:false
3161 http fetch GET 200 https://registry.npmjs.org/asynckit/-/asynckit-0.4.0.tgz 1076ms (cache miss)
3162 http fetch GET 200 https://registry.npmjs.org/next 822ms (cache hit)
3163 silly packumentCache corgi:https://registry.npmjs.org/next set size:25563341 disposed:false
3164 http fetch GET 200 https://registry.npmjs.org/charenc/-/charenc-0.0.2.tgz 2582ms (cache miss)
3165 http fetch GET 200 https://registry.npmjs.org/mime-types/-/mime-types-2.1.35.tgz 2580ms (cache miss)
3166 http fetch GET 200 https://registry.npmjs.org/process-nextick-args/-/process-nextick-args-2.0.1.tgz 2606ms (cache miss)
3167 http fetch GET 200 https://registry.npmjs.org/filter-obj/-/filter-obj-1.1.0.tgz 2604ms (cache miss)
3168 http fetch GET 200 https://registry.npmjs.org/core-util-is/-/core-util-is-1.0.3.tgz 2624ms (cache miss)
3169 http fetch GET 200 https://registry.npmjs.org/split-on-first/-/split-on-first-1.1.0.tgz 2623ms (cache miss)
3170 http fetch GET 200 https://registry.npmjs.org/crypt/-/crypt-0.0.2.tgz 2616ms (cache miss)
3171 http fetch GET 200 https://registry.npmjs.org/strict-uri-encode/-/strict-uri-encode-2.0.0.tgz 2628ms (cache miss)
3172 http fetch GET 200 https://registry.npmjs.org/is-buffer/-/is-buffer-1.1.6.tgz 2642ms (cache miss)
3173 http fetch GET 200 https://registry.npmjs.org/delayed-stream/-/delayed-stream-1.0.0.tgz 2653ms (cache miss)
3174 http fetch GET 200 https://registry.npmjs.org/md5/-/md5-2.3.0.tgz 2650ms (cache miss)
3175 http fetch GET 200 https://registry.npmjs.org/is-retry-allowed/-/is-retry-allowed-2.2.0.tgz 2695ms (cache miss)
3176 http fetch GET 200 https://registry.npmjs.org/proxy-from-env/-/proxy-from-env-2.1.0.tgz 2729ms (cache miss)
3177 http fetch GET 200 https://registry.npmjs.org/encode-utf8/-/encode-utf8-1.0.3.tgz 2722ms (cache miss)
3178 http fetch GET 200 https://registry.npmjs.org/stream-shift/-/stream-shift-1.0.3.tgz 2722ms (cache miss)
3179 http fetch GET 200 https://registry.npmjs.org/query-string/-/query-string-7.1.3.tgz 2752ms (cache miss)
3180 http fetch GET 200 https://registry.npmjs.org/is-fullwidth-code-point/-/is-fullwidth-code-point-3.0.0.tgz 2733ms (cache miss)
3181 http fetch GET 200 https://registry.npmjs.org/decamelize/-/decamelize-1.2.0.tgz 2723ms (cache miss)
3182 http fetch GET 200 https://registry.npmjs.org/camelcase/-/camelcase-5.3.1.tgz 2750ms (cache miss)
3183 http fetch GET 200 https://registry.npmjs.org/yargs-parser/-/yargs-parser-18.1.3.tgz 2749ms (cache miss)
3184 http fetch GET 200 https://registry.npmjs.org/string-width/-/string-width-4.2.3.tgz 2748ms (cache miss)
3185 http fetch GET 200 https://registry.npmjs.org/axios-retry/-/axios-retry-4.5.0.tgz 2767ms (cache miss)
3186 http fetch GET 200 https://registry.npmjs.org/wrap-ansi/-/wrap-ansi-6.2.0.tgz 2761ms (cache miss)
3187 http fetch GET 200 https://registry.npmjs.org/require-main-filename/-/require-main-filename-2.0.0.tgz 2752ms (cache miss)
3188 http fetch GET 200 https://registry.npmjs.org/which-module/-/which-module-2.0.1.tgz 2760ms (cache miss)
3189 http fetch GET 200 https://registry.npmjs.org/set-blocking/-/set-blocking-2.0.0.tgz 2759ms (cache miss)
3190 http fetch GET 200 https://registry.npmjs.org/require-directory/-/require-directory-2.1.1.tgz 2765ms (cache miss)
3191 http fetch GET 200 https://registry.npmjs.org/decode-uri-component/-/decode-uri-component-0.2.2.tgz 2797ms (cache miss)
3192 http fetch GET 200 https://registry.npmjs.org/eth-query/-/eth-query-2.1.2.tgz 2756ms (cache miss)
3193 http fetch GET 200 https://registry.npmjs.org/to-buffer/-/to-buffer-1.2.2.tgz 2763ms (cache miss)
3194 http fetch GET 200 https://registry.npmjs.org/duplexify/-/duplexify-4.1.3.tgz 2805ms (cache miss)
3195 http fetch GET 200 https://registry.npmjs.org/y18n/-/y18n-4.0.3.tgz 2803ms (cache miss)
3196 http fetch GET 200 https://registry.npmjs.org/get-caller-file/-/get-caller-file-2.0.5.tgz 2793ms (cache miss)
3197 http fetch GET 200 https://registry.npmjs.org/cliui/-/cliui-6.0.0.tgz 2792ms (cache miss)
3198 http fetch GET 200 https://registry.npmjs.org/follow-redirects/-/follow-redirects-1.16.0.tgz 2831ms (cache miss)
3199 http fetch GET 200 https://registry.npmjs.org/is-arguments/-/is-arguments-1.2.0.tgz 2810ms (cache miss)
3200 http fetch GET 200 https://registry.npmjs.org/@socket.io/component-emitter/-/component-emitter-3.1.2.tgz 2809ms (cache miss)
3201 http fetch GET 200 https://registry.npmjs.org/pify/-/pify-3.0.0.tgz 2802ms (cache miss)
3202 http fetch GET 200 https://registry.npmjs.org/agent-base/-/agent-base-6.0.2.tgz 2858ms (cache miss)
3203 http fetch GET 200 https://registry.npmjs.org/xtend/-/xtend-4.0.2.tgz 2829ms (cache miss)
3204 http fetch GET 200 https://registry.npmjs.org/json-rpc-random-id/-/json-rpc-random-id-1.0.1.tgz 2825ms (cache miss)
3205 http fetch GET 200 https://registry.npmjs.org/derive-valtio/-/derive-valtio-0.1.0.tgz 2885ms (cache miss)
3206 http fetch GET 200 https://registry.npmjs.org/xmlhttprequest-ssl/-/xmlhttprequest-ssl-2.1.2.tgz 2852ms (cache miss)
3207 http fetch GET 200 https://registry.npmjs.org/openapi-typescript-helpers/-/openapi-typescript-helpers-0.0.15.tgz 2850ms (cache miss)
3208 http fetch GET 200 https://registry.npmjs.org/eth-json-rpc-filters/-/eth-json-rpc-filters-6.0.1.tgz 2844ms (cache miss)
3209 http fetch GET 200 https://registry.npmjs.org/micro-ftch/-/micro-ftch-0.3.1.tgz 2831ms (cache miss)
3210 http fetch GET 200 https://registry.npmjs.org/bn.js/-/bn.js-5.2.5.tgz 2861ms (cache miss)
3211 http fetch GET 200 https://registry.npmjs.org/eth-block-tracker/-/eth-block-tracker-7.1.0.tgz 2861ms (cache miss)
3212 http fetch GET 200 https://registry.npmjs.org/@types/ms/-/ms-2.1.0.tgz 2920ms (cache miss)
3213 http fetch GET 200 https://registry.npmjs.org/https-proxy-agent/-/https-proxy-agent-5.0.1.tgz 2967ms (cache miss)
3214 http fetch GET 200 https://registry.npmjs.org/node-gyp-build/-/node-gyp-build-4.8.4.tgz 2933ms (cache miss)
3215 http fetch GET 200 https://registry.npmjs.org/@metamask/eth-json-rpc-provider/-/eth-json-rpc-provider-1.0.1.tgz 2956ms (cache miss)
3216 http fetch GET 200 https://registry.npmjs.org/@types/debug/-/debug-4.1.13.tgz 2941ms (cache miss)
3217 http fetch GET 200 https://registry.npmjs.org/@metamask/object-multiplex/-/object-multiplex-2.1.0.tgz 2920ms (cache miss)
3218 http fetch GET 200 https://registry.npmjs.org/extension-port-stream/-/extension-port-stream-3.0.0.tgz 2922ms (cache miss)
3219 http fetch GET 200 https://registry.npmjs.org/@ethereumjs/rlp/-/rlp-4.0.1.tgz 2927ms (cache miss)
3220 http fetch GET 200 https://registry.npmjs.org/mime-db/-/mime-db-1.52.0.tgz 3028ms (cache miss)
3221 http fetch GET 200 https://registry.npmjs.org/pony-cause/-/pony-cause-2.1.11.tgz 2968ms (cache miss)
3222 http fetch GET 200 https://registry.npmjs.org/is-stream/-/is-stream-2.0.1.tgz 2938ms (cache miss)
3223 http fetch GET 200 https://registry.npmjs.org/@metamask/safe-event-emitter/-/safe-event-emitter-3.1.3.tgz 2938ms (cache miss)
3224 http fetch GET 200 https://registry.npmjs.org/obj-multiplex/-/obj-multiplex-1.0.0.tgz 2947ms (cache miss)
3225 http fetch GET 200 https://registry.npmjs.org/sha.js/-/sha.js-2.4.12.tgz 3024ms (cache miss)
3226 http fetch GET 200 https://registry.npmjs.org/form-data/-/form-data-4.0.6.tgz 3067ms (cache miss)
3227 http fetch GET 200 https://registry.npmjs.org/@metamask/sdk-analytics/-/sdk-analytics-0.0.5.tgz 3022ms (cache miss)
3228 http fetch GET 200 https://registry.npmjs.org/eth-rpc-errors/-/eth-rpc-errors-4.0.3.tgz 3094ms (cache miss)
3229 http fetch GET 200 https://registry.npmjs.org/@ecies/ciphers/-/ciphers-0.2.6.tgz 3188ms (cache miss)
3230 http fetch GET 200 https://registry.npmjs.org/crc-32/-/crc-32-1.2.2.tgz 3173ms (cache miss)
3231 http fetch GET 200 https://registry.npmjs.org/eventemitter2/-/eventemitter2-6.4.9.tgz 3146ms (cache miss)
3232 http fetch GET 200 https://registry.npmjs.org/webextension-polyfill/-/webextension-polyfill-0.10.0.tgz 3159ms (cache miss)
3233 http fetch GET 200 https://registry.npmjs.org/@solana/fast-stable-stringify/-/fast-stable-stringify-5.5.1.tgz 3155ms (cache miss)
3234 http fetch GET 200 https://registry.npmjs.org/@solana/promises/-/promises-5.5.1.tgz 3168ms (cache miss)
3235 http fetch GET 200 https://registry.npmjs.org/@solana/rpc-spec/-/rpc-spec-5.5.1.tgz 3165ms (cache miss)
3236 http fetch GET 200 https://registry.npmjs.org/@solana/nominal-types/-/nominal-types-5.5.1.tgz 3192ms (cache miss)
3237 http fetch GET 200 https://registry.npmjs.org/@solana/assertions/-/assertions-5.5.1.tgz 3192ms (cache miss)
3238 http fetch GET 200 https://registry.npmjs.org/@solana/rpc-subscriptions-channel-websocket/-/rpc-subscriptions-channel-websocket-5.5.1.tgz 3202ms (cache miss)
3239 http fetch GET 200 https://registry.npmjs.org/socket.io-parser/-/socket.io-parser-4.2.7.tgz 3307ms (cache miss)
3240 http fetch GET 200 https://registry.npmjs.org/async-mutex/-/async-mutex-0.2.6.tgz 3300ms (cache miss)
3241 warn deprecated @metamask/sdk-analytics@0.0.5: No longer maintained, superseded by @metamask/connect-analytics
3242 http fetch GET 200 https://registry.npmjs.org/@solana/rpc-spec-types/-/rpc-spec-types-5.5.1.tgz 3275ms (cache miss)
3243 http fetch GET 200 https://registry.npmjs.org/util/-/util-0.12.5.tgz 3322ms (cache miss)
3244 http fetch GET 200 https://registry.npmjs.org/@metamask/onboarding/-/onboarding-1.0.1.tgz 3316ms (cache miss)
3245 http fetch GET 200 https://registry.npmjs.org/@solana/programs/-/programs-5.5.1.tgz 3291ms (cache miss)
3246 http fetch GET 200 https://registry.npmjs.org/@solana/codecs/-/codecs-5.5.1.tgz 3313ms (cache miss)
3247 http fetch GET 200 https://registry.npmjs.org/@solana/plugin-core/-/plugin-core-5.5.1.tgz 3316ms (cache miss)
3248 http fetch GET 200 https://registry.npmjs.org/superstruct/-/superstruct-1.0.4.tgz 3445ms (cache miss)
3249 http fetch GET 200 https://registry.npmjs.org/@safe-global/safe-apps-provider/-/safe-apps-provider-0.18.6.tgz 3362ms (cache miss)
3250 http fetch GET 200 https://registry.npmjs.org/@wallet-standard/features/-/features-1.1.0.tgz 3355ms (cache miss)
3251 http fetch GET 200 https://registry.npmjs.org/@solana/wallet-standard-features/-/wallet-standard-features-1.3.0.tgz 3354ms (cache miss)
3252 http fetch GET 200 https://registry.npmjs.org/uncrypto/-/uncrypto-0.1.3.tgz 3386ms (cache miss)
3253 http fetch GET 200 https://registry.npmjs.org/webidl-conversions/-/webidl-conversions-3.0.1.tgz 3388ms (cache miss)
3254 http fetch GET 200 https://registry.npmjs.org/iron-webcrypto/-/iron-webcrypto-1.2.1.tgz 3386ms (cache miss)
3255 http fetch GET 200 https://registry.npmjs.org/radix3/-/radix3-1.1.2.tgz 3387ms (cache miss)
3256 http fetch GET 200 https://registry.npmjs.org/defu/-/defu-6.1.7.tgz 3387ms (cache miss)
3257 http fetch GET 200 https://registry.npmjs.org/@paulmillr/qr/-/qr-0.2.1.tgz 3451ms (cache miss)
3258 http fetch GET 200 https://registry.npmjs.org/cookie-es/-/cookie-es-1.2.3.tgz 3405ms (cache miss)
3259 http fetch GET 200 https://registry.npmjs.org/json-rpc-engine/-/json-rpc-engine-6.1.0.tgz 3539ms (cache miss)
3260 http fetch GET 200 https://registry.npmjs.org/proxy-compare/-/proxy-compare-3.0.1.tgz 3439ms (cache miss)
3261 http fetch GET 200 https://registry.npmjs.org/camelize/-/camelize-1.0.1.tgz 3432ms (cache miss)
3262 http fetch GET 200 https://registry.npmjs.org/css-color-keywords/-/css-color-keywords-1.0.0.tgz 3432ms (cache miss)
3263 http fetch GET 200 https://registry.npmjs.org/@emotion/memoize/-/memoize-0.9.0.tgz 3458ms (cache miss)
3264 http fetch GET 200 https://registry.npmjs.org/process/-/process-0.11.10.tgz 3456ms (cache miss)
3265 http fetch GET 200 https://registry.npmjs.org/@emotion/is-prop-valid/-/is-prop-valid-1.4.0.tgz 3458ms (cache miss)
3266 http fetch GET 200 https://registry.npmjs.org/@metamask/json-rpc-middleware-stream/-/json-rpc-middleware-stream-7.0.2.tgz 3541ms (cache miss)
3267 warn deprecated @paulmillr/qr@0.2.1: Switch to "qr" (new package name) for security updates: npm install qr
3268 http fetch GET 200 https://registry.npmjs.org/openapi-fetch/-/openapi-fetch-0.13.8.tgz 3552ms (cache miss)
3269 http fetch GET 200 https://registry.npmjs.org/safe-buffer/-/safe-buffer-5.2.1.tgz 3496ms (cache miss)
3270 http fetch GET 200 https://registry.npmjs.org/string_decoder/-/string_decoder-1.3.0.tgz 3496ms (cache miss)
3271 http fetch GET 200 https://registry.npmjs.org/fast-redact/-/fast-redact-3.5.0.tgz 3649ms (cache miss)
3272 http fetch GET 200 https://registry.npmjs.org/aria-hidden/-/aria-hidden-1.2.6.tgz 3511ms (cache miss)
3273 http fetch GET 200 https://registry.npmjs.org/pump/-/pump-3.0.4.tgz 3507ms (cache miss)
3274 http fetch GET 200 https://registry.npmjs.org/dijkstrajs/-/dijkstrajs-1.0.3.tgz 3509ms (cache miss)
3275 http fetch GET 200 https://registry.npmjs.org/eciesjs/-/eciesjs-0.4.18.tgz 3590ms (cache miss)
3276 http fetch GET 200 https://registry.npmjs.org/end-of-stream/-/end-of-stream-1.4.5.tgz 3534ms (cache miss)
3277 http fetch GET 200 https://registry.npmjs.org/secure-json-parse/-/secure-json-parse-2.7.0.tgz 3535ms (cache miss)
3278 http fetch GET 200 https://registry.npmjs.org/joycon/-/joycon-3.1.1.tgz 3533ms (cache miss)
3279 http fetch GET 200 https://registry.npmjs.org/fast-safe-stringify/-/fast-safe-stringify-2.1.1.tgz 3533ms (cache miss)
3280 http fetch GET 200 https://registry.npmjs.org/dateformat/-/dateformat-4.6.3.tgz 3565ms (cache miss)
3281 http fetch GET 200 https://registry.npmjs.org/help-me/-/help-me-5.0.0.tgz 3568ms (cache miss)
3282 http fetch GET 200 https://registry.npmjs.org/colorette/-/colorette-2.0.20.tgz 3564ms (cache miss)
3283 http fetch GET 200 https://registry.npmjs.org/split2/-/split2-4.2.0.tgz 3640ms (cache miss)
3284 http fetch GET 200 https://registry.npmjs.org/pino-abstract-transport/-/pino-abstract-transport-2.0.0.tgz 3636ms (cache miss)
3285 http fetch GET 200 https://registry.npmjs.org/safe-stable-stringify/-/safe-stable-stringify-2.5.0.tgz 3646ms (cache miss)
3286 http fetch GET 200 https://registry.npmjs.org/quick-format-unescaped/-/quick-format-unescaped-4.0.4.tgz 3694ms (cache miss)
3287 http fetch GET 200 https://registry.npmjs.org/@solana/functional/-/functional-5.5.1.tgz 3737ms (cache miss)
3288 http fetch GET 200 https://registry.npmjs.org/abort-controller/-/abort-controller-3.0.0.tgz 3713ms (cache miss)
3289 http fetch GET 200 https://registry.npmjs.org/process-warning/-/process-warning-5.1.0.tgz 3701ms (cache miss)
3290 http fetch GET 200 https://registry.npmjs.org/real-require/-/real-require-0.2.0.tgz 3702ms (cache miss)
3291 http fetch GET 200 https://registry.npmjs.org/destr/-/destr-2.0.5.tgz 3696ms (cache miss)
3292 http fetch GET 200 https://registry.npmjs.org/whatwg-url/-/whatwg-url-5.0.0.tgz 3696ms (cache miss)
3293 http fetch GET 200 https://registry.npmjs.org/pino-std-serializers/-/pino-std-serializers-7.1.0.tgz 3701ms (cache miss)
3294 http fetch GET 200 https://registry.npmjs.org/atomic-sleep/-/atomic-sleep-1.0.0.tgz 3699ms (cache miss)
3295 http fetch GET 200 https://registry.npmjs.org/on-exit-leak-free/-/on-exit-leak-free-2.1.2.tgz 3714ms (cache miss)
3296 http fetch GET 200 https://registry.npmjs.org/bowser/-/bowser-2.14.1.tgz 3790ms (cache miss)
3297 http fetch GET 200 https://registry.npmjs.org/@metamask/scure-bip39/-/scure-bip39-2.1.1.tgz 3816ms (cache miss)
3298 http fetch GET 200 https://registry.npmjs.org/ieee754/-/ieee754-1.2.1.tgz 3714ms (cache miss)
3299 http fetch GET 200 https://registry.npmjs.org/engine.io-parser/-/engine.io-parser-5.2.3.tgz 3882ms (cache miss)
3300 http fetch GET 200 https://registry.npmjs.org/ua-parser-js/-/ua-parser-js-1.0.41.tgz 3761ms (cache miss)
3301 http fetch GET 200 https://registry.npmjs.org/@types/trusted-types/-/trusted-types-2.0.7.tgz 3743ms (cache miss)
3302 http fetch GET 200 https://registry.npmjs.org/base64-js/-/base64-js-1.5.1.tgz 3740ms (cache miss)
3303 http fetch GET 200 https://registry.npmjs.org/detect-browser/-/detect-browser-5.3.0.tgz 3739ms (cache miss)
3304 http fetch GET 200 https://registry.npmjs.org/base-x/-/base-x-5.0.1.tgz 3769ms (cache miss)
3305 http fetch GET 200 https://registry.npmjs.org/keyvaluestorage-interface/-/keyvaluestorage-interface-1.0.0.tgz 3852ms (cache miss)
3306 http fetch GET 200 https://registry.npmjs.org/@solana/subscribable/-/subscribable-5.5.1.tgz 3954ms (cache miss)
3307 http fetch GET 200 https://registry.npmjs.org/tr46/-/tr46-0.0.3.tgz 3926ms (cache miss)
3308 http fetch GET 200 https://registry.npmjs.org/ufo/-/ufo-1.6.4.tgz 3895ms (cache miss)
3309 http fetch GET 200 https://registry.npmjs.org/@solana/rpc-parsed-types/-/rpc-parsed-types-5.5.1.tgz 3975ms (cache miss)
3310 http fetch GET 200 https://registry.npmjs.org/buffer/-/buffer-6.0.3.tgz 3911ms (cache miss)
3311 http fetch GET 200 https://registry.npmjs.org/big.js/-/big.js-6.2.2.tgz 3911ms (cache miss)
3312 http fetch GET 200 https://registry.npmjs.org/bs58/-/bs58-6.0.0.tgz 3910ms (cache miss)
3313 http fetch GET 200 https://registry.npmjs.org/@solana/rpc-transport-http/-/rpc-transport-http-5.5.1.tgz 4029ms (cache miss)
3314 http fetch GET 200 https://registry.npmjs.org/event-target-shim/-/event-target-shim-5.0.1.tgz 3993ms (cache miss)
3315 http fetch GET 200 https://registry.npmjs.org/node-fetch/-/node-fetch-2.7.0.tgz 4000ms (cache miss)
3316 http fetch GET 200 https://registry.npmjs.org/@solana/instructions/-/instructions-5.5.1.tgz 4100ms (cache miss)
3317 http fetch GET 200 https://registry.npmjs.org/@wallet-standard/base/-/base-1.1.0.tgz 4025ms (cache miss)
3318 http fetch GET 200 https://registry.npmjs.org/set-cookie-parser/-/set-cookie-parser-2.7.2.tgz 4025ms (cache miss)
3319 http fetch GET 200 https://registry.npmjs.org/utf-8-validate/-/utf-8-validate-5.0.10.tgz 4183ms (cache miss)
3320 http fetch GET 200 https://registry.npmjs.org/@solana/keys/-/keys-5.5.1.tgz 4160ms (cache miss)
3321 http fetch GET 200 https://registry.npmjs.org/@reown/appkit-polyfills/-/appkit-polyfills-1.8.9.tgz 4098ms (cache miss)
3322 http fetch GET 200 https://registry.npmjs.org/@react-aria/interactions/-/interactions-3.28.1.tgz 4082ms (cache miss)
3323 http fetch GET 200 https://registry.npmjs.org/@react-aria/focus/-/focus-3.22.1.tgz 4082ms (cache miss)
3324 http fetch GET 200 https://registry.npmjs.org/@privy-io/std/-/std-0.0.1.tgz 4083ms (cache miss)
3325 http fetch GET 200 https://registry.npmjs.org/cross-fetch/-/cross-fetch-3.2.0.tgz 4128ms (cache miss)
3326 http fetch GET 200 https://registry.npmjs.org/use-sync-external-store/-/use-sync-external-store-1.7.0.tgz 4099ms (cache miss)
3327 http fetch GET 200 https://registry.npmjs.org/@floating-ui/react-dom/-/react-dom-2.1.9.tgz 4157ms (cache miss)
3328 http fetch GET 200 https://registry.npmjs.org/react-device-detect/-/react-device-detect-2.2.3.tgz 4190ms (cache miss)
3329 http fetch GET 200 https://registry.npmjs.org/clsx/-/clsx-1.2.1.tgz 4312ms (cache miss)
3330 http fetch GET 200 https://registry.npmjs.org/@walletconnect/jsonrpc-ws-connection/-/jsonrpc-ws-connection-1.0.16.tgz 4382ms (cache miss)
3331 http fetch GET 200 https://registry.npmjs.org/fast-password-entropy/-/fast-password-entropy-1.1.1.tgz 4291ms (cache miss)
3332 http fetch GET 200 https://registry.npmjs.org/@privy-io/urls/-/urls-0.0.5.tgz 4287ms (cache miss)
3333 http fetch GET 200 https://registry.npmjs.org/js-cookie/-/js-cookie-3.0.8.tgz 4293ms (cache miss)
3334 http fetch GET 200 https://registry.npmjs.org/@solana/rpc-subscriptions-spec/-/rpc-subscriptions-spec-5.5.1.tgz 4500ms (cache miss)
3335 http fetch GET 200 https://registry.npmjs.org/idb-keyval/-/idb-keyval-6.2.1.tgz 4388ms (cache miss)
3336 http fetch GET 200 https://registry.npmjs.org/@stripe/crypto/-/crypto-1.1.3.tgz 4332ms (cache miss)
3337 http fetch GET 200 https://registry.npmjs.org/@solana/options/-/options-5.5.1.tgz 4523ms (cache miss)
3338 http fetch GET 200 https://registry.npmjs.org/@privy-io/routes/-/routes-0.4.1.tgz 4357ms (cache miss)
3339 http fetch GET 200 https://registry.npmjs.org/@solana/rpc-subscriptions-api/-/rpc-subscriptions-api-5.5.1.tgz 4564ms (cache miss)
3340 http fetch GET 200 https://registry.npmjs.org/@solana/rpc/-/rpc-5.5.1.tgz 4547ms (cache miss)
3341 http fetch GET 200 https://registry.npmjs.org/node-mock-http/-/node-mock-http-1.0.5.tgz 4534ms (cache miss)
3342 http fetch GET 200 https://registry.npmjs.org/blakejs/-/blakejs-1.2.1.tgz 4499ms (cache miss)
3343 http fetch GET 200 https://registry.npmjs.org/@walletconnect/relay-api/-/relay-api-1.0.11.tgz 4494ms (cache miss)
3344 http fetch GET 200 https://registry.npmjs.org/@walletconnect/jsonrpc-types/-/jsonrpc-types-1.0.4.tgz 4478ms (cache miss)
3345 http fetch GET 200 https://registry.npmjs.org/@walletconnect/jsonrpc-provider/-/jsonrpc-provider-1.0.14.tgz 4478ms (cache miss)
3346 http fetch GET 200 https://registry.npmjs.org/@privy-io/ethereum/-/ethereum-0.2.4.tgz 4397ms (cache miss)
3347 http fetch GET 200 https://registry.npmjs.org/@privy-io/are-addresses-equal/-/are-addresses-equal-0.0.13.tgz 4396ms (cache miss)
3348 http fetch GET 200 https://registry.npmjs.org/@privy-io/encoding/-/encoding-0.2.3.tgz 4397ms (cache miss)
3349 http fetch GET 200 https://registry.npmjs.org/slow-redact/-/slow-redact-0.3.2.tgz 4585ms (cache miss)
3350 http fetch GET 200 https://registry.npmjs.org/@privy-io/popup/-/popup-0.0.6.tgz 4470ms (cache miss)
3351 http fetch GET 200 https://registry.npmjs.org/emoji-regex/-/emoji-regex-8.0.0.tgz 4446ms (cache miss)
3352 http fetch GET 200 https://registry.npmjs.org/sonic-boom/-/sonic-boom-4.2.1.tgz 4621ms (cache miss)
3353 http fetch GET 200 https://registry.npmjs.org/@solana/addresses/-/addresses-5.5.1.tgz 4684ms (cache miss)
3354 http fetch GET 200 https://registry.npmjs.org/@internationalized/string/-/string-3.2.10.tgz 4659ms (cache miss)
3355 http fetch GET 200 https://registry.npmjs.org/@walletconnect/heartbeat/-/heartbeat-1.2.2.tgz 4636ms (cache miss)
3356 http fetch GET 200 https://registry.npmjs.org/h3/-/h3-1.15.11.tgz 4696ms (cache miss)
3357 http fetch GET 200 https://registry.npmjs.org/@walletconnect/window-getters/-/window-getters-1.0.1.tgz 4661ms (cache miss)
3358 http fetch GET 200 https://registry.npmjs.org/canonicalize/-/canonicalize-2.1.0.tgz 4634ms (cache miss)
3359 http fetch GET 200 https://registry.npmjs.org/pify/-/pify-5.0.0.tgz 4534ms (cache miss)
3360 http fetch GET 200 https://registry.npmjs.org/@metamask/safe-event-emitter/-/safe-event-emitter-2.0.0.tgz 4537ms (cache miss)
3361 http fetch GET 200 https://registry.npmjs.org/@scure/bip32/-/bip32-1.4.0.tgz 4533ms (cache miss)
3362 http fetch GET 200 https://registry.npmjs.org/@react-types/shared/-/shared-3.36.1.tgz 4669ms (cache miss)
3363 http fetch GET 200 https://registry.npmjs.org/@floating-ui/utils/-/utils-0.2.12.tgz 4657ms (cache miss)
3364 http fetch GET 200 https://registry.npmjs.org/@tanstack/react-virtual/-/react-virtual-3.14.13.tgz 4596ms (cache miss)
3365 http fetch GET 200 https://registry.npmjs.org/@walletconnect/jsonrpc-http-connection/-/jsonrpc-http-connection-1.0.8.tgz 4701ms (cache miss)
3366 http fetch GET 200 https://registry.npmjs.org/@floating-ui/dom/-/dom-1.8.0.tgz 4691ms (cache miss)
3367 http fetch GET 200 https://registry.npmjs.org/ofetch/-/ofetch-1.5.1.tgz 4651ms (cache miss)
3368 http fetch GET 200 https://registry.npmjs.org/string_decoder/-/string_decoder-1.1.1.tgz 4583ms (cache miss)
3369 http fetch GET 200 https://registry.npmjs.org/safe-buffer/-/safe-buffer-5.1.2.tgz 4583ms (cache miss)
3370 http fetch GET 200 https://registry.npmjs.org/@privy-io/api-base/-/api-base-1.11.0.tgz 4653ms (cache miss)
3371 http fetch GET 200 https://registry.npmjs.org/isarray/-/isarray-1.0.0.tgz 4618ms (cache miss)
3372 http fetch GET 200 https://registry.npmjs.org/debug/-/debug-4.3.4.tgz 4618ms (cache miss)
3373 http fetch GET 200 https://registry.npmjs.org/ms/-/ms-2.1.2.tgz 4618ms (cache miss)
3374 http fetch GET 200 https://registry.npmjs.org/@metamask/rpc-errors/-/rpc-errors-7.0.2.tgz 4875ms (cache miss)
3375 http fetch GET 200 https://registry.npmjs.org/@walletconnect/window-metadata/-/window-metadata-1.0.1.tgz 4799ms (cache miss)
3376 http fetch GET 200 https://registry.npmjs.org/@floating-ui/core/-/core-1.8.0.tgz 4768ms (cache miss)
3377 http fetch GET 200 https://registry.npmjs.org/@solana/accounts/-/accounts-5.5.1.tgz 4905ms (cache miss)
3378 http fetch GET 200 https://registry.npmjs.org/@solana/transaction-confirmation/-/transaction-confirmation-5.5.1.tgz 4903ms (cache miss)
3379 http fetch GET 200 https://registry.npmjs.org/@wallet-standard/wallet/-/wallet-1.1.0.tgz 4851ms (cache miss)
3380 http fetch GET 200 https://registry.npmjs.org/@walletconnect/safe-json/-/safe-json-1.0.2.tgz 4852ms (cache miss)
3381 http fetch GET 200 https://registry.npmjs.org/fetch-retry/-/fetch-retry-6.0.0.tgz 4833ms (cache miss)
3382 http fetch GET 200 https://registry.npmjs.org/isows/-/isows-1.0.6.tgz 4825ms (cache miss)
3383 http fetch GET 200 https://registry.npmjs.org/events/-/events-3.3.0.tgz 4983ms (cache miss)
3384 http fetch GET 200 https://registry.npmjs.org/debug/-/debug-4.3.4.tgz 4853ms (cache miss)
3385 http fetch GET 200 https://registry.npmjs.org/ms/-/ms-2.1.2.tgz 4854ms (cache miss)
3386 http fetch GET 200 https://registry.npmjs.org/use-sync-external-store/-/use-sync-external-store-1.2.0.tgz 4847ms (cache miss)
3387 http fetch GET 200 https://registry.npmjs.org/process-warning/-/process-warning-1.0.0.tgz 4841ms (cache miss)
3388 http fetch GET 200 https://registry.npmjs.org/@ethereumjs/tx/-/tx-4.2.0.tgz 5135ms (cache miss)
3389 http fetch GET 200 https://registry.npmjs.org/@lit-labs/ssr-dom-shim/-/ssr-dom-shim-1.6.0.tgz 5035ms (cache miss)
3390 http fetch GET 200 https://registry.npmjs.org/stylis/-/stylis-4.4.0.tgz 4978ms (cache miss)
3391 http fetch GET 200 https://registry.npmjs.org/real-require/-/real-require-0.1.0.tgz 4874ms (cache miss)
3392 http fetch GET 200 https://registry.npmjs.org/pino-abstract-transport/-/pino-abstract-transport-0.5.0.tgz 4872ms (cache miss)
3393 http fetch GET 200 https://registry.npmjs.org/pino-std-serializers/-/pino-std-serializers-4.0.0.tgz 4872ms (cache miss)
3394 http fetch GET 200 https://registry.npmjs.org/on-exit-leak-free/-/on-exit-leak-free-0.2.0.tgz 4871ms (cache miss)
3395 http fetch GET 200 https://registry.npmjs.org/@hcaptcha/loader/-/loader-2.4.2.tgz 5020ms (cache miss)
3396 http fetch GET 200 https://registry.npmjs.org/@privy-io/chains/-/chains-0.6.1.tgz 4947ms (cache miss)
3397 http fetch GET 200 https://registry.npmjs.org/@solana/codecs-strings/-/codecs-strings-5.5.1.tgz 5139ms (cache miss)
3398 http fetch GET 200 https://registry.npmjs.org/css-to-react-native/-/css-to-react-native-3.2.0.tgz 5109ms (cache miss)
3399 http fetch GET 200 https://registry.npmjs.org/@walletconnect/events/-/events-1.0.1.tgz 5074ms (cache miss)
3400 http fetch GET 200 https://registry.npmjs.org/@walletconnect/logger/-/logger-3.0.0.tgz 5084ms (cache miss)
3401 http fetch GET 200 https://registry.npmjs.org/@solana/rpc-transformers/-/rpc-transformers-5.5.1.tgz 5199ms (cache miss)
3402 http fetch GET 200 https://registry.npmjs.org/@wallet-standard/app/-/app-1.1.0.tgz 5033ms (cache miss)
3403 http fetch GET 200 https://registry.npmjs.org/@solana/sysvars/-/sysvars-5.5.1.tgz 5222ms (cache miss)
3404 http fetch GET 200 https://registry.npmjs.org/@solana/rpc-types/-/rpc-types-5.5.1.tgz 5221ms (cache miss)
3405 http fetch GET 200 https://registry.npmjs.org/@solana/rpc-subscriptions/-/rpc-subscriptions-5.5.1.tgz 5221ms (cache miss)
3406 http fetch GET 200 https://registry.npmjs.org/@internationalized/number/-/number-3.6.8.tgz 5186ms (cache miss)
3407 http fetch GET 200 https://registry.npmjs.org/tinycolor2/-/tinycolor2-1.6.0.tgz 5200ms (cache miss)
3408 http fetch GET 200 https://registry.npmjs.org/@marsidev/react-turnstile/-/react-turnstile-1.6.1.tgz 5144ms (cache miss)
3409 http fetch GET 200 https://registry.npmjs.org/cross-fetch/-/cross-fetch-4.1.0.tgz 5103ms (cache miss)
3410 http fetch GET 200 https://registry.npmjs.org/@reown/appkit-polyfills/-/appkit-polyfills-1.7.8.tgz 5076ms (cache miss)
3411 http fetch GET 200 https://registry.npmjs.org/@solana/transactions/-/transactions-5.5.1.tgz 5344ms (cache miss)
3412 http fetch GET 200 https://registry.npmjs.org/@scure/base/-/base-1.1.9.tgz 5153ms (cache miss)
3413 http fetch GET 200 https://registry.npmjs.org/proxy-compare/-/proxy-compare-2.6.0.tgz 5128ms (cache miss)
3414 http fetch GET 200 https://registry.npmjs.org/sonic-boom/-/sonic-boom-2.8.0.tgz 5127ms (cache miss)
3415 http fetch GET 200 https://registry.npmjs.org/@scure/bip32/-/bip32-1.6.2.tgz 5166ms (cache miss)
3416 http fetch GET 200 https://registry.npmjs.org/chalk/-/chalk-5.6.2.tgz 5181ms (cache miss)
3417 http fetch GET 200 https://registry.npmjs.org/p-locate/-/p-locate-4.1.0.tgz 5181ms (cache miss)
3418 http fetch GET 200 https://registry.npmjs.org/p-limit/-/p-limit-2.3.0.tgz 5181ms (cache miss)
3419 http fetch GET 200 https://registry.npmjs.org/use-sync-external-store/-/use-sync-external-store-1.4.0.tgz 5181ms (cache miss)
3420 http fetch GET 200 https://registry.npmjs.org/tslib/-/tslib-1.14.1.tgz 5242ms (cache miss)
3421 http fetch GET 200 https://registry.npmjs.org/find-up/-/find-up-4.1.0.tgz 5246ms (cache miss)
3422 http fetch GET 200 https://registry.npmjs.org/locate-path/-/locate-path-5.0.0.tgz 5246ms (cache miss)
3423 http fetch GET 200 https://registry.npmjs.org/@solana/codecs-numbers/-/codecs-numbers-5.5.1.tgz 5530ms (cache miss)
3424 http fetch GET 200 https://registry.npmjs.org/readable-stream/-/readable-stream-3.6.2.tgz 5344ms (cache miss)
3425 http fetch GET 200 https://registry.npmjs.org/@scure/base/-/base-1.1.9.tgz 5336ms (cache miss)
3426 http fetch GET 200 https://registry.npmjs.org/readdirp/-/readdirp-5.1.1.tgz 5274ms (cache miss)
3427 http fetch GET 200 https://registry.npmjs.org/real-require/-/real-require-0.1.0.tgz 5270ms (cache miss)
3428 http fetch GET 200 https://registry.npmjs.org/ethereum-cryptography/-/ethereum-cryptography-2.2.1.tgz 5649ms (cache miss)
3429 http fetch GET 200 https://registry.npmjs.org/@metamask/json-rpc-engine/-/json-rpc-engine-8.0.2.tgz 5613ms (cache miss)
3430 http fetch GET 200 https://registry.npmjs.org/readable-stream/-/readable-stream-4.7.0.tgz 5546ms (cache miss)
3431 http fetch GET 200 https://registry.npmjs.org/@walletconnect/environment/-/environment-1.0.1.tgz 5519ms (cache miss)
3432 http fetch GET 200 https://registry.npmjs.org/chokidar/-/chokidar-5.0.0.tgz 5328ms (cache miss)
3433 http fetch GET 200 https://registry.npmjs.org/sonic-boom/-/sonic-boom-2.8.0.tgz 5326ms (cache miss)
3434 http fetch GET 200 https://registry.npmjs.org/sonic-boom/-/sonic-boom-2.8.0.tgz 5320ms (cache miss)
3435 http fetch GET 200 https://registry.npmjs.org/pino-std-serializers/-/pino-std-serializers-4.0.0.tgz 5326ms (cache miss)
3436 http fetch GET 200 https://registry.npmjs.org/process-warning/-/process-warning-1.0.0.tgz 5327ms (cache miss)
3437 http fetch GET 200 https://registry.npmjs.org/pino-abstract-transport/-/pino-abstract-transport-0.5.0.tgz 5326ms (cache miss)
3438 http fetch GET 200 https://registry.npmjs.org/on-exit-leak-free/-/on-exit-leak-free-0.2.0.tgz 5326ms (cache miss)
3439 http fetch GET 200 https://registry.npmjs.org/on-exit-leak-free/-/on-exit-leak-free-0.2.0.tgz 5320ms (cache miss)
3440 http fetch GET 200 https://registry.npmjs.org/bufferutil/-/bufferutil-4.1.0.tgz 5771ms (cache miss)
3441 http fetch GET 200 https://registry.npmjs.org/valtio/-/valtio-2.1.7.tgz 5659ms (cache miss)
3442 http fetch GET 200 https://registry.npmjs.org/tslib/-/tslib-1.14.1.tgz 5498ms (cache miss)
3443 http fetch GET 200 https://registry.npmjs.org/tslib/-/tslib-1.14.1.tgz 5491ms (cache miss)
3444 http fetch GET 200 https://registry.npmjs.org/tslib/-/tslib-1.14.1.tgz 5496ms (cache miss)
3445 http fetch GET 200 https://registry.npmjs.org/tslib/-/tslib-1.14.1.tgz 5497ms (cache miss)
3446 http fetch GET 200 https://registry.npmjs.org/tslib/-/tslib-1.14.1.tgz 5491ms (cache miss)
3447 http fetch GET 200 https://registry.npmjs.org/real-require/-/real-require-0.1.0.tgz 5485ms (cache miss)
3448 http fetch GET 200 https://registry.npmjs.org/uuid/-/uuid-8.3.2.tgz 5799ms (cache miss)
3449 warn deprecated uuid@8.3.2: uuid@10 and below is no longer supported.  For ESM codebases, update to uuid@latest.  For CommonJS codebases, use uuid@11 (but be aware this version will likely be deprecated in 2028).
3450 http fetch GET 200 https://registry.npmjs.org/@lit/react/-/react-1.0.8.tgz 5693ms (cache miss)
3451 http fetch GET 200 https://registry.npmjs.org/readable-stream/-/readable-stream-3.6.2.tgz 5580ms (cache miss)
3452 http fetch GET 200 https://registry.npmjs.org/readable-stream/-/readable-stream-3.6.2.tgz 5575ms (cache miss)
3453 http fetch GET 200 https://registry.npmjs.org/process-warning/-/process-warning-1.0.0.tgz 5504ms (cache miss)
3454 http fetch GET 200 https://registry.npmjs.org/pino-abstract-transport/-/pino-abstract-transport-0.5.0.tgz 5504ms (cache miss)
3455 http fetch GET 200 https://registry.npmjs.org/pino-std-serializers/-/pino-std-serializers-4.0.0.tgz 5502ms (cache miss)
3456 http fetch GET 200 https://registry.npmjs.org/@safe-global/safe-gateway-typescript-sdk/-/safe-gateway-typescript-sdk-3.23.1.tgz 5860ms (cache miss)
3457 warn deprecated @safe-global/safe-gateway-typescript-sdk@3.23.1: Package no longer supported. Contact Support at https://www.npmjs.com/support for more info.
3458 http fetch GET 200 https://registry.npmjs.org/@metamask/json-rpc-engine/-/json-rpc-engine-7.3.3.tgz 5602ms (cache miss)
3459 http fetch GET 200 https://registry.npmjs.org/readable-stream/-/readable-stream-3.6.2.tgz 5597ms (cache miss)
3460 http fetch GET 200 https://registry.npmjs.org/readable-stream/-/readable-stream-2.3.8.tgz 5590ms (cache miss)
3461 http fetch GET 200 https://registry.npmjs.org/ws/-/ws-8.18.0.tgz 5597ms (cache miss)
3462 http fetch GET 200 https://registry.npmjs.org/real-require/-/real-require-0.1.0.tgz 5533ms (cache miss)
3463 http fetch GET 200 https://registry.npmjs.org/readable-stream/-/readable-stream-3.6.2.tgz 5619ms (cache miss)
3464 http fetch GET 200 https://registry.npmjs.org/thread-stream/-/thread-stream-0.15.2.tgz 5550ms (cache miss)
3465 http fetch GET 200 https://registry.npmjs.org/process-warning/-/process-warning-1.0.0.tgz 5549ms (cache miss)
3466 http fetch GET 200 https://registry.npmjs.org/on-exit-leak-free/-/on-exit-leak-free-0.2.0.tgz 5549ms (cache miss)
3467 http fetch GET 200 https://registry.npmjs.org/pino-std-serializers/-/pino-std-serializers-4.0.0.tgz 5549ms (cache miss)
3468 http fetch GET 200 https://registry.npmjs.org/readable-stream/-/readable-stream-3.6.2.tgz 5632ms (cache miss)
3469 http fetch GET 200 https://registry.npmjs.org/pino-abstract-transport/-/pino-abstract-transport-0.5.0.tgz 5562ms (cache miss)
3470 http fetch GET 200 https://registry.npmjs.org/@solana-program/compute-budget/-/compute-budget-0.11.0.tgz 5843ms (cache miss)
3471 http fetch GET 200 https://registry.npmjs.org/tslib/-/tslib-1.14.1.tgz 5555ms (cache miss)
3472 http fetch GET 200 https://registry.npmjs.org/@walletconnect/logger/-/logger-2.1.2.tgz 5661ms (cache miss)
3473 http fetch GET 200 https://registry.npmjs.org/tabbable/-/tabbable-6.5.0.tgz 5809ms (cache miss)
3474 http fetch GET 200 https://registry.npmjs.org/thread-stream/-/thread-stream-0.15.2.tgz 5582ms (cache miss)
3475 http fetch GET 200 https://registry.npmjs.org/real-require/-/real-require-0.1.0.tgz 5581ms (cache miss)
3476 http fetch GET 200 https://registry.npmjs.org/process-warning/-/process-warning-1.0.0.tgz 5580ms (cache miss)
3477 http fetch GET 200 https://registry.npmjs.org/pino-abstract-transport/-/pino-abstract-transport-0.5.0.tgz 5572ms (cache miss)
3478 http fetch GET 200 https://registry.npmjs.org/pino-std-serializers/-/pino-std-serializers-4.0.0.tgz 5579ms (cache miss)
3479 http fetch GET 200 https://registry.npmjs.org/@gemini-wallet/core/-/core-0.3.2.tgz 5940ms (cache miss)
3480 http fetch GET 200 https://registry.npmjs.org/@hcaptcha/react-hcaptcha/-/react-hcaptcha-1.17.4.tgz 5758ms (cache miss)
3481 http fetch GET 200 https://registry.npmjs.org/on-exit-leak-free/-/on-exit-leak-free-0.2.0.tgz 5592ms (cache miss)
3482 http fetch GET 200 https://registry.npmjs.org/clsx/-/clsx-2.1.1.tgz 5598ms (cache miss)
3483 http fetch GET 200 https://registry.npmjs.org/sonic-boom/-/sonic-boom-3.8.1.tgz 5597ms (cache miss)
3484 http fetch GET 200 https://registry.npmjs.org/@walletconnect/keyvaluestorage/-/keyvaluestorage-1.1.1.tgz 5880ms (cache miss)
3485 http fetch GET 200 https://registry.npmjs.org/crossws/-/crossws-0.3.5.tgz 5941ms (cache miss)
3486 http fetch GET 200 https://registry.npmjs.org/thread-stream/-/thread-stream-3.2.0.tgz 5937ms (cache miss)
3487 http fetch GET 200 https://registry.npmjs.org/@tanstack/virtual-core/-/virtual-core-3.17.11.tgz 5897ms (cache miss)
3488 http fetch GET 200 https://registry.npmjs.org/commander/-/commander-14.0.2.tgz 5729ms (cache miss)
3489 http fetch GET 200 https://registry.npmjs.org/sonic-boom/-/sonic-boom-2.8.0.tgz 5706ms (cache miss)
3490 http fetch GET 200 https://registry.npmjs.org/mipd/-/mipd-0.0.7.tgz 5862ms (cache miss)
3491 http fetch GET 200 https://registry.npmjs.org/ws/-/ws-7.5.13.tgz 5737ms (cache miss)
3492 http fetch GET 200 https://registry.npmjs.org/decode-uri-component 5816ms (cache miss)
3493 silly packumentCache corgi:https://registry.npmjs.org/decode-uri-component set size:undefined disposed:false
3494 http fetch GET 200 https://registry.npmjs.org/qrcode/-/qrcode-1.5.4.tgz 5878ms (cache miss)
3495 http fetch GET 200 https://registry.npmjs.org/sonic-boom/-/sonic-boom-2.8.0.tgz 5712ms (cache miss)
3496 http fetch GET 200 https://registry.npmjs.org/yargs/-/yargs-15.4.1.tgz 6014ms (cache miss)
3497 http fetch GET 200 https://registry.npmjs.org/zustand/-/zustand-5.0.15.tgz 5942ms (cache miss)
3498 http fetch GET 200 https://registry.npmjs.org/uuid 5878ms (cache miss)
3499 silly packumentCache corgi:https://registry.npmjs.org/uuid set size:undefined disposed:false
3500 http fetch GET 200 https://registry.npmjs.org/@ethereumjs/util/-/util-8.1.0.tgz 6134ms (cache miss)
3501 http fetch GET 200 https://registry.npmjs.org/ws/-/ws-8.18.3.tgz 5807ms (cache miss)
3502 http fetch GET 200 https://registry.npmjs.org/@walletconnect/logger/-/logger-2.1.2.tgz 5822ms (cache miss)
3503 http fetch GET 200 https://registry.npmjs.org/uint8arrays/-/uint8arrays-3.1.1.tgz 6041ms (cache miss)
3504 http fetch GET 200 https://registry.npmjs.org/pino-abstract-transport/-/pino-abstract-transport-1.2.0.tgz 5753ms (cache miss)
3505 http fetch GET 200 https://registry.npmjs.org/@walletconnect/relay-auth/-/relay-auth-1.1.0.tgz 6058ms (cache miss)
3506 http fetch GET 200 https://registry.npmjs.org/@walletconnect/logger/-/logger-2.1.2.tgz 5843ms (cache miss)
3507 http fetch GET 200 https://registry.npmjs.org/node-fetch-native/-/node-fetch-native-1.6.7.tgz 6080ms (cache miss)
3508 http fetch GET 200 https://registry.npmjs.org/@metamask/rpc-errors/-/rpc-errors-6.4.0.tgz 5942ms (cache miss)
3509 http fetch GET 200 https://registry.npmjs.org/ws/-/ws-8.18.3.tgz 5856ms (cache miss)
3510 http fetch GET 200 https://registry.npmjs.org/thread-stream/-/thread-stream-0.15.2.tgz 5927ms (cache miss)
3511 http fetch GET 200 https://registry.npmjs.org/@solana/signers/-/signers-5.5.1.tgz 6155ms (cache miss)
3512 http fetch GET 200 https://registry.npmjs.org/fast-copy/-/fast-copy-3.1.0.tgz 6127ms (cache miss)
3513 http fetch GET 200 https://registry.npmjs.org/ws 5991ms (cache miss)
3514 silly packumentCache corgi:https://registry.npmjs.org/ws set size:undefined disposed:false
3515 http fetch GET 200 https://registry.npmjs.org/@metamask/rpc-errors/-/rpc-errors-6.4.0.tgz 5990ms (cache miss)
3516 http fetch GET 200 https://registry.npmjs.org/@walletconnect/logger/-/logger-2.1.2.tgz 5880ms (cache miss)
3517 http fetch GET 200 https://registry.npmjs.org/ws/-/ws-8.18.3.tgz 5867ms (cache miss)
3518 http fetch GET 200 https://registry.npmjs.org/stylis/-/stylis-4.3.6.tgz 5841ms (cache miss)
3519 http fetch GET 200 https://registry.npmjs.org/qrcode/-/qrcode-1.5.3.tgz 5969ms (cache miss)
3520 http fetch GET 200 https://registry.npmjs.org/@walletconnect/logger/-/logger-2.1.2.tgz 5864ms (cache miss)
3521 http fetch GET 200 https://registry.npmjs.org/@metamask/rpc-errors/-/rpc-errors-6.4.0.tgz 6016ms (cache miss)
3522 http fetch GET 200 https://registry.npmjs.org/@floating-ui/react/-/react-0.26.28.tgz 6087ms (cache miss)
3523 http fetch GET 200 https://registry.npmjs.org/@privy-io/js-sdk-core/-/js-sdk-core-0.76.2.tgz 6106ms (cache miss)
3524 http fetch GET 200 https://registry.npmjs.org/@solana/codecs-core/-/codecs-core-5.5.1.tgz 6285ms (cache miss)
3525 http fetch GET 200 https://registry.npmjs.org/zustand/-/zustand-5.0.0.tgz 6078ms (cache miss)
3526 http fetch GET 200 https://registry.npmjs.org/@solana/instruction-plans/-/instruction-plans-5.5.1.tgz 6293ms (cache miss)
3527 http fetch GET 200 https://registry.npmjs.org/@walletconnect/types/-/types-2.22.4.tgz 6251ms (cache miss)
3528 http fetch GET 200 https://registry.npmjs.org/@walletconnect/jsonrpc-utils/-/jsonrpc-utils-1.0.8.tgz 6262ms (cache miss)
3529 http fetch GET 200 https://registry.npmjs.org/undici-types/-/undici-types-7.29.1.tgz 6094ms (cache miss)
3530 http fetch GET 200 https://registry.npmjs.org/thread-stream/-/thread-stream-0.15.2.tgz 6083ms (cache miss)
3531 http fetch GET 200 https://registry.npmjs.org/@solana/offchain-messages/-/offchain-messages-5.5.1.tgz 6350ms (cache miss)
3532 http fetch GET 200 https://registry.npmjs.org/reselect/-/reselect-5.3.0.tgz 6259ms (cache miss)
3533 http fetch GET 200 https://registry.npmjs.org/thread-stream/-/thread-stream-0.15.2.tgz 6099ms (cache miss)
3534 http fetch GET 200 https://registry.npmjs.org/@metamask/utils/-/utils-5.0.2.tgz 6188ms (cache miss)
3535 http fetch GET 200 https://registry.npmjs.org/@metamask/utils/-/utils-5.0.2.tgz 6187ms (cache miss)
3536 http fetch GET 200 https://registry.npmjs.org/@metamask/superstruct/-/superstruct-3.4.1.tgz 6499ms (cache miss)
3537 http fetch GET 200 https://registry.npmjs.org/@solana-program/system/-/system-0.10.0.tgz 6559ms (cache miss)
3538 http fetch GET 200 https://registry.npmjs.org/zustand/-/zustand-5.0.3.tgz 6240ms (cache miss)
3539 http fetch GET 200 https://registry.npmjs.org/secure-password-utilities/-/secure-password-utilities-0.2.1.tgz 6402ms (cache miss)
3540 http fetch GET 200 https://registry.npmjs.org/@scure/bip39/-/bip39-1.3.0.tgz 6338ms (cache miss)
3541 http fetch GET 200 https://registry.npmjs.org/uint8arrays/-/uint8arrays-3.1.0.tgz 6322ms (cache miss)
3542 http fetch GET 200 https://registry.npmjs.org/qrcode/-/qrcode-1.5.3.tgz 6273ms (cache miss)
3543 http fetch GET 200 https://registry.npmjs.org/node-addon-api/-/node-addon-api-2.0.2.tgz 6739ms (cache miss)
3544 http fetch GET 200 https://registry.npmjs.org/keccak/-/keccak-3.0.4.tgz 6765ms (cache miss)
3545 http fetch GET 200 https://registry.npmjs.org/@solana/codecs-data-structures/-/codecs-data-structures-5.5.1.tgz 6688ms (cache miss)
3546 http fetch GET 200 https://registry.npmjs.org/pino-pretty/-/pino-pretty-10.3.1.tgz 6552ms (cache miss)
3547 http fetch GET 200 https://registry.npmjs.org/uuid/-/uuid-9.0.1.tgz 6501ms (cache miss)
3548 http fetch GET 200 https://registry.npmjs.org/uuid/-/uuid-9.0.1.tgz 6492ms (cache miss)
3549 http fetch GET 200 https://registry.npmjs.org/uuid/-/uuid-9.0.1.tgz 6512ms (cache miss)
3550 http fetch GET 200 https://registry.npmjs.org/@wagmi/connectors/-/connectors-6.2.0.tgz 6756ms (cache miss)
3551 http fetch GET 200 https://registry.npmjs.org/@solana/transaction-messages/-/transaction-messages-5.5.1.tgz 6763ms (cache miss)
3552 http fetch GET 200 https://registry.npmjs.org/@reown/appkit-wallet/-/appkit-wallet-1.8.9.tgz 6723ms (cache miss)
3553 silly packumentCache corgi:https://registry.npmjs.org/viem cache-miss
3554 warn deprecated uuid@9.0.1: uuid@10 and below is no longer supported.  For ESM codebases, update to uuid@latest.  For CommonJS codebases, use uuid@11 (but be aware this version will likely be deprecated in 2028).
3555 warn deprecated uuid@9.0.1: uuid@10 and below is no longer supported.  For ESM codebases, update to uuid@latest.  For CommonJS codebases, use uuid@11 (but be aware this version will likely be deprecated in 2028).
3556 http fetch GET 200 https://registry.npmjs.org/uuid/-/uuid-9.0.1.tgz 6706ms (cache miss)
3557 http fetch GET 200 https://registry.npmjs.org/semver/-/semver-7.7.2.tgz 6568ms (cache miss)
3558 warn deprecated uuid@9.0.1: uuid@10 and below is no longer supported.  For ESM codebases, update to uuid@latest.  For CommonJS codebases, use uuid@11 (but be aware this version will likely be deprecated in 2028).
3559 http fetch GET 200 https://registry.npmjs.org/@scure/bip39/-/bip39-1.5.4.tgz 6722ms (cache miss)
3560 http fetch GET 200 https://registry.npmjs.org/@walletconnect/types/-/types-2.21.0.tgz 6701ms (cache miss)
3561 http fetch GET 200 https://registry.npmjs.org/uuid/-/uuid-9.0.1.tgz 6745ms (cache miss)
3562 warn deprecated uuid@9.0.1: uuid@10 and below is no longer supported.  For ESM codebases, update to uuid@latest.  For CommonJS codebases, use uuid@11 (but be aware this version will likely be deprecated in 2028).
3563 http fetch GET 200 https://registry.npmjs.org/zustand/-/zustand-5.0.3.tgz 6609ms (cache miss)
3564 http fetch GET 200 https://registry.npmjs.org/lit-element/-/lit-element-4.2.2.tgz 6922ms (cache miss)
3565 warn deprecated uuid@9.0.1: uuid@10 and below is no longer supported.  For ESM codebases, update to uuid@latest.  For CommonJS codebases, use uuid@11 (but be aware this version will likely be deprecated in 2028).
3566 http fetch GET 200 https://registry.npmjs.org/zod/-/zod-3.22.4.tgz 6762ms (cache miss)
3567 http fetch GET 200 https://registry.npmjs.org/@walletconnect/types/-/types-2.21.0.tgz 6761ms (cache miss)
3568 http fetch GET 200 https://registry.npmjs.org/@walletconnect/types/-/types-2.21.1.tgz 6801ms (cache miss)
3569 http fetch GET 200 https://registry.npmjs.org/@walletconnect/types/-/types-2.21.0.tgz 6804ms (cache miss)
3570 http fetch GET 200 https://registry.npmjs.org/@solana/rpc-api/-/rpc-api-5.5.1.tgz 7066ms (cache miss)
3571 http fetch GET 200 https://registry.npmjs.org/@walletconnect/time/-/time-1.0.2.tgz 7036ms (cache miss)
3572 http fetch GET 200 https://registry.npmjs.org/pngjs/-/pngjs-5.0.0.tgz 7074ms (cache miss)
3573 http fetch GET 200 https://registry.npmjs.org/@solana/errors/-/errors-5.5.1.tgz 7136ms (cache miss)
3574 http fetch GET 200 https://registry.npmjs.org/zod/-/zod-3.22.4.tgz 6893ms (cache miss)
3575 http fetch GET 200 https://registry.npmjs.org/@walletconnect/types/-/types-2.21.9.tgz 6894ms (cache miss)
3576 http fetch GET 200 https://registry.npmjs.org/@reown/appkit-wallet/-/appkit-wallet-1.7.8.tgz 6968ms (cache miss)
3577 http fetch GET 200 https://registry.npmjs.org/@ethereumjs/common/-/common-3.2.0.tgz 7272ms (cache miss)
3578 http fetch GET 200 https://registry.npmjs.org/@walletconnect/types/-/types-2.21.9.tgz 6905ms (cache miss)
3579 http fetch GET 200 https://registry.npmjs.org/socket.io-client/-/socket.io-client-4.8.3.tgz 7290ms (cache miss)
3580 http fetch GET 200 https://registry.npmjs.org/@simplewebauthn/browser/-/browser-13.3.0.tgz 7099ms (cache miss)
3581 http fetch GET 200 https://registry.npmjs.org/@walletconnect/types/-/types-2.21.9.tgz 6918ms (cache miss)
3582 http fetch GET 200 https://registry.npmjs.org/@metamask/providers/-/providers-16.1.0.tgz 7364ms (cache miss)
3583 http fetch GET 200 https://registry.npmjs.org/@msgpack/msgpack/-/msgpack-3.1.2.tgz 7394ms (cache miss)
3584 http fetch GET 200 https://registry.npmjs.org/engine.io-client/-/engine.io-client-6.6.6.tgz 7882ms (cache miss)
3585 http fetch GET 200 https://registry.npmjs.org/@solana/kit/-/kit-5.5.1.tgz 7865ms (cache miss)
3586 http fetch GET 200 https://registry.npmjs.org/@reown/appkit-common/-/appkit-common-1.8.9.tgz 7855ms (cache miss)
3587 http fetch GET 200 https://registry.npmjs.org/@reown/appkit-common/-/appkit-common-1.7.8.tgz 7998ms (cache miss)
3588 http fetch GET 200 https://registry.npmjs.org/unstorage/-/unstorage-1.17.5.tgz 8252ms (cache miss)
3589 http fetch GET 200 https://registry.npmjs.org/@reown/appkit-utils/-/appkit-utils-1.7.8.tgz 8086ms (cache miss)
3590 http fetch GET 200 https://registry.npmjs.org/@solana-program/token/-/token-0.9.0.tgz 8329ms (cache miss)
3591 http fetch GET 200 https://registry.npmjs.org/@metamask/sdk-install-modal-web/-/sdk-install-modal-web-0.32.1.tgz 8457ms (cache miss)
3592 warn deprecated @metamask/sdk-install-modal-web@0.32.1: No longer maintained, superseded by https://docs.metamask.io/metamask-connect
3593 http fetch GET 200 https://registry.npmjs.org/jose/-/jose-6.2.12.tgz 8295ms (cache miss)
3594 http fetch GET 200 https://registry.npmjs.org/valtio/-/valtio-1.13.2.tgz 8275ms (cache miss)
3595 http fetch GET 200 https://registry.npmjs.org/@noble/ciphers/-/ciphers-1.2.1.tgz 8297ms (cache miss)
3596 http fetch GET 200 https://registry.npmjs.org/axios/-/axios-1.20.0.tgz 8684ms (cache miss)
3597 http fetch GET 200 https://registry.npmjs.org/@walletconnect/utils/-/utils-2.21.0.tgz 8355ms (cache miss)
3598 http fetch GET 200 https://registry.npmjs.org/@walletconnect/utils/-/utils-2.21.0.tgz 8385ms (cache miss)
3599 http fetch GET 200 https://registry.npmjs.org/@noble/hashes/-/hashes-1.4.0.tgz 8463ms (cache miss)
3600 http fetch GET 200 https://registry.npmjs.org/@walletconnect/utils/-/utils-2.21.0.tgz 8408ms (cache miss)
3601 http fetch GET 200 https://registry.npmjs.org/@base-ui/utils/-/utils-0.4.0.tgz 8586ms (cache miss)
3602 http fetch GET 200 https://registry.npmjs.org/@noble/hashes/-/hashes-1.3.3.tgz 8429ms (cache miss)
3603 http fetch GET 200 https://registry.npmjs.org/@metamask/utils/-/utils-9.3.0.tgz 8527ms (cache miss)
3604 http fetch GET 200 https://registry.npmjs.org/@metamask/utils/-/utils-8.5.0.tgz 8569ms (cache miss)
3605 http fetch GET 200 https://registry.npmjs.org/@lit/reactive-element/-/reactive-element-2.1.2.tgz 8714ms (cache miss)
3606 http fetch GET 200 https://registry.npmjs.org/@walletconnect/sign-client/-/sign-client-2.21.0.tgz 8535ms (cache miss)
3607 http fetch GET 200 https://registry.npmjs.org/@coinbase/wallet-sdk/-/wallet-sdk-3.9.3.tgz 8816ms (cache miss)
3608 http fetch GET 200 https://registry.npmjs.org/@walletconnect/utils/-/utils-2.21.1.tgz 8443ms (cache miss)
3609 warn deprecated @walletconnect/sign-client@2.21.0: Reliability and performance improvements. See: https://github.com/WalletConnect/walletconnect-monorepo/releases
3610 http fetch GET 200 https://registry.npmjs.org/@metamask/utils/-/utils-8.5.0.tgz 8634ms (cache miss)
3611 http fetch GET 200 https://registry.npmjs.org/@metamask/utils/-/utils-8.5.0.tgz 8634ms (cache miss)
3612 http fetch GET 200 https://registry.npmjs.org/@walletconnect/sign-client/-/sign-client-2.21.1.tgz 8599ms (cache miss)
3613 http fetch GET 200 https://registry.npmjs.org/@babel/runtime/-/runtime-7.29.7.tgz 8747ms (cache miss)
3614 http fetch GET 200 https://registry.npmjs.org/@reown/appkit-utils/-/appkit-utils-1.8.9.tgz 8789ms (cache miss)
3615 http fetch GET 200 https://registry.npmjs.org/@noble/hashes/-/hashes-1.4.0.tgz 8610ms (cache miss)
3616 warn deprecated @walletconnect/sign-client@2.21.1: Reliability and performance improvements. See: https://github.com/WalletConnect/walletconnect-monorepo/releases
3617 http fetch GET 200 https://registry.npmjs.org/pino/-/pino-7.11.0.tgz 8640ms (cache miss)
3618 http fetch GET 200 https://registry.npmjs.org/@metamask/utils/-/utils-9.3.0.tgz 8697ms (cache miss)
3619 http fetch GET 200 https://registry.npmjs.org/@walletconnect/sign-client/-/sign-client-2.21.0.tgz 8681ms (cache miss)
3620 warn deprecated @walletconnect/sign-client@2.21.0: Reliability and performance improvements. See: https://github.com/WalletConnect/walletconnect-monorepo/releases
3621 http fetch GET 200 https://registry.npmjs.org/@metamask/utils/-/utils-9.3.0.tgz 8746ms (cache miss)
3622 http fetch GET 200 https://registry.npmjs.org/@walletconnect/sign-client/-/sign-client-2.21.0.tgz 8704ms (cache miss)
3623 warn deprecated @walletconnect/sign-client@2.21.0: Reliability and performance improvements. See: https://github.com/WalletConnect/walletconnect-monorepo/releases
3624 http fetch GET 200 https://registry.npmjs.org/@metamask/utils/-/utils-8.5.0.tgz 8759ms (cache miss)
3625 http fetch GET 200 https://registry.npmjs.org/@metamask/utils/-/utils-11.12.1.tgz 9032ms (cache miss)
3626 http fetch GET 200 https://registry.npmjs.org/pino/-/pino-7.11.0.tgz 8747ms (cache miss)
3627 http fetch GET 200 https://registry.npmjs.org/@safe-global/safe-apps-sdk/-/safe-apps-sdk-9.1.0.tgz 9046ms (cache miss)
3628 http fetch GET 200 https://registry.npmjs.org/@walletconnect/core/-/core-2.21.0.tgz 8795ms (cache miss)
3629 http fetch GET 200 https://registry.npmjs.org/preact/-/preact-10.24.2.tgz 8953ms (cache miss)
3630 http fetch GET 200 https://registry.npmjs.org/@noble/hashes/-/hashes-1.4.0.tgz 8701ms (cache miss)
3631 http fetch GET 200 https://registry.npmjs.org/pino/-/pino-7.11.0.tgz 8787ms (cache miss)
3632 http fetch GET 200 https://registry.npmjs.org/@walletconnect/core/-/core-2.21.0.tgz 8832ms (cache miss)
3633 http fetch GET 200 https://registry.npmjs.org/@walletconnect/universal-provider/-/universal-provider-2.21.0.tgz 8847ms (cache miss)
3634 warn deprecated @walletconnect/universal-provider@2.21.0: Reliability and performance improvements. See: https://github.com/WalletConnect/walletconnect-monorepo/releases
3635 http fetch GET 200 https://registry.npmjs.org/pino/-/pino-7.11.0.tgz 8796ms (cache miss)
3636 http fetch GET 200 https://registry.npmjs.org/pino/-/pino-7.11.0.tgz 8755ms (cache miss)
3637 http fetch GET 200 https://registry.npmjs.org/@internationalized/date/-/date-3.12.4.tgz 9069ms (cache miss)
3638 http fetch GET 200 https://registry.npmjs.org/@walletconnect/universal-provider/-/universal-provider-2.21.0.tgz 8867ms (cache miss)
3639 warn deprecated @walletconnect/universal-provider@2.21.0: Reliability and performance improvements. See: https://github.com/WalletConnect/walletconnect-monorepo/releases
3640 http fetch GET 200 https://registry.npmjs.org/@walletconnect/universal-provider/-/universal-provider-2.21.0.tgz 8874ms (cache miss)
3641 warn deprecated @walletconnect/universal-provider@2.21.0: Reliability and performance improvements. See: https://github.com/WalletConnect/walletconnect-monorepo/releases
3642 http fetch GET 200 https://registry.npmjs.org/@walletconnect/universal-provider/-/universal-provider-2.21.1.tgz 8881ms (cache miss)
3643 http fetch GET 200 https://registry.npmjs.org/@walletconnect/core/-/core-2.21.1.tgz 8913ms (cache miss)
3644 http fetch GET 200 https://registry.npmjs.org/@walletconnect/core/-/core-2.21.0.tgz 8893ms (cache miss)
3645 warn deprecated @walletconnect/universal-provider@2.21.1: Reliability and performance improvements. See: https://github.com/WalletConnect/walletconnect-monorepo/releases
3646 http fetch GET 200 https://registry.npmjs.org/@walletconnect/utils/-/utils-2.22.4.tgz 9087ms (cache miss)
3647 http fetch GET 200 https://registry.npmjs.org/@reown/appkit-pay/-/appkit-pay-1.8.9.tgz 9163ms (cache miss)
3648 http fetch GET 200 https://registry.npmjs.org/pino/-/pino-10.0.0.tgz 9209ms (cache miss)
3649 http fetch GET 200 https://registry.npmjs.org/@walletconnect/sign-client/-/sign-client-2.21.9.tgz 9014ms (cache miss)
3650 http fetch GET 200 https://registry.npmjs.org/@walletconnect/sign-client/-/sign-client-2.22.4.tgz 9216ms (cache miss)
3651 http fetch GET 200 https://registry.npmjs.org/lit/-/lit-3.3.0.tgz 9226ms (cache miss)
3652 http fetch GET 200 https://registry.npmjs.org/@walletconnect/universal-provider/-/universal-provider-2.21.9.tgz 9028ms (cache miss)
3653 http fetch GET 200 https://registry.npmjs.org/@walletconnect/sign-client/-/sign-client-2.21.9.tgz 8972ms (cache miss)
3654 http fetch GET 200 https://registry.npmjs.org/@walletconnect/sign-client/-/sign-client-2.21.9.tgz 9021ms (cache miss)
3655 http fetch GET 200 https://registry.npmjs.org/@walletconnect/universal-provider/-/universal-provider-2.21.9.tgz 8988ms (cache miss)
3656 http fetch GET 200 https://registry.npmjs.org/@walletconnect/universal-provider/-/universal-provider-2.21.9.tgz 9025ms (cache miss)
3657 http fetch GET 200 https://registry.npmjs.org/@walletconnect/core/-/core-2.22.4.tgz 9279ms (cache miss)
3658 http fetch GET 200 https://registry.npmjs.org/@walletconnect/core/-/core-2.21.9.tgz 9093ms (cache miss)
3659 http fetch GET 200 https://registry.npmjs.org/@walletconnect/utils/-/utils-2.21.9.tgz 9098ms (cache miss)
3660 http fetch GET 200 https://registry.npmjs.org/@walletconnect/universal-provider/-/universal-provider-2.22.4.tgz 9230ms (cache miss)
3661 http fetch GET 200 https://registry.npmjs.org/@walletconnect/core/-/core-2.21.9.tgz 9114ms (cache miss)
3662 http fetch GET 200 https://registry.npmjs.org/viem 2512ms (cache miss)
3663 silly packumentCache corgi:https://registry.npmjs.org/viem set size:undefined disposed:false
3664 http fetch GET 200 https://registry.npmjs.org/@walletconnect/utils/-/utils-2.21.9.tgz 9392ms (cache miss)
3665 http fetch GET 200 https://registry.npmjs.org/@reown/appkit-pay/-/appkit-pay-1.7.8.tgz 9525ms (cache miss)
3666 http fetch GET 200 https://registry.npmjs.org/multiformats/-/multiformats-9.9.0.tgz 9788ms (cache miss)
3667 http fetch GET 200 https://registry.npmjs.org/@walletconnect/core/-/core-2.21.9.tgz 9481ms (cache miss)
3668 http fetch GET 200 https://registry.npmjs.org/@walletconnect/utils/-/utils-2.21.9.tgz 9479ms (cache miss)
3669 http fetch GET 200 https://registry.npmjs.org/@noble/curves/-/curves-1.4.2.tgz 9657ms (cache miss)
3670 silly packumentCache corgi:https://registry.npmjs.org/@metamask%2fsdk cache-miss
3671 silly packumentCache corgi:https://registry.npmjs.org/@metamask%2fsdk-communication-layer cache-miss
3672 silly packumentCache corgi:https://registry.npmjs.org/@metamask%2futils cache-miss
3673 http fetch GET 200 https://registry.npmjs.org/@coinbase/wallet-sdk/-/wallet-sdk-4.3.2.tgz 9708ms (cache miss)
3674 http fetch GET 200 https://registry.npmjs.org/@noble/hashes/-/hashes-1.7.0.tgz 9628ms (cache miss)
3675 http fetch GET 200 https://registry.npmjs.org/@noble/hashes/-/hashes-1.7.1.tgz 9750ms (cache miss)
3676 http fetch GET 200 https://registry.npmjs.org/@noble/hashes/-/hashes-1.7.1.tgz 9740ms (cache miss)
3677 http fetch GET 200 https://registry.npmjs.org/lru-cache/-/lru-cache-11.5.3.tgz 9975ms (cache miss)
3678 http fetch GET 200 https://registry.npmjs.org/@noble/hashes/-/hashes-1.7.1.tgz 9763ms (cache miss)
3679 http fetch GET 200 https://registry.npmjs.org/@noble/hashes/-/hashes-1.7.1.tgz 9786ms (cache miss)
3680 http fetch GET 200 https://registry.npmjs.org/@noble/hashes/-/hashes-1.7.2.tgz 9831ms (cache miss)
3681 http fetch GET 200 https://registry.npmjs.org/@noble/hashes/-/hashes-1.7.1.tgz 9811ms (cache miss)
3682 http fetch GET 200 https://registry.npmjs.org/@noble/hashes/-/hashes-1.7.2.tgz 9844ms (cache miss)
3683 http fetch GET 200 https://registry.npmjs.org/@noble/curves/-/curves-1.8.1.tgz 9925ms (cache miss)
3684 http fetch GET 200 https://registry.npmjs.org/@metamask%2futils 305ms (cache miss)
3685 silly packumentCache corgi:https://registry.npmjs.org/@metamask%2futils set size:undefined disposed:false
3686 http fetch GET 200 https://registry.npmjs.org/@metamask%2fsdk-communication-layer 313ms (cache miss)
3687 silly packumentCache corgi:https://registry.npmjs.org/@metamask%2fsdk-communication-layer set size:undefined disposed:false
3688 http fetch GET 200 https://registry.npmjs.org/styled-components/-/styled-components-6.5.3.tgz 10072ms (cache miss)
3689 http fetch GET 200 https://registry.npmjs.org/@reown/appkit/-/appkit-1.8.9.tgz 10112ms (cache miss)
3690 http fetch GET 200 https://registry.npmjs.org/@noble/curves/-/curves-1.8.0.tgz 9952ms (cache miss)
3691 http fetch GET 200 https://registry.npmjs.org/@metamask%2fsdk 364ms (cache miss)
3692 silly packumentCache corgi:https://registry.npmjs.org/@metamask%2fsdk set size:undefined disposed:false
3693 http fetch GET 200 https://registry.npmjs.org/@reown/appkit/-/appkit-1.7.8.tgz 10055ms (cache miss)
3694 silly packumentCache corgi:https://registry.npmjs.org/query-string cache-miss
3695 http fetch GET 200 https://registry.npmjs.org/abitype/-/abitype-1.0.6.tgz 10240ms (cache miss)
3696 http fetch GET 200 https://registry.npmjs.org/abitype/-/abitype-1.0.8.tgz 10265ms (cache miss)
3697 http fetch GET 200 https://registry.npmjs.org/@noble/curves/-/curves-1.9.7.tgz 10338ms (cache miss)
3698 http fetch GET 200 https://registry.npmjs.org/query-string 228ms (cache miss)
3699 silly packumentCache corgi:https://registry.npmjs.org/query-string set size:undefined disposed:false
3700 http fetch GET 200 https://registry.npmjs.org/abitype/-/abitype-1.0.8.tgz 10291ms (cache miss)
3701 http fetch GET 200 https://registry.npmjs.org/abitype/-/abitype-1.0.8.tgz 10304ms (cache miss)
3702 http fetch GET 200 https://registry.npmjs.org/abitype/-/abitype-1.0.8.tgz 10273ms (cache miss)
3703 http fetch GET 200 https://registry.npmjs.org/@noble/curves/-/curves-1.9.6.tgz 10339ms (cache miss)
3704 http fetch GET 200 https://registry.npmjs.org/@walletconnect/ethereum-provider/-/ethereum-provider-2.21.1.tgz 10372ms (cache miss)
3705 warn deprecated @walletconnect/ethereum-provider@2.21.1: Reliability and performance improvements. See: https://github.com/WalletConnect/walletconnect-monorepo/releases
3706 http fetch GET 200 https://registry.npmjs.org/@noble/curves/-/curves-1.9.7.tgz 10352ms (cache miss)
3707 http fetch GET 200 https://registry.npmjs.org/@noble/curves/-/curves-1.9.6.tgz 10333ms (cache miss)
3708 silly packumentCache corgi:https://registry.npmjs.org/@walletconnect%2futils cache-miss
3709 http fetch GET 200 https://registry.npmjs.org/@noble/curves/-/curves-1.9.6.tgz 10309ms (cache miss)
3710 http fetch GET 200 https://registry.npmjs.org/@noble/curves/-/curves-1.9.7.tgz 10314ms (cache miss)
3711 http fetch GET 200 https://registry.npmjs.org/@noble/curves/-/curves-1.9.7.tgz 10379ms (cache miss)
3712 http fetch GET 200 https://registry.npmjs.org/@noble/curves/-/curves-1.9.7.tgz 10356ms (cache miss)
3713 http fetch GET 200 https://registry.npmjs.org/lit-html/-/lit-html-3.3.3.tgz 10719ms (cache miss)
3714 http fetch GET 200 https://registry.npmjs.org/@solana-program/token-2022/-/token-2022-0.6.1.tgz 10805ms (cache miss)
3715 http fetch GET 200 https://registry.npmjs.org/@headlessui/react/-/react-2.2.10.tgz 10715ms (cache miss)
3716 http fetch GET 200 https://registry.npmjs.org/@reown/appkit-controllers/-/appkit-controllers-1.7.8.tgz 10903ms (cache miss)
3717 http fetch GET 200 https://registry.npmjs.org/wagmi/-/wagmi-2.19.5.tgz 11142ms (cache miss)
3718 http fetch GET 200 https://registry.npmjs.org/dayjs/-/dayjs-1.11.13.tgz 11086ms (cache miss)
3719 http fetch GET 200 https://registry.npmjs.org/@coinbase/wallet-sdk/-/wallet-sdk-4.3.6.tgz 10974ms (cache miss)
3720 http fetch GET 200 https://registry.npmjs.org/@walletconnect%2futils 657ms (cache miss)
3721 silly packumentCache corgi:https://registry.npmjs.org/@walletconnect%2futils set size:undefined disposed:false
3722 http fetch GET 200 https://registry.npmjs.org/jose/-/jose-4.15.9.tgz 11245ms (cache miss)
3723 silly packumentCache corgi:https://registry.npmjs.org/@metamask%2frpc-errors cache-miss
3724 silly packumentCache corgi:https://registry.npmjs.org/@metamask%2fproviders cache-miss
3725 silly packumentCache corgi:https://registry.npmjs.org/@metamask%2fjson-rpc-engine cache-miss
3726 silly packumentCache corgi:https://registry.npmjs.org/@metamask%2fjson-rpc-middleware-stream cache-miss
3727 http fetch GET 200 https://registry.npmjs.org/@metamask%2fjson-rpc-engine 331ms (cache miss)
3728 silly packumentCache corgi:https://registry.npmjs.org/@metamask%2fjson-rpc-engine set size:undefined disposed:false
3729 http fetch GET 200 https://registry.npmjs.org/@metamask%2frpc-errors 334ms (cache miss)
3730 silly packumentCache corgi:https://registry.npmjs.org/@metamask%2frpc-errors set size:undefined disposed:false
3731 http fetch GET 200 https://registry.npmjs.org/@metamask%2fjson-rpc-middleware-stream 341ms (cache miss)
3732 silly packumentCache corgi:https://registry.npmjs.org/@metamask%2fjson-rpc-middleware-stream set size:undefined disposed:false
3733 http fetch GET 200 https://registry.npmjs.org/@metamask%2fproviders 353ms (cache miss)
3734 silly packumentCache corgi:https://registry.npmjs.org/@metamask%2fproviders set size:undefined disposed:false
3735 http fetch GET 200 https://registry.npmjs.org/@types/lodash/-/lodash-4.17.25.tgz 11909ms (cache miss)
3736 http fetch GET 200 https://registry.npmjs.org/@reown/appkit-controllers/-/appkit-controllers-1.8.9.tgz 11841ms (cache miss)
3737 silly packumentCache corgi:https://registry.npmjs.org/@wagmi%2fconnectors cache-miss
3738 http fetch GET 200 https://registry.npmjs.org/@wagmi%2fconnectors 523ms (cache miss)
3739 silly packumentCache corgi:https://registry.npmjs.org/@wagmi%2fconnectors set size:undefined disposed:false
3740 http fetch GET 200 https://registry.npmjs.org/@walletconnect/ethereum-provider/-/ethereum-provider-2.22.4.tgz 12460ms (cache miss)
3741 silly packumentCache corgi:https://registry.npmjs.org/@walletconnect%2funiversal-provider cache-miss
3742 silly packumentCache corgi:https://registry.npmjs.org/@walletconnect%2fsign-client cache-miss
3743 silly packumentCache corgi:https://registry.npmjs.org/@walletconnect%2fcore cache-miss
3744 silly packumentCache corgi:https://registry.npmjs.org/@walletconnect%2fethereum-provider cache-miss
3745 http fetch GET 200 https://registry.npmjs.org/@base-org/account/-/account-1.1.1.tgz 12625ms (cache miss)
3746 http fetch GET 200 https://registry.npmjs.org/@walletconnect%2funiversal-provider 455ms (cache miss)
3747 silly packumentCache corgi:https://registry.npmjs.org/@walletconnect%2funiversal-provider set size:undefined disposed:false
3748 http fetch GET 200 https://registry.npmjs.org/@walletconnect%2fsign-client 914ms (cache miss)
3749 silly packumentCache corgi:https://registry.npmjs.org/@walletconnect%2fsign-client set size:undefined disposed:false
3750 http fetch GET 200 https://registry.npmjs.org/@walletconnect%2fethereum-provider 1283ms (cache miss)
3751 silly packumentCache corgi:https://registry.npmjs.org/@walletconnect%2fethereum-provider set size:undefined disposed:false
3752 http fetch GET 200 https://registry.npmjs.org/@walletconnect%2fcore 1370ms (cache miss)
3753 silly packumentCache corgi:https://registry.npmjs.org/@walletconnect%2fcore set size:undefined disposed:false
3754 http fetch GET 200 https://registry.npmjs.org/@privy-io/api-types/-/api-types-0.22.0.tgz 13920ms (cache miss)
3755 http fetch GET 200 https://registry.npmjs.org/zod/-/zod-3.25.76.tgz 14004ms (cache miss)
3756 silly packumentCache corgi:https://registry.npmjs.org/@gemini-wallet%2fcore cache-miss
3757 http fetch GET 200 https://registry.npmjs.org/@gemini-wallet%2fcore 238ms (cache miss)
3758 silly packumentCache corgi:https://registry.npmjs.org/@gemini-wallet%2fcore set size:undefined disposed:false
3759 http fetch GET 200 https://registry.npmjs.org/@wagmi/core/-/core-2.22.1.tgz 14423ms (cache miss)
3760 silly packumentCache corgi:https://registry.npmjs.org/wagmi cache-miss
3761 http fetch GET 200 https://registry.npmjs.org/lodash/-/lodash-4.18.1.tgz 14599ms (cache miss)
3762 http fetch GET 200 https://registry.npmjs.org/@base-org/account/-/account-2.4.0.tgz 14722ms (cache miss)
3763 http fetch GET 200 https://registry.npmjs.org/wagmi 628ms (cache miss)
3764 silly packumentCache corgi:https://registry.npmjs.org/wagmi set size:undefined disposed:false
3765 silly packumentCache corgi:https://registry.npmjs.org/@reown%2fappkit cache-miss
3766 silly packumentCache corgi:https://registry.npmjs.org/@reown%2fappkit-controllers cache-miss
3767 silly packumentCache corgi:https://registry.npmjs.org/@reown%2fappkit-utils cache-miss
3768 http fetch GET 200 https://registry.npmjs.org/hono/-/hono-4.13.8.tgz 15684ms (cache miss)
3769 http fetch GET 200 https://registry.npmjs.org/x402/-/x402-0.7.3.tgz 15639ms (cache miss)
3770 http fetch GET 200 https://registry.npmjs.org/porto/-/porto-0.2.35.tgz 15972ms (cache miss)
3771 http fetch GET 200 https://registry.npmjs.org/@reown%2fappkit-controllers 743ms (cache miss)
3772 silly packumentCache corgi:https://registry.npmjs.org/@reown%2fappkit-controllers set size:undefined disposed:false
3773 http fetch GET 200 https://registry.npmjs.org/@reown%2fappkit-utils 915ms (cache miss)
3774 silly packumentCache corgi:https://registry.npmjs.org/@reown%2fappkit-utils set size:undefined disposed:false
3775 http fetch GET 200 https://registry.npmjs.org/@reown%2fappkit 1140ms (cache miss)
3776 silly packumentCache corgi:https://registry.npmjs.org/@reown%2fappkit set size:undefined disposed:false
3777 http fetch GET 200 https://registry.npmjs.org/ox/-/ox-0.6.7.tgz 16891ms (cache miss)
3778 http fetch GET 200 https://registry.npmjs.org/zod/-/zod-4.6.5.tgz 16928ms (cache miss)
3779 http fetch GET 200 https://registry.npmjs.org/ox/-/ox-0.6.7.tgz 16903ms (cache miss)
3780 http fetch GET 200 https://registry.npmjs.org/@metamask/sdk-communication-layer/-/sdk-communication-layer-0.33.1.tgz 17532ms (cache miss)
3781 warn deprecated @metamask/sdk-communication-layer@0.33.1: No longer maintained, superseded by https://docs.metamask.io/metamask-connect
3782 http fetch GET 200 https://registry.npmjs.org/@privy-io/react-auth/-/react-auth-3.45.0.tgz 17340ms (cache miss)
3783 http fetch GET 200 https://registry.npmjs.org/ox/-/ox-0.6.9.tgz 17263ms (cache miss)
3784 http fetch GET 200 https://registry.npmjs.org/ox/-/ox-0.6.7.tgz 17271ms (cache miss)
3785 http fetch GET 200 https://registry.npmjs.org/ox/-/ox-0.6.7.tgz 17301ms (cache miss)
3786 http fetch GET 200 https://registry.npmjs.org/es-toolkit/-/es-toolkit-1.33.0.tgz 17343ms (cache miss)
3787 http fetch GET 200 https://registry.npmjs.org/ox/-/ox-0.6.9.tgz 17218ms (cache miss)
3788 silly packumentCache corgi:https://registry.npmjs.org/x402 cache-miss
3789 http fetch GET 200 https://registry.npmjs.org/x402 191ms (cache miss)
3790 silly packumentCache corgi:https://registry.npmjs.org/x402 set size:undefined disposed:false
3791 silly packumentCache corgi:https://registry.npmjs.org/@reown%2fappkit-pay cache-miss
3792 silly packumentCache corgi:https://registry.npmjs.org/@reown%2fappkit-scaffold-ui cache-miss
3793 silly packumentCache corgi:https://registry.npmjs.org/@reown%2fappkit-ui cache-miss
3794 http fetch GET 200 https://registry.npmjs.org/ox/-/ox-0.9.1.tgz 18142ms (cache miss)
3795 http fetch GET 200 https://registry.npmjs.org/ox/-/ox-0.9.3.tgz 18115ms (cache miss)
3796 http fetch GET 200 https://registry.npmjs.org/ox/-/ox-0.9.1.tgz 18166ms (cache miss)
3797 http fetch GET 200 https://registry.npmjs.org/ox/-/ox-0.9.1.tgz 18109ms (cache miss)
3798 http fetch GET 200 https://registry.npmjs.org/ox/-/ox-0.9.17.tgz 18656ms (cache miss)
3799 http fetch GET 200 https://registry.npmjs.org/@reown%2fappkit-pay 996ms (cache miss)
3800 silly packumentCache corgi:https://registry.npmjs.org/@reown%2fappkit-pay set size:undefined disposed:false
3801 http fetch GET 200 https://registry.npmjs.org/@reown%2fappkit-scaffold-ui 1116ms (cache miss)
3802 silly packumentCache corgi:https://registry.npmjs.org/@reown%2fappkit-scaffold-ui set size:undefined disposed:false
3803 http fetch GET 200 https://registry.npmjs.org/@reown%2fappkit-ui 1166ms (cache miss)
3804 silly packumentCache corgi:https://registry.npmjs.org/@reown%2fappkit-ui set size:undefined disposed:false
3805 silly packumentCache corgi:https://registry.npmjs.org/@privy-io%2freact-auth cache-miss
3806 http fetch GET 200 https://registry.npmjs.org/libphonenumber-js/-/libphonenumber-js-1.13.13.tgz 20046ms (cache miss)
3807 http fetch GET 200 https://registry.npmjs.org/@privy-io%2freact-auth 1886ms (cache miss)
3808 silly packumentCache corgi:https://registry.npmjs.org/@privy-io%2freact-auth set size:undefined disposed:false
3809 http fetch GET 200 https://registry.npmjs.org/ox/-/ox-0.14.34.tgz 24571ms (cache miss)
3810 http fetch GET 200 https://registry.npmjs.org/ox/-/ox-0.14.34.tgz 24577ms (cache miss)
3811 http fetch GET 200 https://registry.npmjs.org/@reown/appkit-ui/-/appkit-ui-1.7.8.tgz 26342ms (cache miss)
3812 http fetch GET 200 https://registry.npmjs.org/@reown/appkit-ui/-/appkit-ui-1.8.9.tgz 26851ms (cache miss)
3813 http fetch GET 200 https://registry.npmjs.org/react-stately/-/react-stately-3.50.0.tgz 27094ms (cache miss)
3814 http fetch GET 200 https://registry.npmjs.org/@metamask/sdk/-/sdk-0.33.1.tgz 30224ms (cache miss)
3815 warn deprecated @metamask/sdk@0.33.1: No longer maintained, superseded by https://docs.metamask.io/metamask-connect
3816 http fetch GET 200 https://registry.npmjs.org/@reown/appkit-scaffold-ui/-/appkit-scaffold-ui-1.7.8.tgz 30225ms (cache miss)
3817 http fetch GET 200 https://registry.npmjs.org/@reown/appkit-scaffold-ui/-/appkit-scaffold-ui-1.8.9.tgz 31206ms (cache miss)
3818 http fetch GET 200 https://registry.npmjs.org/es-toolkit/-/es-toolkit-1.39.3.tgz 31470ms (cache miss)
3819 http fetch GET 200 https://registry.npmjs.org/@coinbase/cdp-sdk/-/cdp-sdk-1.56.0.tgz 33444ms (cache miss)
3820 http fetch GET 200 https://registry.npmjs.org/@phosphor-icons/webcomponents/-/webcomponents-2.1.5.tgz 40290ms (cache miss)
3821 http fetch GET 200 https://registry.npmjs.org/@base-ui/react/-/react-1.8.0.tgz 60186ms (cache miss)
3822 http fetch GET 200 https://registry.npmjs.org/@heroicons/react/-/react-2.2.0.tgz 268727ms (cache miss)
3823 http fetch GET 200 https://registry.npmjs.org/lucide-react/-/lucide-react-0.554.0.tgz 271190ms (cache miss)
3824 http fetch GET 200 https://registry.npmjs.org/viem/-/viem-2.23.2.tgz 286922ms (cache miss)
3825 http fetch GET 200 https://registry.npmjs.org/viem/-/viem-2.23.2.tgz 287031ms (cache miss)
3826 http fetch GET 200 https://registry.npmjs.org/viem/-/viem-2.23.2.tgz 287052ms (cache miss)
3827 http fetch GET 200 https://registry.npmjs.org/viem/-/viem-2.23.2.tgz 287181ms (cache miss)
3828 http fetch GET 200 https://registry.npmjs.org/react-aria/-/react-aria-3.52.1.tgz 287880ms (cache miss)
3829 http fetch GET 200 https://registry.npmjs.org/viem/-/viem-2.36.0.tgz 291029ms (cache miss)
3830 http fetch GET 200 https://registry.npmjs.org/viem/-/viem-2.36.0.tgz 291038ms (cache miss)
3831 http fetch GET 200 https://registry.npmjs.org/viem/-/viem-2.36.0.tgz 291101ms (cache miss)
3832 http fetch GET 200 https://registry.npmjs.org/date-fns/-/date-fns-2.30.0.tgz 291593ms (cache miss)
3833 http fetch GET 200 https://registry.npmjs.org/viem/-/viem-2.56.0.tgz 292307ms (cache miss)
3834 http fetch GET 200 https://registry.npmjs.org/viem/-/viem-2.56.0.tgz 292374ms (cache miss)
3835 info run bufferutil@4.1.0 install node_modules/bufferutil node-gyp-build
3836 info run bufferutil@4.1.0 install { code: 0, signal: null }
3837 info run keccak@3.0.4 install node_modules/keccak node-gyp-build || exit 0
3838 info run keccak@3.0.4 install { code: 0, signal: null }
3839 info run utf-8-validate@5.0.10 install node_modules/utf-8-validate node-gyp-build
3840 info run utf-8-validate@5.0.10 install { code: 0, signal: null }
3841 info run @reown/appkit@1.8.9 postinstall node_modules/@reown/appkit node scripts/appkit-version-check.js
3842 info run @reown/appkit@1.8.9 postinstall { code: 0, signal: null }
3843 verbose cwd /home/user/frontend
3844 verbose os Linux 6.1.158+
3845 verbose node v20.20.2
3846 verbose npm  v10.8.2
3847 verbose exit 0
3848 info ok
