0 verbose cli /usr/bin/node /usr/bin/npm
1 info using npm@10.8.2
2 info using node@v20.20.2
3 silly config load:file:/usr/lib/node_modules/npm/npmrc
4 silly config load:file:/home/user/frontend/.npmrc
5 silly config load:file:/home/user/.npmrc
6 silly config load:file:/usr/etc/npmrc
7 verbose title npm install
8 verbose argv "install" "--loglevel" "silent"
9 verbose logfile logs-max:10 dir:/home/user/.npm/_logs/2026-09-22T18_47_01_702Z-
10 verbose logfile /home/user/.npm/_logs/2026-09-22T18_47_01_702Z-debug-0.log
11 silly packumentCache heap:998768640 maxSize:249692160 maxEntrySize:124846080
12 silly logfile done cleaning log files
13 silly idealTree buildDeps
14 silly reify moves {}
15 silly audit bulk request {
15 silly audit   '@adraffy/ens-normalize': [ '1.11.1' ],
15 silly audit   '@alloc/quick-lru': [ '5.3.0' ],
15 silly audit   '@emnapi/core': [ '1.10.0' ],
15 silly audit   '@emnapi/runtime': [ '1.11.3', '1.10.0' ],
15 silly audit   '@emnapi/wasi-threads': [ '1.2.1' ],
15 silly audit   '@eslint-community/eslint-utils': [ '4.10.1' ],
15 silly audit   '@eslint-community/regexpp': [ '4.12.2' ],
15 silly audit   '@eslint/eslintrc': [ '2.1.4' ],
15 silly audit   '@eslint/js': [ '8.57.1' ],
15 silly audit   '@humanwhocodes/config-array': [ '0.13.0' ],
15 silly audit   '@humanwhocodes/module-importer': [ '1.0.1' ],
15 silly audit   '@humanwhocodes/object-schema': [ '2.0.3' ],
15 silly audit   '@img/sharp-darwin-arm64': [ '0.33.5' ],
15 silly audit   '@img/sharp-darwin-x64': [ '0.33.5' ],
15 silly audit   '@img/sharp-libvips-darwin-arm64': [ '1.0.4' ],
15 silly audit   '@img/sharp-libvips-darwin-x64': [ '1.0.4' ],
15 silly audit   '@img/sharp-libvips-linux-arm': [ '1.0.5' ],
15 silly audit   '@img/sharp-libvips-linux-arm64': [ '1.0.4' ],
15 silly audit   '@img/sharp-libvips-linux-s390x': [ '1.0.4' ],
15 silly audit   '@img/sharp-libvips-linux-x64': [ '1.0.4' ],
15 silly audit   '@img/sharp-libvips-linuxmusl-arm64': [ '1.0.4' ],
15 silly audit   '@img/sharp-libvips-linuxmusl-x64': [ '1.0.4' ],
15 silly audit   '@img/sharp-linux-arm': [ '0.33.5' ],
15 silly audit   '@img/sharp-linux-arm64': [ '0.33.5' ],
15 silly audit   '@img/sharp-linux-s390x': [ '0.33.5' ],
15 silly audit   '@img/sharp-linux-x64': [ '0.33.5' ],
15 silly audit   '@img/sharp-linuxmusl-arm64': [ '0.33.5' ],
15 silly audit   '@img/sharp-linuxmusl-x64': [ '0.33.5' ],
15 silly audit   '@img/sharp-wasm32': [ '0.33.5' ],
15 silly audit   '@img/sharp-win32-ia32': [ '0.33.5' ],
15 silly audit   '@img/sharp-win32-x64': [ '0.33.5' ],
15 silly audit   '@jridgewell/gen-mapping': [ '0.3.13' ],
15 silly audit   '@jridgewell/resolve-uri': [ '3.1.2' ],
15 silly audit   '@jridgewell/sourcemap-codec': [ '1.6.0' ],
15 silly audit   '@jridgewell/trace-mapping': [ '0.3.31' ],
15 silly audit   '@napi-rs/wasm-runtime': [ '1.2.4' ],
15 silly audit   '@next/env': [ '15.0.3' ],
15 silly audit   '@next/eslint-plugin-next': [ '15.0.3' ],
15 silly audit   '@next/swc-darwin-arm64': [ '15.0.3' ],
15 silly audit   '@next/swc-darwin-x64': [ '15.0.3' ],
15 silly audit   '@next/swc-linux-arm64-gnu': [ '15.0.3' ],
15 silly audit   '@next/swc-linux-arm64-musl': [ '15.0.3' ],
15 silly audit   '@next/swc-linux-x64-gnu': [ '15.0.3' ],
15 silly audit   '@next/swc-linux-x64-musl': [ '15.0.3' ],
15 silly audit   '@next/swc-win32-arm64-msvc': [ '15.0.3' ],
15 silly audit   '@next/swc-win32-x64-msvc': [ '15.0.3' ],
15 silly audit   '@noble/ciphers': [ '1.3.0' ],
15 silly audit   '@noble/curves': [ '1.9.1' ],
15 silly audit   '@noble/hashes': [ '1.8.0' ],
15 silly audit   '@nodelib/fs.scandir': [ '2.1.5' ],
15 silly audit   '@nodelib/fs.stat': [ '2.0.5' ],
15 silly audit   '@nodelib/fs.walk': [ '1.2.8' ],
15 silly audit   '@nolyfill/is-core-module': [ '1.0.39' ],
15 silly audit   '@rtsao/scc': [ '1.1.0' ],
15 silly audit   '@rushstack/eslint-patch': [ '1.16.1' ],
15 silly audit   '@scure/base': [ '1.2.6' ],
15 silly audit   '@scure/bip32': [ '1.7.0' ],
15 silly audit   '@scure/bip39': [ '1.6.0' ],
15 silly audit   '@swc/counter': [ '0.1.3' ],
15 silly audit   '@swc/helpers': [ '0.5.13' ],
15 silly audit   '@tybys/wasm-util': [ '0.10.4' ],
15 silly audit   '@types/json5': [ '0.0.29' ],
15 silly audit   '@types/node': [ '20.19.43' ],
15 silly audit   '@types/prop-types': [ '15.7.15' ],
15 silly audit   '@types/react': [ '18.3.31' ],
15 silly audit   '@types/react-dom': [ '18.3.7' ],
15 silly audit   '@typescript-eslint/eslint-plugin': [ '8.70.1' ],
15 silly audit   ignore: [ '7.0.9', '5.3.2' ],
15 silly audit   '@typescript-eslint/parser': [ '8.70.1' ],
15 silly audit   '@typescript-eslint/project-service': [ '8.70.1' ],
15 silly audit   '@typescript-eslint/scope-manager': [ '8.70.1' ],
15 silly audit   '@typescript-eslint/tsconfig-utils': [ '8.70.1' ],
15 silly audit   '@typescript-eslint/type-utils': [ '8.70.1' ],
15 silly audit   '@typescript-eslint/types': [ '8.70.1' ],
15 silly audit   '@typescript-eslint/typescript-estree': [ '8.70.1' ],
15 silly audit   'balanced-match': [ '4.0.4', '1.0.2' ],
15 silly audit   'brace-expansion': [ '5.0.12', '1.1.21' ],
15 silly audit   minimatch: [ '10.2.6', '3.1.5' ],
15 silly audit   '@typescript-eslint/utils': [ '8.70.1' ],
15 silly audit   '@typescript-eslint/visitor-keys': [ '8.70.1' ],
15 silly audit   'eslint-visitor-keys': [ '5.0.1', '3.4.3' ],
15 silly audit   '@ungap/structured-clone': [ '1.4.0' ],
15 silly audit   '@unrs/resolver-binding-android-arm-eabi': [ '1.12.2' ],
15 silly audit   '@unrs/resolver-binding-android-arm64': [ '1.12.2' ],
15 silly audit   '@unrs/resolver-binding-darwin-arm64': [ '1.12.2' ],
15 silly audit   '@unrs/resolver-binding-darwin-x64': [ '1.12.2' ],
15 silly audit   '@unrs/resolver-binding-freebsd-x64': [ '1.12.2' ],
15 silly audit   '@unrs/resolver-binding-linux-arm-gnueabihf': [ '1.12.2' ],
15 silly audit   '@unrs/resolver-binding-linux-arm-musleabihf': [ '1.12.2' ],
15 silly audit   '@unrs/resolver-binding-linux-arm64-gnu': [ '1.12.2' ],
15 silly audit   '@unrs/resolver-binding-linux-arm64-musl': [ '1.12.2' ],
15 silly audit   '@unrs/resolver-binding-linux-loong64-gnu': [ '1.12.2' ],
15 silly audit   '@unrs/resolver-binding-linux-loong64-musl': [ '1.12.2' ],
15 silly audit   '@unrs/resolver-binding-linux-ppc64-gnu': [ '1.12.2' ],
15 silly audit   '@unrs/resolver-binding-linux-riscv64-gnu': [ '1.12.2' ],
15 silly audit   '@unrs/resolver-binding-linux-riscv64-musl': [ '1.12.2' ],
15 silly audit   '@unrs/resolver-binding-linux-s390x-gnu': [ '1.12.2' ],
15 silly audit   '@unrs/resolver-binding-linux-x64-gnu': [ '1.12.2' ],
15 silly audit   '@unrs/resolver-binding-linux-x64-musl': [ '1.12.2' ],
15 silly audit   '@unrs/resolver-binding-openharmony-arm64': [ '1.12.2' ],
15 silly audit   '@unrs/resolver-binding-wasm32-wasi': [ '1.12.2' ],
15 silly audit   '@unrs/resolver-binding-win32-arm64-msvc': [ '1.12.2' ],
15 silly audit   '@unrs/resolver-binding-win32-ia32-msvc': [ '1.12.2' ],
15 silly audit   '@unrs/resolver-binding-win32-x64-msvc': [ '1.12.2' ],
15 silly audit   abitype: [ '1.2.3' ],
15 silly audit   acorn: [ '8.18.0' ],
15 silly audit   'acorn-jsx': [ '5.3.2' ],
15 silly audit   ajv: [ '6.15.0' ],
15 silly audit   'ansi-regex': [ '5.0.1' ],
15 silly audit   'ansi-styles': [ '4.3.0' ],
15 silly audit   'any-promise': [ '1.3.0' ],
15 silly audit   anymatch: [ '3.1.3' ],
15 silly audit   arg: [ '5.0.2' ],
15 silly audit   argparse: [ '2.0.1' ],
15 silly audit   'aria-query': [ '5.3.2' ],
15 silly audit   'array-buffer-byte-length': [ '1.0.2' ],
15 silly audit   'array-includes': [ '3.2.0' ],
15 silly audit   'array.prototype.findlast': [ '1.2.5' ],
15 silly audit   'array.prototype.findlastindex': [ '1.2.6' ],
15 silly audit   'array.prototype.flat': [ '1.3.3' ],
15 silly audit   'array.prototype.flatmap': [ '1.3.3' ],
15 silly audit   'array.prototype.tosorted': [ '1.1.4' ],
15 silly audit   'arraybuffer.prototype.slice': [ '1.0.4' ],
15 silly audit   'ast-types-flow': [ '0.0.8' ],
15 silly audit   'async-function': [ '1.0.0' ],
15 silly audit   autoprefixer: [ '10.6.1' ],
15 silly audit   'available-typed-arrays': [ '1.0.7' ],
15 silly audit   'axe-core': [ '4.13.0' ],
15 silly audit   'axobject-query': [ '4.1.0' ],
15 silly audit   'baseline-browser-mapping': [ '2.11.25' ],
15 silly audit   'binary-extensions': [ '2.3.0' ],
15 silly audit   braces: [ '3.0.3' ],
15 silly audit   browserslist: [ '4.29.0' ],
15 silly audit   busboy: [ '1.6.0' ],
15 silly audit   'call-bind': [ '1.0.9' ],
15 silly audit   'call-bind-apply-helpers': [ '1.0.2' ],
15 silly audit   'call-bound': [ '1.0.4' ],
15 silly audit   callsites: [ '3.1.0' ],
15 silly audit   'camelcase-css': [ '2.0.1' ],
15 silly audit   'caniuse-lite': [ '1.0.30001810' ],
15 silly audit   chalk: [ '4.1.2' ],
15 silly audit   chokidar: [ '3.6.0' ],
15 silly audit   'glob-parent': [ '5.1.2', '6.0.2' ],
15 silly audit   'client-only': [ '0.0.1' ],
15 silly audit   color: [ '4.2.3' ],
15 silly audit   'color-convert': [ '2.0.1' ],
15 silly audit   'color-name': [ '1.1.4' ],
15 silly audit   'color-string': [ '1.9.1' ],
15 silly audit   commander: [ '4.1.1' ],
15 silly audit   'concat-map': [ '0.0.1' ],
15 silly audit   'cross-spawn': [ '7.0.6' ],
15 silly audit   cssesc: [ '3.0.0' ],
15 silly audit   csstype: [ '3.2.3' ],
15 silly audit   'damerau-levenshtein': [ '1.0.8' ],
15 silly audit   'data-view-buffer': [ '1.0.2' ],
15 silly audit   'data-view-byte-length': [ '1.0.2' ],
15 silly audit   'data-view-byte-offset': [ '1.0.1' ],
15 silly audit   debug: [ '4.4.3', '3.2.7' ],
15 silly audit   'deep-is': [ '0.1.4' ],
15 silly audit   'define-data-property': [ '1.1.4' ],
15 silly audit   'define-properties': [ '1.2.1' ],
15 silly audit   'detect-libc': [ '2.1.2' ],
15 silly audit   didyoumean: [ '1.2.2' ],
15 silly audit   dlv: [ '1.1.3' ],
15 silly audit   doctrine: [ '3.0.0', '2.1.0' ],
15 silly audit   'dunder-proto': [ '1.0.1' ],
15 silly audit   'electron-to-chromium': [ '1.5.434' ],
15 silly audit   'emoji-regex': [ '9.2.2' ],
15 silly audit   'es-abstract': [ '1.24.2' ],
15 silly audit   'es-abstract-get': [ '1.0.0' ],
15 silly audit   'es-define-property': [ '1.0.1' ],
15 silly audit   'es-errors': [ '1.3.0' ],
15 silly audit   'es-iterator-helpers': [ '1.4.0' ],
15 silly audit   'es-object-atoms': [ '1.1.2' ],
15 silly audit   'es-set-tostringtag': [ '2.1.0' ],
15 silly audit   'es-shim-unscopables': [ '1.1.0' ],
15 silly audit   'es-to-primitive': [ '1.3.4' ],
15 silly audit   escalade: [ '3.2.0' ],
15 silly audit   'escape-string-regexp': [ '4.0.0' ],
15 silly audit   eslint: [ '8.57.1' ],
15 silly audit   'eslint-config-next': [ '15.0.3' ],
15 silly audit   'eslint-import-resolver-node': [ '0.3.10' ],
15 silly audit   'eslint-import-resolver-typescript': [ '3.10.1' ],
15 silly audit   'eslint-module-utils': [ '2.14.0' ],
15 silly audit   'eslint-plugin-import': [ '2.32.0' ],
15 silly audit   semver: [ '6.3.1', '7.8.5' ],
15 silly audit   'eslint-plugin-jsx-a11y': [ '6.10.2' ],
15 silly audit   'eslint-plugin-react': [ '7.37.5' ],
15 silly audit   'eslint-plugin-react-hooks': [ '5.2.0' ],
15 silly audit   'eslint-scope': [ '7.2.2' ],
15 silly audit   espree: [ '9.6.1' ],
15 silly audit   esquery: [ '1.7.0' ],
15 silly audit   esrecurse: [ '4.3.0' ],
15 silly audit   estraverse: [ '5.3.0' ],
15 silly audit   esutils: [ '2.0.3' ],
15 silly audit   eventemitter3: [ '5.0.1' ],
15 silly audit   'fast-deep-equal': [ '3.1.3' ],
15 silly audit   'fast-glob': [ '3.3.1', '3.3.3' ],
15 silly audit   'fast-json-stable-stringify': [ '2.1.0' ],
15 silly audit   'fast-levenshtein': [ '2.0.6' ],
15 silly audit   fastq: [ '1.20.3' ],
15 silly audit   'file-entry-cache': [ '6.0.1' ],
15 silly audit   'fill-range': [ '7.1.1' ],
15 silly audit   'find-up': [ '5.0.0' ],
15 silly audit   'flat-cache': [ '3.2.0' ],
15 silly audit   flatted: [ '3.4.4' ],
15 silly audit   'for-each': [ '0.3.5' ],
15 silly audit   'fraction.js': [ '5.3.4' ],
15 silly audit   'fs.realpath': [ '1.0.0' ],
15 silly audit   fsevents: [ '2.3.3' ],
15 silly audit   'function-bind': [ '1.1.2' ],
15 silly audit   'function.prototype.name': [ '1.2.0' ],
15 silly audit   'functions-have-names': [ '1.2.3' ],
15 silly audit   'generator-function': [ '2.0.1' ],
15 silly audit   'genlayer-js': [ '0.1.2' ],
15 silly audit   'get-intrinsic': [ '1.3.0' ],
15 silly audit   'get-proto': [ '1.0.1' ],
15 silly audit   'get-symbol-description': [ '1.1.0' ],
15 silly audit   'get-tsconfig': [ '4.14.3' ],
15 silly audit   glob: [ '7.2.3' ],
15 silly audit   globals: [ '13.24.0' ],
15 silly audit   globalthis: [ '1.0.4' ],
15 silly audit   gopd: [ '1.2.0' ],
15 silly audit   graphemer: [ '1.4.0' ],
15 silly audit   'has-bigints': [ '1.1.0' ],
15 silly audit   'has-flag': [ '4.0.0' ],
15 silly audit   'has-property-descriptors': [ '1.0.2' ],
15 silly audit   'has-proto': [ '1.2.0' ],
15 silly audit   'has-symbols': [ '1.1.0' ],
15 silly audit   'has-tostringtag': [ '1.0.2' ],
15 silly audit   hasown: [ '2.0.4' ],
15 silly audit   'import-fresh': [ '3.3.1' ],
15 silly audit   imurmurhash: [ '0.1.4' ],
15 silly audit   inflight: [ '1.0.6' ],
15 silly audit   inherits: [ '2.0.4' ],
15 silly audit   'internal-slot': [ '1.1.0' ],
15 silly audit   'is-array-buffer': [ '3.0.5' ],
15 silly audit   'is-arrayish': [ '0.3.4' ],
15 silly audit   'is-async-function': [ '2.1.1' ],
15 silly audit   'is-bigint': [ '1.1.0' ],
15 silly audit   'is-binary-path': [ '2.1.0' ],
15 silly audit   'is-boolean-object': [ '1.2.2' ],
15 silly audit   'is-bun-module': [ '2.0.0' ],
15 silly audit   'is-callable': [ '1.2.7' ],
15 silly audit   'is-core-module': [ '2.17.0' ],
15 silly audit   'is-data-view': [ '1.0.2' ],
15 silly audit   'is-date-object': [ '1.1.0' ],
15 silly audit   'is-document.all': [ '1.0.0' ],
15 silly audit   'is-extglob': [ '2.1.1' ],
15 silly audit   'is-finalizationregistry': [ '1.1.1' ],
15 silly audit   'is-generator-function': [ '1.1.2' ],
15 silly audit   'is-glob': [ '4.0.3' ],
15 silly audit   'is-map': [ '2.0.3' ],
15 silly audit   'is-negative-zero': [ '2.0.3' ],
15 silly audit   'is-number': [ '7.0.0' ],
15 silly audit   'is-number-object': [ '1.1.1' ],
15 silly audit   'is-path-inside': [ '3.0.3' ],
15 silly audit   'is-regex': [ '1.2.1' ],
15 silly audit   'is-set': [ '2.0.3' ],
15 silly audit   'is-shared-array-buffer': [ '1.0.4' ],
15 silly audit   'is-string': [ '1.1.1' ],
15 silly audit   'is-symbol': [ '1.1.1' ],
15 silly audit   'is-typed-array': [ '1.1.15' ],
15 silly audit   'is-weakmap': [ '2.0.2' ],
15 silly audit   'is-weakref': [ '1.1.1' ],
15 silly audit   'is-weakset': [ '2.0.4' ],
15 silly audit   isarray: [ '2.0.5' ],
15 silly audit   isexe: [ '2.0.0' ],
15 silly audit   isows: [ '1.0.7' ],
15 silly audit   'iterator.prototype': [ '1.1.5' ],
15 silly audit   jiti: [ '1.21.7' ],
15 silly audit   'js-tokens': [ '4.0.0' ],
15 silly audit   'js-yaml': [ '4.3.2' ],
15 silly audit   'json-buffer': [ '3.0.1' ],
15 silly audit   'json-schema-traverse': [ '0.4.1' ],
15 silly audit   'json-stable-stringify-without-jsonify': [ '1.0.1' ],
15 silly audit   json5: [ '1.0.2' ],
15 silly audit   'jsx-ast-utils': [ '3.3.5' ],
15 silly audit   keyv: [ '4.5.4' ],
15 silly audit   'language-subtag-registry': [ '0.3.23' ],
15 silly audit   'language-tags': [ '1.0.9' ],
15 silly audit   levn: [ '0.4.1' ],
15 silly audit   lilconfig: [ '3.1.3' ],
15 silly audit   'lines-and-columns': [ '1.2.4' ],
15 silly audit   'locate-path': [ '6.0.0' ],
15 silly audit   'lodash.merge': [ '4.6.2' ],
15 silly audit   'loose-envify': [ '1.4.0' ],
15 silly audit   'math-intrinsics': [ '1.1.0' ],
15 silly audit   merge2: [ '1.4.1' ],
15 silly audit   micromatch: [ '4.0.8' ],
15 silly audit   minimist: [ '1.2.8' ],
15 silly audit   ms: [ '2.1.3' ],
15 silly audit   mz: [ '2.7.0' ],
15 silly audit   nanoid: [ '3.3.19' ],
15 silly audit   'napi-postinstall': [ '0.3.4' ],
15 silly audit   'natural-compare': [ '1.4.0' ],
15 silly audit   next: [ '15.0.3' ],
15 silly audit   postcss: [ '8.4.31', '8.5.28' ],
15 silly audit   'node-exports-info': [ '1.6.2' ],
15 silly audit   'node-releases': [ '2.0.56' ],
15 silly audit   'normalize-path': [ '3.0.0' ],
15 silly audit   'object-assign': [ '4.1.1' ],
15 silly audit   'object-hash': [ '3.0.0' ],
15 silly audit   'object-inspect': [ '1.13.4' ],
15 silly audit   'object-keys': [ '1.1.1' ],
15 silly audit   'object.assign': [ '4.1.7' ],
15 silly audit   'object.entries': [ '1.1.9' ],
15 silly audit   'object.fromentries': [ '2.0.8' ],
15 silly audit   'object.groupby': [ '1.0.3' ],
15 silly audit   'object.values': [ '1.2.1' ],
15 silly audit   once: [ '1.4.0' ],
15 silly audit   optionator: [ '0.9.4' ],
15 silly audit   'own-keys': [ '1.0.2' ],
15 silly audit   ox: [ '0.14.45' ],
15 silly audit   'p-limit': [ '3.1.0' ],
15 silly audit   'p-locate': [ '5.0.0' ],
15 silly audit   'parent-module': [ '1.0.1' ],
15 silly audit   'path-exists': [ '4.0.0' ],
15 silly audit   'path-is-absolute': [ '1.0.1' ],
15 silly audit   'path-key': [ '3.1.1' ],
15 silly audit   'path-parse': [ '1.0.7' ],
15 silly audit   picocolors: [ '1.1.1' ],
15 silly audit   picomatch: [ '2.3.2', '4.0.7' ],
15 silly audit   pirates: [ '4.0.7' ],
15 silly audit   'possible-typed-array-names': [ '1.1.0' ],
15 silly audit   'postcss-import': [ '15.1.0' ],
15 silly audit   resolve: [ '1.22.12', '2.0.0-next.7' ],
15 silly audit   'postcss-js': [ '4.1.0' ],
15 silly audit   'postcss-load-config': [ '6.0.1' ],
15 silly audit   'postcss-nested': [ '6.2.0' ],
15 silly audit   'postcss-selector-parser': [ '6.1.4' ],
15 silly audit   'postcss-value-parser': [ '4.2.0' ],
15 silly audit   'prelude-ls': [ '1.2.1' ],
15 silly audit   'prop-types': [ '15.8.1' ],
15 silly audit   punycode: [ '2.3.1' ],
15 silly audit   'queue-microtask': [ '1.2.3' ],
15 silly audit   react: [ '18.3.1' ],
15 silly audit   'react-dom': [ '18.3.1' ],
15 silly audit   'react-is': [ '16.13.1' ],
15 silly audit   'read-cache': [ '1.0.2' ],
15 silly audit   readdirp: [ '3.6.0' ],
15 silly audit   'reflect.getprototypeof': [ '1.0.10' ],
15 silly audit   'regexp.prototype.flags': [ '1.5.4' ],
15 silly audit   'resolve-from': [ '4.0.0' ],
15 silly audit   'resolve-pkg-maps': [ '1.0.0' ],
15 silly audit   reusify: [ '1.1.0' ],
15 silly audit   rimraf: [ '3.0.2' ],
15 silly audit   'run-parallel': [ '1.2.0' ],
15 silly audit   'safe-array-concat': [ '1.1.4' ],
15 silly audit   'safe-push-apply': [ '1.0.0' ],
15 silly audit   'safe-regex-test': [ '1.1.0' ],
15 silly audit   scheduler: [ '0.23.2' ],
15 silly audit   'set-function-length': [ '1.2.2' ],
15 silly audit   'set-function-name': [ '2.0.2' ],
15 silly audit   'set-proto': [ '1.0.0' ],
15 silly audit   sharp: [ '0.33.5' ],
15 silly audit   'shebang-command': [ '2.0.0' ],
15 silly audit   'shebang-regex': [ '3.0.0' ],
15 silly audit   'side-channel': [ '1.1.1' ],
15 silly audit   'side-channel-list': [ '1.0.1' ],
15 silly audit   'side-channel-map': [ '1.0.1' ],
15 silly audit   'side-channel-weakmap': [ '1.0.2' ],
15 silly audit   'simple-swizzle': [ '0.2.4' ],
15 silly audit   'source-map-js': [ '1.2.1' ],
15 silly audit   'stable-hash': [ '0.0.5' ],
15 silly audit   'stop-iteration-iterator': [ '1.1.0' ],
15 silly audit   streamsearch: [ '1.1.0' ],
15 silly audit   'string.prototype.includes': [ '2.0.1' ],
15 silly audit   'string.prototype.matchall': [ '4.1.0' ],
15 silly audit   'string.prototype.repeat': [ '1.0.0' ],
15 silly audit   'string.prototype.trim': [ '1.2.11' ],
15 silly audit   'string.prototype.trimend': [ '1.0.10' ],
15 silly audit   'string.prototype.trimstart': [ '1.0.8' ],
15 silly audit   'strip-ansi': [ '6.0.1' ],
15 silly audit   'strip-bom': [ '3.0.0' ],
15 silly audit   'strip-json-comments': [ '3.1.1' ],
15 silly audit   'styled-jsx': [ '5.1.6' ],
15 silly audit   sucrase: [ '3.35.1' ],
15 silly audit   'supports-color': [ '7.2.0' ],
15 silly audit   'supports-preserve-symlinks-flag': [ '1.0.0' ],
15 silly audit   tailwindcss: [ '3.4.19' ],
15 silly audit   'text-table': [ '0.2.0' ],
15 silly audit   thenify: [ '3.3.1' ],
15 silly audit   'thenify-all': [ '1.6.0' ],
15 silly audit   tinyglobby: [ '0.2.17' ],
15 silly audit   fdir: [ '6.5.0' ],
15 silly audit   'to-regex-range': [ '5.0.1' ],
15 silly audit   'ts-api-utils': [ '2.5.0' ],
15 silly audit   'ts-interface-checker': [ '0.1.13' ],
15 silly audit   'tsconfig-paths': [ '3.15.0' ],
15 silly audit   tslib: [ '2.8.1' ],
15 silly audit   'type-check': [ '0.4.0' ],
15 silly audit   'type-fest': [ '0.20.2' ],
15 silly audit   'typed-array-buffer': [ '1.0.3' ],
15 silly audit   'typed-array-byte-length': [ '1.0.3' ],
15 silly audit   'typed-array-byte-offset': [ '1.0.5' ],
15 silly audit   'typed-array-length': [ '1.0.8' ],
15 silly audit   typescript: [ '5.9.3' ],
15 silly audit   'unbox-primitive': [ '1.1.0' ],
15 silly audit   'undici-types': [ '6.21.0' ],
15 silly audit   'unrs-resolver': [ '1.12.2' ],
15 silly audit   'update-browserslist-db': [ '1.3.3' ],
15 silly audit   'uri-js': [ '4.4.1' ],
15 silly audit   'util-deprecate': [ '1.0.2' ],
15 silly audit   viem: [ '2.56.8' ],
15 silly audit   which: [ '2.0.2' ],
15 silly audit   'which-boxed-primitive': [ '1.1.1' ],
15 silly audit   'which-builtin-type': [ '1.2.1' ],
15 silly audit   'which-collection': [ '1.0.2' ],
15 silly audit   'which-typed-array': [ '1.1.24' ],
15 silly audit   'word-wrap': [ '1.2.5' ],
15 silly audit   wrappy: [ '1.0.2' ],
15 silly audit   ws: [ '8.21.0' ],
15 silly audit   'yocto-queue': [ '0.1.0' ]
15 silly audit }
16 verbose reify failed optional dependency /home/user/frontend/node_modules/fsevents
17 silly reify mark deleted [ '/home/user/frontend/node_modules/fsevents' ]
18 verbose reify failed optional dependency /home/user/frontend/node_modules/@unrs/resolver-binding-win32-x64-msvc
19 silly reify mark deleted [
19 silly reify   '/home/user/frontend/node_modules/@unrs/resolver-binding-win32-x64-msvc'
19 silly reify ]
20 verbose reify failed optional dependency /home/user/frontend/node_modules/@unrs/resolver-binding-win32-ia32-msvc
21 silly reify mark deleted [
21 silly reify   '/home/user/frontend/node_modules/@unrs/resolver-binding-win32-ia32-msvc'
21 silly reify ]
22 verbose reify failed optional dependency /home/user/frontend/node_modules/@unrs/resolver-binding-win32-arm64-msvc
23 silly reify mark deleted [
23 silly reify   '/home/user/frontend/node_modules/@unrs/resolver-binding-win32-arm64-msvc'
23 silly reify ]
24 verbose reify failed optional dependency /home/user/frontend/node_modules/@unrs/resolver-binding-wasm32-wasi
25 silly reify mark deleted [
25 silly reify   '/home/user/frontend/node_modules/@unrs/resolver-binding-wasm32-wasi'
25 silly reify ]
26 verbose reify failed optional dependency /home/user/frontend/node_modules/@emnapi/core
27 silly reify mark deleted [ '/home/user/frontend/node_modules/@emnapi/core' ]
28 verbose reify failed optional dependency /home/user/frontend/node_modules/@unrs/resolver-binding-wasm32-wasi/node_modules/@emnapi/runtime
29 silly reify mark deleted [
29 silly reify   '/home/user/frontend/node_modules/@unrs/resolver-binding-wasm32-wasi/node_modules/@emnapi/runtime'
29 silly reify ]
30 verbose reify failed optional dependency /home/user/frontend/node_modules/@napi-rs/wasm-runtime
31 silly reify mark deleted [ '/home/user/frontend/node_modules/@napi-rs/wasm-runtime' ]
32 verbose reify failed optional dependency /home/user/frontend/node_modules/@emnapi/wasi-threads
33 silly reify mark deleted [ '/home/user/frontend/node_modules/@emnapi/wasi-threads' ]
34 verbose reify failed optional dependency /home/user/frontend/node_modules/@tybys/wasm-util
35 silly reify mark deleted [ '/home/user/frontend/node_modules/@tybys/wasm-util' ]
36 verbose reify failed optional dependency /home/user/frontend/node_modules/@unrs/resolver-binding-openharmony-arm64
37 silly reify mark deleted [
37 silly reify   '/home/user/frontend/node_modules/@unrs/resolver-binding-openharmony-arm64'
37 silly reify ]
38 verbose reify failed optional dependency /home/user/frontend/node_modules/@unrs/resolver-binding-linux-s390x-gnu
39 silly reify mark deleted [
39 silly reify   '/home/user/frontend/node_modules/@unrs/resolver-binding-linux-s390x-gnu'
39 silly reify ]
40 verbose reify failed optional dependency /home/user/frontend/node_modules/@unrs/resolver-binding-linux-riscv64-musl
41 silly reify mark deleted [
41 silly reify   '/home/user/frontend/node_modules/@unrs/resolver-binding-linux-riscv64-musl'
41 silly reify ]
42 verbose reify failed optional dependency /home/user/frontend/node_modules/@unrs/resolver-binding-linux-riscv64-gnu
43 silly reify mark deleted [
43 silly reify   '/home/user/frontend/node_modules/@unrs/resolver-binding-linux-riscv64-gnu'
43 silly reify ]
44 verbose reify failed optional dependency /home/user/frontend/node_modules/@unrs/resolver-binding-linux-ppc64-gnu
45 silly reify mark deleted [
45 silly reify   '/home/user/frontend/node_modules/@unrs/resolver-binding-linux-ppc64-gnu'
45 silly reify ]
46 verbose reify failed optional dependency /home/user/frontend/node_modules/@unrs/resolver-binding-linux-loong64-musl
47 silly reify mark deleted [
47 silly reify   '/home/user/frontend/node_modules/@unrs/resolver-binding-linux-loong64-musl'
47 silly reify ]
48 verbose reify failed optional dependency /home/user/frontend/node_modules/@unrs/resolver-binding-linux-loong64-gnu
49 silly reify mark deleted [
49 silly reify   '/home/user/frontend/node_modules/@unrs/resolver-binding-linux-loong64-gnu'
49 silly reify ]
50 verbose reify failed optional dependency /home/user/frontend/node_modules/@unrs/resolver-binding-linux-arm64-musl
51 silly reify mark deleted [
51 silly reify   '/home/user/frontend/node_modules/@unrs/resolver-binding-linux-arm64-musl'
51 silly reify ]
52 verbose reify failed optional dependency /home/user/frontend/node_modules/@unrs/resolver-binding-linux-arm64-gnu
53 silly reify mark deleted [
53 silly reify   '/home/user/frontend/node_modules/@unrs/resolver-binding-linux-arm64-gnu'
53 silly reify ]
54 verbose reify failed optional dependency /home/user/frontend/node_modules/@unrs/resolver-binding-linux-arm-musleabihf
55 silly reify mark deleted [
55 silly reify   '/home/user/frontend/node_modules/@unrs/resolver-binding-linux-arm-musleabihf'
55 silly reify ]
56 verbose reify failed optional dependency /home/user/frontend/node_modules/@unrs/resolver-binding-linux-arm-gnueabihf
57 silly reify mark deleted [
57 silly reify   '/home/user/frontend/node_modules/@unrs/resolver-binding-linux-arm-gnueabihf'
57 silly reify ]
58 verbose reify failed optional dependency /home/user/frontend/node_modules/@unrs/resolver-binding-freebsd-x64
59 silly reify mark deleted [
59 silly reify   '/home/user/frontend/node_modules/@unrs/resolver-binding-freebsd-x64'
59 silly reify ]
60 verbose reify failed optional dependency /home/user/frontend/node_modules/@unrs/resolver-binding-darwin-x64
61 silly reify mark deleted [
61 silly reify   '/home/user/frontend/node_modules/@unrs/resolver-binding-darwin-x64'
61 silly reify ]
62 verbose reify failed optional dependency /home/user/frontend/node_modules/@unrs/resolver-binding-darwin-arm64
63 silly reify mark deleted [
63 silly reify   '/home/user/frontend/node_modules/@unrs/resolver-binding-darwin-arm64'
63 silly reify ]
64 verbose reify failed optional dependency /home/user/frontend/node_modules/@unrs/resolver-binding-android-arm64
65 silly reify mark deleted [
65 silly reify   '/home/user/frontend/node_modules/@unrs/resolver-binding-android-arm64'
65 silly reify ]
66 verbose reify failed optional dependency /home/user/frontend/node_modules/@unrs/resolver-binding-android-arm-eabi
67 silly reify mark deleted [
67 silly reify   '/home/user/frontend/node_modules/@unrs/resolver-binding-android-arm-eabi'
67 silly reify ]
68 verbose reify failed optional dependency /home/user/frontend/node_modules/@next/swc-win32-x64-msvc
69 silly reify mark deleted [ '/home/user/frontend/node_modules/@next/swc-win32-x64-msvc' ]
70 verbose reify failed optional dependency /home/user/frontend/node_modules/@next/swc-win32-arm64-msvc
71 silly reify mark deleted [ '/home/user/frontend/node_modules/@next/swc-win32-arm64-msvc' ]
72 verbose reify failed optional dependency /home/user/frontend/node_modules/@next/swc-linux-arm64-musl
73 silly reify mark deleted [ '/home/user/frontend/node_modules/@next/swc-linux-arm64-musl' ]
74 verbose reify failed optional dependency /home/user/frontend/node_modules/@next/swc-linux-arm64-gnu
75 silly reify mark deleted [ '/home/user/frontend/node_modules/@next/swc-linux-arm64-gnu' ]
76 verbose reify failed optional dependency /home/user/frontend/node_modules/@next/swc-darwin-x64
77 silly reify mark deleted [ '/home/user/frontend/node_modules/@next/swc-darwin-x64' ]
78 verbose reify failed optional dependency /home/user/frontend/node_modules/@next/swc-darwin-arm64
79 silly reify mark deleted [ '/home/user/frontend/node_modules/@next/swc-darwin-arm64' ]
80 verbose reify failed optional dependency /home/user/frontend/node_modules/@img/sharp-win32-x64
81 silly reify mark deleted [ '/home/user/frontend/node_modules/@img/sharp-win32-x64' ]
82 verbose reify failed optional dependency /home/user/frontend/node_modules/@img/sharp-win32-ia32
83 silly reify mark deleted [ '/home/user/frontend/node_modules/@img/sharp-win32-ia32' ]
84 verbose reify failed optional dependency /home/user/frontend/node_modules/@img/sharp-wasm32
85 silly reify mark deleted [ '/home/user/frontend/node_modules/@img/sharp-wasm32' ]
86 verbose reify failed optional dependency /home/user/frontend/node_modules/@img/sharp-linuxmusl-arm64
87 silly reify mark deleted [ '/home/user/frontend/node_modules/@img/sharp-linuxmusl-arm64' ]
88 verbose reify failed optional dependency /home/user/frontend/node_modules/@img/sharp-linux-s390x
89 silly reify mark deleted [ '/home/user/frontend/node_modules/@img/sharp-linux-s390x' ]
90 verbose reify failed optional dependency /home/user/frontend/node_modules/@img/sharp-linux-arm64
91 silly reify mark deleted [ '/home/user/frontend/node_modules/@img/sharp-linux-arm64' ]
92 verbose reify failed optional dependency /home/user/frontend/node_modules/@img/sharp-linux-arm
93 silly reify mark deleted [ '/home/user/frontend/node_modules/@img/sharp-linux-arm' ]
94 verbose reify failed optional dependency /home/user/frontend/node_modules/@img/sharp-libvips-linuxmusl-arm64
95 silly reify mark deleted [
95 silly reify   '/home/user/frontend/node_modules/@img/sharp-libvips-linuxmusl-arm64'
95 silly reify ]
96 verbose reify failed optional dependency /home/user/frontend/node_modules/@img/sharp-libvips-linux-s390x
97 silly reify mark deleted [ '/home/user/frontend/node_modules/@img/sharp-libvips-linux-s390x' ]
98 verbose reify failed optional dependency /home/user/frontend/node_modules/@img/sharp-libvips-linux-arm64
99 silly reify mark deleted [ '/home/user/frontend/node_modules/@img/sharp-libvips-linux-arm64' ]
100 verbose reify failed optional dependency /home/user/frontend/node_modules/@img/sharp-libvips-linux-arm
101 silly reify mark deleted [ '/home/user/frontend/node_modules/@img/sharp-libvips-linux-arm' ]
102 verbose reify failed optional dependency /home/user/frontend/node_modules/@img/sharp-libvips-darwin-x64
103 silly reify mark deleted [ '/home/user/frontend/node_modules/@img/sharp-libvips-darwin-x64' ]
104 verbose reify failed optional dependency /home/user/frontend/node_modules/@img/sharp-libvips-darwin-arm64
105 silly reify mark deleted [ '/home/user/frontend/node_modules/@img/sharp-libvips-darwin-arm64' ]
106 verbose reify failed optional dependency /home/user/frontend/node_modules/@img/sharp-darwin-x64
107 silly reify mark deleted [ '/home/user/frontend/node_modules/@img/sharp-darwin-x64' ]
108 verbose reify failed optional dependency /home/user/frontend/node_modules/@img/sharp-darwin-arm64
109 silly reify mark deleted [ '/home/user/frontend/node_modules/@img/sharp-darwin-arm64' ]
110 silly tarball no local data for yocto-queue@https://registry.npmjs.org/yocto-queue/-/yocto-queue-0.1.0.tgz. Extracting by manifest.
111 silly tarball no local data for ws@https://registry.npmjs.org/ws/-/ws-8.21.0.tgz. Extracting by manifest.
112 silly tarball no local data for wrappy@https://registry.npmjs.org/wrappy/-/wrappy-1.0.2.tgz. Extracting by manifest.
113 silly tarball no local data for word-wrap@https://registry.npmjs.org/word-wrap/-/word-wrap-1.2.5.tgz. Extracting by manifest.
114 silly tarball no local data for which-typed-array@https://registry.npmjs.org/which-typed-array/-/which-typed-array-1.1.24.tgz. Extracting by manifest.
115 silly tarball no local data for which-collection@https://registry.npmjs.org/which-collection/-/which-collection-1.0.2.tgz. Extracting by manifest.
116 silly tarball no local data for which-builtin-type@https://registry.npmjs.org/which-builtin-type/-/which-builtin-type-1.2.1.tgz. Extracting by manifest.
117 silly tarball no local data for which-boxed-primitive@https://registry.npmjs.org/which-boxed-primitive/-/which-boxed-primitive-1.1.1.tgz. Extracting by manifest.
118 silly tarball no local data for which@https://registry.npmjs.org/which/-/which-2.0.2.tgz. Extracting by manifest.
119 silly tarball no local data for viem@https://registry.npmjs.org/viem/-/viem-2.56.8.tgz. Extracting by manifest.
120 silly tarball no local data for util-deprecate@https://registry.npmjs.org/util-deprecate/-/util-deprecate-1.0.2.tgz. Extracting by manifest.
121 silly tarball no local data for uri-js@https://registry.npmjs.org/uri-js/-/uri-js-4.4.1.tgz. Extracting by manifest.
122 silly tarball no local data for update-browserslist-db@https://registry.npmjs.org/update-browserslist-db/-/update-browserslist-db-1.3.3.tgz. Extracting by manifest.
123 silly tarball no local data for unrs-resolver@https://registry.npmjs.org/unrs-resolver/-/unrs-resolver-1.12.2.tgz. Extracting by manifest.
124 silly tarball no local data for undici-types@https://registry.npmjs.org/undici-types/-/undici-types-6.21.0.tgz. Extracting by manifest.
125 silly tarball no local data for unbox-primitive@https://registry.npmjs.org/unbox-primitive/-/unbox-primitive-1.1.0.tgz. Extracting by manifest.
126 silly tarball no local data for typescript@https://registry.npmjs.org/typescript/-/typescript-5.9.3.tgz. Extracting by manifest.
127 silly tarball no local data for typed-array-length@https://registry.npmjs.org/typed-array-length/-/typed-array-length-1.0.8.tgz. Extracting by manifest.
128 silly tarball no local data for typed-array-byte-offset@https://registry.npmjs.org/typed-array-byte-offset/-/typed-array-byte-offset-1.0.5.tgz. Extracting by manifest.
129 silly tarball no local data for typed-array-byte-length@https://registry.npmjs.org/typed-array-byte-length/-/typed-array-byte-length-1.0.3.tgz. Extracting by manifest.
130 silly tarball no local data for typed-array-buffer@https://registry.npmjs.org/typed-array-buffer/-/typed-array-buffer-1.0.3.tgz. Extracting by manifest.
131 silly tarball no local data for type-fest@https://registry.npmjs.org/type-fest/-/type-fest-0.20.2.tgz. Extracting by manifest.
132 silly tarball no local data for type-check@https://registry.npmjs.org/type-check/-/type-check-0.4.0.tgz. Extracting by manifest.
133 silly tarball no local data for tslib@https://registry.npmjs.org/tslib/-/tslib-2.8.1.tgz. Extracting by manifest.
134 silly tarball no local data for tsconfig-paths@https://registry.npmjs.org/tsconfig-paths/-/tsconfig-paths-3.15.0.tgz. Extracting by manifest.
135 silly tarball no local data for ts-interface-checker@https://registry.npmjs.org/ts-interface-checker/-/ts-interface-checker-0.1.13.tgz. Extracting by manifest.
136 silly tarball no local data for ts-api-utils@https://registry.npmjs.org/ts-api-utils/-/ts-api-utils-2.5.0.tgz. Extracting by manifest.
137 silly tarball no local data for to-regex-range@https://registry.npmjs.org/to-regex-range/-/to-regex-range-5.0.1.tgz. Extracting by manifest.
138 silly tarball no local data for tinyglobby@https://registry.npmjs.org/tinyglobby/-/tinyglobby-0.2.17.tgz. Extracting by manifest.
139 silly tarball no local data for thenify-all@https://registry.npmjs.org/thenify-all/-/thenify-all-1.6.0.tgz. Extracting by manifest.
140 silly tarball no local data for thenify@https://registry.npmjs.org/thenify/-/thenify-3.3.1.tgz. Extracting by manifest.
141 silly tarball no local data for text-table@https://registry.npmjs.org/text-table/-/text-table-0.2.0.tgz. Extracting by manifest.
142 silly tarball no local data for tailwindcss@https://registry.npmjs.org/tailwindcss/-/tailwindcss-3.4.19.tgz. Extracting by manifest.
143 silly tarball no local data for supports-preserve-symlinks-flag@https://registry.npmjs.org/supports-preserve-symlinks-flag/-/supports-preserve-symlinks-flag-1.0.0.tgz. Extracting by manifest.
144 silly tarball no local data for supports-color@https://registry.npmjs.org/supports-color/-/supports-color-7.2.0.tgz. Extracting by manifest.
145 silly tarball no local data for sucrase@https://registry.npmjs.org/sucrase/-/sucrase-3.35.1.tgz. Extracting by manifest.
146 silly tarball no local data for styled-jsx@https://registry.npmjs.org/styled-jsx/-/styled-jsx-5.1.6.tgz. Extracting by manifest.
147 silly tarball no local data for strip-json-comments@https://registry.npmjs.org/strip-json-comments/-/strip-json-comments-3.1.1.tgz. Extracting by manifest.
148 silly tarball no local data for strip-bom@https://registry.npmjs.org/strip-bom/-/strip-bom-3.0.0.tgz. Extracting by manifest.
149 silly tarball no local data for strip-ansi@https://registry.npmjs.org/strip-ansi/-/strip-ansi-6.0.1.tgz. Extracting by manifest.
150 silly tarball no local data for string.prototype.trimstart@https://registry.npmjs.org/string.prototype.trimstart/-/string.prototype.trimstart-1.0.8.tgz. Extracting by manifest.
151 silly tarball no local data for string.prototype.trimend@https://registry.npmjs.org/string.prototype.trimend/-/string.prototype.trimend-1.0.10.tgz. Extracting by manifest.
152 silly tarball no local data for string.prototype.trim@https://registry.npmjs.org/string.prototype.trim/-/string.prototype.trim-1.2.11.tgz. Extracting by manifest.
153 silly tarball no local data for string.prototype.repeat@https://registry.npmjs.org/string.prototype.repeat/-/string.prototype.repeat-1.0.0.tgz. Extracting by manifest.
154 silly tarball no local data for string.prototype.matchall@https://registry.npmjs.org/string.prototype.matchall/-/string.prototype.matchall-4.1.0.tgz. Extracting by manifest.
155 silly tarball no local data for string.prototype.includes@https://registry.npmjs.org/string.prototype.includes/-/string.prototype.includes-2.0.1.tgz. Extracting by manifest.
156 silly tarball no local data for streamsearch@https://registry.npmjs.org/streamsearch/-/streamsearch-1.1.0.tgz. Extracting by manifest.
157 silly tarball no local data for stop-iteration-iterator@https://registry.npmjs.org/stop-iteration-iterator/-/stop-iteration-iterator-1.1.0.tgz. Extracting by manifest.
158 silly tarball no local data for stable-hash@https://registry.npmjs.org/stable-hash/-/stable-hash-0.0.5.tgz. Extracting by manifest.
159 silly tarball no local data for source-map-js@https://registry.npmjs.org/source-map-js/-/source-map-js-1.2.1.tgz. Extracting by manifest.
160 silly tarball no local data for simple-swizzle@https://registry.npmjs.org/simple-swizzle/-/simple-swizzle-0.2.4.tgz. Extracting by manifest.
161 silly tarball no local data for side-channel-weakmap@https://registry.npmjs.org/side-channel-weakmap/-/side-channel-weakmap-1.0.2.tgz. Extracting by manifest.
162 silly tarball no local data for side-channel-map@https://registry.npmjs.org/side-channel-map/-/side-channel-map-1.0.1.tgz. Extracting by manifest.
163 silly tarball no local data for side-channel-list@https://registry.npmjs.org/side-channel-list/-/side-channel-list-1.0.1.tgz. Extracting by manifest.
164 silly tarball no local data for side-channel@https://registry.npmjs.org/side-channel/-/side-channel-1.1.1.tgz. Extracting by manifest.
165 silly tarball no local data for shebang-regex@https://registry.npmjs.org/shebang-regex/-/shebang-regex-3.0.0.tgz. Extracting by manifest.
166 silly tarball no local data for shebang-command@https://registry.npmjs.org/shebang-command/-/shebang-command-2.0.0.tgz. Extracting by manifest.
167 silly tarball no local data for sharp@https://registry.npmjs.org/sharp/-/sharp-0.33.5.tgz. Extracting by manifest.
168 silly tarball no local data for set-proto@https://registry.npmjs.org/set-proto/-/set-proto-1.0.0.tgz. Extracting by manifest.
169 silly tarball no local data for set-function-name@https://registry.npmjs.org/set-function-name/-/set-function-name-2.0.2.tgz. Extracting by manifest.
170 silly tarball no local data for set-function-length@https://registry.npmjs.org/set-function-length/-/set-function-length-1.2.2.tgz. Extracting by manifest.
171 silly tarball no local data for semver@https://registry.npmjs.org/semver/-/semver-7.8.5.tgz. Extracting by manifest.
172 silly tarball no local data for scheduler@https://registry.npmjs.org/scheduler/-/scheduler-0.23.2.tgz. Extracting by manifest.
173 silly tarball no local data for safe-regex-test@https://registry.npmjs.org/safe-regex-test/-/safe-regex-test-1.1.0.tgz. Extracting by manifest.
174 silly tarball no local data for safe-push-apply@https://registry.npmjs.org/safe-push-apply/-/safe-push-apply-1.0.0.tgz. Extracting by manifest.
175 silly tarball no local data for safe-array-concat@https://registry.npmjs.org/safe-array-concat/-/safe-array-concat-1.1.4.tgz. Extracting by manifest.
176 silly tarball no local data for run-parallel@https://registry.npmjs.org/run-parallel/-/run-parallel-1.2.0.tgz. Extracting by manifest.
177 silly tarball no local data for rimraf@https://registry.npmjs.org/rimraf/-/rimraf-3.0.2.tgz. Extracting by manifest.
178 silly tarball no local data for reusify@https://registry.npmjs.org/reusify/-/reusify-1.1.0.tgz. Extracting by manifest.
179 silly tarball no local data for resolve-pkg-maps@https://registry.npmjs.org/resolve-pkg-maps/-/resolve-pkg-maps-1.0.0.tgz. Extracting by manifest.
180 silly tarball no local data for resolve-from@https://registry.npmjs.org/resolve-from/-/resolve-from-4.0.0.tgz. Extracting by manifest.
181 silly tarball no local data for resolve@https://registry.npmjs.org/resolve/-/resolve-2.0.0-next.7.tgz. Extracting by manifest.
182 silly tarball no local data for regexp.prototype.flags@https://registry.npmjs.org/regexp.prototype.flags/-/regexp.prototype.flags-1.5.4.tgz. Extracting by manifest.
183 silly tarball no local data for reflect.getprototypeof@https://registry.npmjs.org/reflect.getprototypeof/-/reflect.getprototypeof-1.0.10.tgz. Extracting by manifest.
184 silly tarball no local data for readdirp@https://registry.npmjs.org/readdirp/-/readdirp-3.6.0.tgz. Extracting by manifest.
185 silly tarball no local data for read-cache@https://registry.npmjs.org/read-cache/-/read-cache-1.0.2.tgz. Extracting by manifest.
186 silly tarball no local data for react-is@https://registry.npmjs.org/react-is/-/react-is-16.13.1.tgz. Extracting by manifest.
187 silly tarball no local data for react-dom@https://registry.npmjs.org/react-dom/-/react-dom-18.3.1.tgz. Extracting by manifest.
188 silly tarball no local data for react@https://registry.npmjs.org/react/-/react-18.3.1.tgz. Extracting by manifest.
189 silly tarball no local data for queue-microtask@https://registry.npmjs.org/queue-microtask/-/queue-microtask-1.2.3.tgz. Extracting by manifest.
190 silly tarball no local data for punycode@https://registry.npmjs.org/punycode/-/punycode-2.3.1.tgz. Extracting by manifest.
191 silly tarball no local data for prop-types@https://registry.npmjs.org/prop-types/-/prop-types-15.8.1.tgz. Extracting by manifest.
192 silly tarball no local data for prelude-ls@https://registry.npmjs.org/prelude-ls/-/prelude-ls-1.2.1.tgz. Extracting by manifest.
193 silly tarball no local data for postcss-value-parser@https://registry.npmjs.org/postcss-value-parser/-/postcss-value-parser-4.2.0.tgz. Extracting by manifest.
194 silly tarball no local data for postcss-selector-parser@https://registry.npmjs.org/postcss-selector-parser/-/postcss-selector-parser-6.1.4.tgz. Extracting by manifest.
195 silly tarball no local data for postcss-nested@https://registry.npmjs.org/postcss-nested/-/postcss-nested-6.2.0.tgz. Extracting by manifest.
196 silly tarball no local data for postcss-load-config@https://registry.npmjs.org/postcss-load-config/-/postcss-load-config-6.0.1.tgz. Extracting by manifest.
197 silly tarball no local data for postcss-js@https://registry.npmjs.org/postcss-js/-/postcss-js-4.1.0.tgz. Extracting by manifest.
198 silly tarball no local data for postcss-import@https://registry.npmjs.org/postcss-import/-/postcss-import-15.1.0.tgz. Extracting by manifest.
199 silly tarball no local data for postcss@https://registry.npmjs.org/postcss/-/postcss-8.5.28.tgz. Extracting by manifest.
200 silly tarball no local data for possible-typed-array-names@https://registry.npmjs.org/possible-typed-array-names/-/possible-typed-array-names-1.1.0.tgz. Extracting by manifest.
201 silly tarball no local data for pirates@https://registry.npmjs.org/pirates/-/pirates-4.0.7.tgz. Extracting by manifest.
202 silly tarball no local data for picomatch@https://registry.npmjs.org/picomatch/-/picomatch-2.3.2.tgz. Extracting by manifest.
203 silly tarball no local data for picocolors@https://registry.npmjs.org/picocolors/-/picocolors-1.1.1.tgz. Extracting by manifest.
204 silly tarball no local data for path-parse@https://registry.npmjs.org/path-parse/-/path-parse-1.0.7.tgz. Extracting by manifest.
205 silly tarball no local data for path-key@https://registry.npmjs.org/path-key/-/path-key-3.1.1.tgz. Extracting by manifest.
206 silly tarball no local data for path-is-absolute@https://registry.npmjs.org/path-is-absolute/-/path-is-absolute-1.0.1.tgz. Extracting by manifest.
207 silly tarball no local data for path-exists@https://registry.npmjs.org/path-exists/-/path-exists-4.0.0.tgz. Extracting by manifest.
208 silly tarball no local data for parent-module@https://registry.npmjs.org/parent-module/-/parent-module-1.0.1.tgz. Extracting by manifest.
209 silly tarball no local data for p-locate@https://registry.npmjs.org/p-locate/-/p-locate-5.0.0.tgz. Extracting by manifest.
210 silly tarball no local data for p-limit@https://registry.npmjs.org/p-limit/-/p-limit-3.1.0.tgz. Extracting by manifest.
211 silly tarball no local data for ox@https://registry.npmjs.org/ox/-/ox-0.14.45.tgz. Extracting by manifest.
212 silly tarball no local data for own-keys@https://registry.npmjs.org/own-keys/-/own-keys-1.0.2.tgz. Extracting by manifest.
213 silly tarball no local data for optionator@https://registry.npmjs.org/optionator/-/optionator-0.9.4.tgz. Extracting by manifest.
214 silly tarball no local data for once@https://registry.npmjs.org/once/-/once-1.4.0.tgz. Extracting by manifest.
215 silly tarball no local data for object.values@https://registry.npmjs.org/object.values/-/object.values-1.2.1.tgz. Extracting by manifest.
216 silly tarball no local data for object.groupby@https://registry.npmjs.org/object.groupby/-/object.groupby-1.0.3.tgz. Extracting by manifest.
217 silly tarball no local data for object.fromentries@https://registry.npmjs.org/object.fromentries/-/object.fromentries-2.0.8.tgz. Extracting by manifest.
218 silly tarball no local data for object.entries@https://registry.npmjs.org/object.entries/-/object.entries-1.1.9.tgz. Extracting by manifest.
219 silly tarball no local data for object.assign@https://registry.npmjs.org/object.assign/-/object.assign-4.1.7.tgz. Extracting by manifest.
220 silly tarball no local data for object-keys@https://registry.npmjs.org/object-keys/-/object-keys-1.1.1.tgz. Extracting by manifest.
221 silly tarball no local data for object-inspect@https://registry.npmjs.org/object-inspect/-/object-inspect-1.13.4.tgz. Extracting by manifest.
222 silly tarball no local data for object-hash@https://registry.npmjs.org/object-hash/-/object-hash-3.0.0.tgz. Extracting by manifest.
223 silly tarball no local data for object-assign@https://registry.npmjs.org/object-assign/-/object-assign-4.1.1.tgz. Extracting by manifest.
224 silly tarball no local data for normalize-path@https://registry.npmjs.org/normalize-path/-/normalize-path-3.0.0.tgz. Extracting by manifest.
225 silly tarball no local data for node-releases@https://registry.npmjs.org/node-releases/-/node-releases-2.0.56.tgz. Extracting by manifest.
226 silly tarball no local data for node-exports-info@https://registry.npmjs.org/node-exports-info/-/node-exports-info-1.6.2.tgz. Extracting by manifest.
227 silly tarball no local data for next@https://registry.npmjs.org/next/-/next-15.0.3.tgz. Extracting by manifest.
228 silly tarball no local data for natural-compare@https://registry.npmjs.org/natural-compare/-/natural-compare-1.4.0.tgz. Extracting by manifest.
229 silly tarball no local data for napi-postinstall@https://registry.npmjs.org/napi-postinstall/-/napi-postinstall-0.3.4.tgz. Extracting by manifest.
230 silly tarball no local data for nanoid@https://registry.npmjs.org/nanoid/-/nanoid-3.3.19.tgz. Extracting by manifest.
231 silly tarball no local data for mz@https://registry.npmjs.org/mz/-/mz-2.7.0.tgz. Extracting by manifest.
232 silly tarball no local data for ms@https://registry.npmjs.org/ms/-/ms-2.1.3.tgz. Extracting by manifest.
233 silly tarball no local data for minimist@https://registry.npmjs.org/minimist/-/minimist-1.2.8.tgz. Extracting by manifest.
234 silly tarball no local data for minimatch@https://registry.npmjs.org/minimatch/-/minimatch-3.1.5.tgz. Extracting by manifest.
235 silly tarball no local data for micromatch@https://registry.npmjs.org/micromatch/-/micromatch-4.0.8.tgz. Extracting by manifest.
236 silly tarball no local data for merge2@https://registry.npmjs.org/merge2/-/merge2-1.4.1.tgz. Extracting by manifest.
237 silly tarball no local data for math-intrinsics@https://registry.npmjs.org/math-intrinsics/-/math-intrinsics-1.1.0.tgz. Extracting by manifest.
238 silly tarball no local data for loose-envify@https://registry.npmjs.org/loose-envify/-/loose-envify-1.4.0.tgz. Extracting by manifest.
239 silly tarball no local data for lodash.merge@https://registry.npmjs.org/lodash.merge/-/lodash.merge-4.6.2.tgz. Extracting by manifest.
240 silly tarball no local data for locate-path@https://registry.npmjs.org/locate-path/-/locate-path-6.0.0.tgz. Extracting by manifest.
241 silly tarball no local data for lines-and-columns@https://registry.npmjs.org/lines-and-columns/-/lines-and-columns-1.2.4.tgz. Extracting by manifest.
242 silly tarball no local data for lilconfig@https://registry.npmjs.org/lilconfig/-/lilconfig-3.1.3.tgz. Extracting by manifest.
243 silly tarball no local data for levn@https://registry.npmjs.org/levn/-/levn-0.4.1.tgz. Extracting by manifest.
244 silly tarball no local data for language-tags@https://registry.npmjs.org/language-tags/-/language-tags-1.0.9.tgz. Extracting by manifest.
245 silly tarball no local data for language-subtag-registry@https://registry.npmjs.org/language-subtag-registry/-/language-subtag-registry-0.3.23.tgz. Extracting by manifest.
246 silly tarball no local data for keyv@https://registry.npmjs.org/keyv/-/keyv-4.5.4.tgz. Extracting by manifest.
247 silly tarball no local data for jsx-ast-utils@https://registry.npmjs.org/jsx-ast-utils/-/jsx-ast-utils-3.3.5.tgz. Extracting by manifest.
248 silly tarball no local data for json5@https://registry.npmjs.org/json5/-/json5-1.0.2.tgz. Extracting by manifest.
249 silly tarball no local data for json-stable-stringify-without-jsonify@https://registry.npmjs.org/json-stable-stringify-without-jsonify/-/json-stable-stringify-without-jsonify-1.0.1.tgz. Extracting by manifest.
250 silly tarball no local data for json-schema-traverse@https://registry.npmjs.org/json-schema-traverse/-/json-schema-traverse-0.4.1.tgz. Extracting by manifest.
251 silly tarball no local data for json-buffer@https://registry.npmjs.org/json-buffer/-/json-buffer-3.0.1.tgz. Extracting by manifest.
252 silly tarball no local data for js-yaml@https://registry.npmjs.org/js-yaml/-/js-yaml-4.3.2.tgz. Extracting by manifest.
253 silly tarball no local data for js-tokens@https://registry.npmjs.org/js-tokens/-/js-tokens-4.0.0.tgz. Extracting by manifest.
254 silly tarball no local data for jiti@https://registry.npmjs.org/jiti/-/jiti-1.21.7.tgz. Extracting by manifest.
255 silly tarball no local data for iterator.prototype@https://registry.npmjs.org/iterator.prototype/-/iterator.prototype-1.1.5.tgz. Extracting by manifest.
256 silly tarball no local data for isows@https://registry.npmjs.org/isows/-/isows-1.0.7.tgz. Extracting by manifest.
257 silly tarball no local data for isexe@https://registry.npmjs.org/isexe/-/isexe-2.0.0.tgz. Extracting by manifest.
258 silly tarball no local data for isarray@https://registry.npmjs.org/isarray/-/isarray-2.0.5.tgz. Extracting by manifest.
259 silly tarball no local data for is-weakset@https://registry.npmjs.org/is-weakset/-/is-weakset-2.0.4.tgz. Extracting by manifest.
260 silly tarball no local data for is-weakref@https://registry.npmjs.org/is-weakref/-/is-weakref-1.1.1.tgz. Extracting by manifest.
261 silly tarball no local data for is-weakmap@https://registry.npmjs.org/is-weakmap/-/is-weakmap-2.0.2.tgz. Extracting by manifest.
262 silly tarball no local data for is-typed-array@https://registry.npmjs.org/is-typed-array/-/is-typed-array-1.1.15.tgz. Extracting by manifest.
263 silly tarball no local data for is-symbol@https://registry.npmjs.org/is-symbol/-/is-symbol-1.1.1.tgz. Extracting by manifest.
264 silly tarball no local data for is-string@https://registry.npmjs.org/is-string/-/is-string-1.1.1.tgz. Extracting by manifest.
265 silly tarball no local data for is-shared-array-buffer@https://registry.npmjs.org/is-shared-array-buffer/-/is-shared-array-buffer-1.0.4.tgz. Extracting by manifest.
266 silly tarball no local data for is-set@https://registry.npmjs.org/is-set/-/is-set-2.0.3.tgz. Extracting by manifest.
267 silly tarball no local data for is-regex@https://registry.npmjs.org/is-regex/-/is-regex-1.2.1.tgz. Extracting by manifest.
268 silly tarball no local data for is-path-inside@https://registry.npmjs.org/is-path-inside/-/is-path-inside-3.0.3.tgz. Extracting by manifest.
269 silly tarball no local data for is-number-object@https://registry.npmjs.org/is-number-object/-/is-number-object-1.1.1.tgz. Extracting by manifest.
270 silly tarball no local data for is-number@https://registry.npmjs.org/is-number/-/is-number-7.0.0.tgz. Extracting by manifest.
271 silly tarball no local data for is-negative-zero@https://registry.npmjs.org/is-negative-zero/-/is-negative-zero-2.0.3.tgz. Extracting by manifest.
272 silly tarball no local data for is-map@https://registry.npmjs.org/is-map/-/is-map-2.0.3.tgz. Extracting by manifest.
273 silly tarball no local data for is-glob@https://registry.npmjs.org/is-glob/-/is-glob-4.0.3.tgz. Extracting by manifest.
274 silly tarball no local data for is-generator-function@https://registry.npmjs.org/is-generator-function/-/is-generator-function-1.1.2.tgz. Extracting by manifest.
275 silly tarball no local data for is-finalizationregistry@https://registry.npmjs.org/is-finalizationregistry/-/is-finalizationregistry-1.1.1.tgz. Extracting by manifest.
276 silly tarball no local data for is-extglob@https://registry.npmjs.org/is-extglob/-/is-extglob-2.1.1.tgz. Extracting by manifest.
277 silly tarball no local data for is-document.all@https://registry.npmjs.org/is-document.all/-/is-document.all-1.0.0.tgz. Extracting by manifest.
278 silly tarball no local data for is-date-object@https://registry.npmjs.org/is-date-object/-/is-date-object-1.1.0.tgz. Extracting by manifest.
279 silly tarball no local data for is-data-view@https://registry.npmjs.org/is-data-view/-/is-data-view-1.0.2.tgz. Extracting by manifest.
280 silly tarball no local data for is-core-module@https://registry.npmjs.org/is-core-module/-/is-core-module-2.17.0.tgz. Extracting by manifest.
281 silly tarball no local data for is-callable@https://registry.npmjs.org/is-callable/-/is-callable-1.2.7.tgz. Extracting by manifest.
282 silly tarball no local data for is-bun-module@https://registry.npmjs.org/is-bun-module/-/is-bun-module-2.0.0.tgz. Extracting by manifest.
283 silly tarball no local data for is-boolean-object@https://registry.npmjs.org/is-boolean-object/-/is-boolean-object-1.2.2.tgz. Extracting by manifest.
284 silly tarball no local data for is-binary-path@https://registry.npmjs.org/is-binary-path/-/is-binary-path-2.1.0.tgz. Extracting by manifest.
285 silly tarball no local data for is-bigint@https://registry.npmjs.org/is-bigint/-/is-bigint-1.1.0.tgz. Extracting by manifest.
286 silly tarball no local data for is-async-function@https://registry.npmjs.org/is-async-function/-/is-async-function-2.1.1.tgz. Extracting by manifest.
287 silly tarball no local data for is-arrayish@https://registry.npmjs.org/is-arrayish/-/is-arrayish-0.3.4.tgz. Extracting by manifest.
288 silly tarball no local data for is-array-buffer@https://registry.npmjs.org/is-array-buffer/-/is-array-buffer-3.0.5.tgz. Extracting by manifest.
289 silly tarball no local data for internal-slot@https://registry.npmjs.org/internal-slot/-/internal-slot-1.1.0.tgz. Extracting by manifest.
290 silly tarball no local data for inherits@https://registry.npmjs.org/inherits/-/inherits-2.0.4.tgz. Extracting by manifest.
291 silly tarball no local data for inflight@https://registry.npmjs.org/inflight/-/inflight-1.0.6.tgz. Extracting by manifest.
292 silly tarball no local data for imurmurhash@https://registry.npmjs.org/imurmurhash/-/imurmurhash-0.1.4.tgz. Extracting by manifest.
293 silly tarball no local data for import-fresh@https://registry.npmjs.org/import-fresh/-/import-fresh-3.3.1.tgz. Extracting by manifest.
294 silly tarball no local data for ignore@https://registry.npmjs.org/ignore/-/ignore-5.3.2.tgz. Extracting by manifest.
295 silly tarball no local data for hasown@https://registry.npmjs.org/hasown/-/hasown-2.0.4.tgz. Extracting by manifest.
296 silly tarball no local data for has-tostringtag@https://registry.npmjs.org/has-tostringtag/-/has-tostringtag-1.0.2.tgz. Extracting by manifest.
297 silly tarball no local data for has-symbols@https://registry.npmjs.org/has-symbols/-/has-symbols-1.1.0.tgz. Extracting by manifest.
298 silly tarball no local data for has-proto@https://registry.npmjs.org/has-proto/-/has-proto-1.2.0.tgz. Extracting by manifest.
299 silly tarball no local data for has-property-descriptors@https://registry.npmjs.org/has-property-descriptors/-/has-property-descriptors-1.0.2.tgz. Extracting by manifest.
300 silly tarball no local data for has-flag@https://registry.npmjs.org/has-flag/-/has-flag-4.0.0.tgz. Extracting by manifest.
301 silly tarball no local data for has-bigints@https://registry.npmjs.org/has-bigints/-/has-bigints-1.1.0.tgz. Extracting by manifest.
302 silly tarball no local data for graphemer@https://registry.npmjs.org/graphemer/-/graphemer-1.4.0.tgz. Extracting by manifest.
303 silly tarball no local data for gopd@https://registry.npmjs.org/gopd/-/gopd-1.2.0.tgz. Extracting by manifest.
304 silly tarball no local data for globalthis@https://registry.npmjs.org/globalthis/-/globalthis-1.0.4.tgz. Extracting by manifest.
305 silly tarball no local data for globals@https://registry.npmjs.org/globals/-/globals-13.24.0.tgz. Extracting by manifest.
306 silly tarball no local data for glob-parent@https://registry.npmjs.org/glob-parent/-/glob-parent-6.0.2.tgz. Extracting by manifest.
307 silly tarball no local data for glob@https://registry.npmjs.org/glob/-/glob-7.2.3.tgz. Extracting by manifest.
308 silly tarball no local data for get-tsconfig@https://registry.npmjs.org/get-tsconfig/-/get-tsconfig-4.14.3.tgz. Extracting by manifest.
309 silly tarball no local data for get-symbol-description@https://registry.npmjs.org/get-symbol-description/-/get-symbol-description-1.1.0.tgz. Extracting by manifest.
310 silly tarball no local data for get-proto@https://registry.npmjs.org/get-proto/-/get-proto-1.0.1.tgz. Extracting by manifest.
311 silly tarball no local data for get-intrinsic@https://registry.npmjs.org/get-intrinsic/-/get-intrinsic-1.3.0.tgz. Extracting by manifest.
312 silly tarball no local data for genlayer-js@https://registry.npmjs.org/genlayer-js/-/genlayer-js-0.1.2.tgz. Extracting by manifest.
313 silly tarball no local data for generator-function@https://registry.npmjs.org/generator-function/-/generator-function-2.0.1.tgz. Extracting by manifest.
314 silly tarball no local data for functions-have-names@https://registry.npmjs.org/functions-have-names/-/functions-have-names-1.2.3.tgz. Extracting by manifest.
315 silly tarball no local data for function.prototype.name@https://registry.npmjs.org/function.prototype.name/-/function.prototype.name-1.2.0.tgz. Extracting by manifest.
316 silly tarball no local data for function-bind@https://registry.npmjs.org/function-bind/-/function-bind-1.1.2.tgz. Extracting by manifest.
317 silly tarball no local data for fs.realpath@https://registry.npmjs.org/fs.realpath/-/fs.realpath-1.0.0.tgz. Extracting by manifest.
318 silly tarball no local data for fraction.js@https://registry.npmjs.org/fraction.js/-/fraction.js-5.3.4.tgz. Extracting by manifest.
319 silly tarball no local data for for-each@https://registry.npmjs.org/for-each/-/for-each-0.3.5.tgz. Extracting by manifest.
320 silly tarball no local data for flatted@https://registry.npmjs.org/flatted/-/flatted-3.4.4.tgz. Extracting by manifest.
321 silly tarball no local data for flat-cache@https://registry.npmjs.org/flat-cache/-/flat-cache-3.2.0.tgz. Extracting by manifest.
322 silly tarball no local data for find-up@https://registry.npmjs.org/find-up/-/find-up-5.0.0.tgz. Extracting by manifest.
323 silly tarball no local data for fill-range@https://registry.npmjs.org/fill-range/-/fill-range-7.1.1.tgz. Extracting by manifest.
324 silly tarball no local data for file-entry-cache@https://registry.npmjs.org/file-entry-cache/-/file-entry-cache-6.0.1.tgz. Extracting by manifest.
325 silly tarball no local data for fastq@https://registry.npmjs.org/fastq/-/fastq-1.20.3.tgz. Extracting by manifest.
326 silly tarball no local data for fast-levenshtein@https://registry.npmjs.org/fast-levenshtein/-/fast-levenshtein-2.0.6.tgz. Extracting by manifest.
327 silly tarball no local data for fast-json-stable-stringify@https://registry.npmjs.org/fast-json-stable-stringify/-/fast-json-stable-stringify-2.1.0.tgz. Extracting by manifest.
328 silly tarball no local data for fast-glob@https://registry.npmjs.org/fast-glob/-/fast-glob-3.3.1.tgz. Extracting by manifest.
329 silly tarball no local data for fast-deep-equal@https://registry.npmjs.org/fast-deep-equal/-/fast-deep-equal-3.1.3.tgz. Extracting by manifest.
330 silly tarball no local data for eventemitter3@https://registry.npmjs.org/eventemitter3/-/eventemitter3-5.0.1.tgz. Extracting by manifest.
331 silly tarball no local data for esutils@https://registry.npmjs.org/esutils/-/esutils-2.0.3.tgz. Extracting by manifest.
332 silly tarball no local data for estraverse@https://registry.npmjs.org/estraverse/-/estraverse-5.3.0.tgz. Extracting by manifest.
333 silly tarball no local data for esrecurse@https://registry.npmjs.org/esrecurse/-/esrecurse-4.3.0.tgz. Extracting by manifest.
334 silly tarball no local data for esquery@https://registry.npmjs.org/esquery/-/esquery-1.7.0.tgz. Extracting by manifest.
335 silly tarball no local data for espree@https://registry.npmjs.org/espree/-/espree-9.6.1.tgz. Extracting by manifest.
336 silly tarball no local data for eslint-visitor-keys@https://registry.npmjs.org/eslint-visitor-keys/-/eslint-visitor-keys-3.4.3.tgz. Extracting by manifest.
337 silly tarball no local data for eslint-scope@https://registry.npmjs.org/eslint-scope/-/eslint-scope-7.2.2.tgz. Extracting by manifest.
338 silly tarball no local data for eslint-plugin-react-hooks@https://registry.npmjs.org/eslint-plugin-react-hooks/-/eslint-plugin-react-hooks-5.2.0.tgz. Extracting by manifest.
339 silly tarball no local data for eslint-plugin-react@https://registry.npmjs.org/eslint-plugin-react/-/eslint-plugin-react-7.37.5.tgz. Extracting by manifest.
340 silly tarball no local data for eslint-plugin-jsx-a11y@https://registry.npmjs.org/eslint-plugin-jsx-a11y/-/eslint-plugin-jsx-a11y-6.10.2.tgz. Extracting by manifest.
341 silly tarball no local data for eslint-plugin-import@https://registry.npmjs.org/eslint-plugin-import/-/eslint-plugin-import-2.32.0.tgz. Extracting by manifest.
342 silly tarball no local data for eslint-module-utils@https://registry.npmjs.org/eslint-module-utils/-/eslint-module-utils-2.14.0.tgz. Extracting by manifest.
343 silly tarball no local data for eslint-import-resolver-typescript@https://registry.npmjs.org/eslint-import-resolver-typescript/-/eslint-import-resolver-typescript-3.10.1.tgz. Extracting by manifest.
344 silly tarball no local data for eslint-import-resolver-node@https://registry.npmjs.org/eslint-import-resolver-node/-/eslint-import-resolver-node-0.3.10.tgz. Extracting by manifest.
345 silly tarball no local data for eslint-config-next@https://registry.npmjs.org/eslint-config-next/-/eslint-config-next-15.0.3.tgz. Extracting by manifest.
346 silly tarball no local data for eslint@https://registry.npmjs.org/eslint/-/eslint-8.57.1.tgz. Extracting by manifest.
347 silly tarball no local data for escape-string-regexp@https://registry.npmjs.org/escape-string-regexp/-/escape-string-regexp-4.0.0.tgz. Extracting by manifest.
348 silly tarball no local data for escalade@https://registry.npmjs.org/escalade/-/escalade-3.2.0.tgz. Extracting by manifest.
349 silly tarball no local data for es-to-primitive@https://registry.npmjs.org/es-to-primitive/-/es-to-primitive-1.3.4.tgz. Extracting by manifest.
350 silly tarball no local data for es-shim-unscopables@https://registry.npmjs.org/es-shim-unscopables/-/es-shim-unscopables-1.1.0.tgz. Extracting by manifest.
351 silly tarball no local data for es-set-tostringtag@https://registry.npmjs.org/es-set-tostringtag/-/es-set-tostringtag-2.1.0.tgz. Extracting by manifest.
352 silly tarball no local data for es-object-atoms@https://registry.npmjs.org/es-object-atoms/-/es-object-atoms-1.1.2.tgz. Extracting by manifest.
353 silly tarball no local data for es-iterator-helpers@https://registry.npmjs.org/es-iterator-helpers/-/es-iterator-helpers-1.4.0.tgz. Extracting by manifest.
354 silly tarball no local data for es-errors@https://registry.npmjs.org/es-errors/-/es-errors-1.3.0.tgz. Extracting by manifest.
355 silly tarball no local data for es-define-property@https://registry.npmjs.org/es-define-property/-/es-define-property-1.0.1.tgz. Extracting by manifest.
356 silly tarball no local data for es-abstract-get@https://registry.npmjs.org/es-abstract-get/-/es-abstract-get-1.0.0.tgz. Extracting by manifest.
357 silly tarball no local data for es-abstract@https://registry.npmjs.org/es-abstract/-/es-abstract-1.24.2.tgz. Extracting by manifest.
358 silly tarball no local data for emoji-regex@https://registry.npmjs.org/emoji-regex/-/emoji-regex-9.2.2.tgz. Extracting by manifest.
359 silly tarball no local data for electron-to-chromium@https://registry.npmjs.org/electron-to-chromium/-/electron-to-chromium-1.5.434.tgz. Extracting by manifest.
360 silly tarball no local data for dunder-proto@https://registry.npmjs.org/dunder-proto/-/dunder-proto-1.0.1.tgz. Extracting by manifest.
361 silly tarball no local data for doctrine@https://registry.npmjs.org/doctrine/-/doctrine-3.0.0.tgz. Extracting by manifest.
362 silly tarball no local data for dlv@https://registry.npmjs.org/dlv/-/dlv-1.1.3.tgz. Extracting by manifest.
363 silly tarball no local data for didyoumean@https://registry.npmjs.org/didyoumean/-/didyoumean-1.2.2.tgz. Extracting by manifest.
364 silly tarball no local data for detect-libc@https://registry.npmjs.org/detect-libc/-/detect-libc-2.1.2.tgz. Extracting by manifest.
365 silly tarball no local data for define-properties@https://registry.npmjs.org/define-properties/-/define-properties-1.2.1.tgz. Extracting by manifest.
366 silly tarball no local data for define-data-property@https://registry.npmjs.org/define-data-property/-/define-data-property-1.1.4.tgz. Extracting by manifest.
367 silly tarball no local data for deep-is@https://registry.npmjs.org/deep-is/-/deep-is-0.1.4.tgz. Extracting by manifest.
368 silly tarball no local data for debug@https://registry.npmjs.org/debug/-/debug-4.4.3.tgz. Extracting by manifest.
369 silly tarball no local data for data-view-byte-offset@https://registry.npmjs.org/data-view-byte-offset/-/data-view-byte-offset-1.0.1.tgz. Extracting by manifest.
370 silly tarball no local data for data-view-byte-length@https://registry.npmjs.org/data-view-byte-length/-/data-view-byte-length-1.0.2.tgz. Extracting by manifest.
371 silly tarball no local data for data-view-buffer@https://registry.npmjs.org/data-view-buffer/-/data-view-buffer-1.0.2.tgz. Extracting by manifest.
372 silly tarball no local data for damerau-levenshtein@https://registry.npmjs.org/damerau-levenshtein/-/damerau-levenshtein-1.0.8.tgz. Extracting by manifest.
373 silly tarball no local data for csstype@https://registry.npmjs.org/csstype/-/csstype-3.2.3.tgz. Extracting by manifest.
374 silly tarball no local data for cssesc@https://registry.npmjs.org/cssesc/-/cssesc-3.0.0.tgz. Extracting by manifest.
375 silly tarball no local data for cross-spawn@https://registry.npmjs.org/cross-spawn/-/cross-spawn-7.0.6.tgz. Extracting by manifest.
376 silly tarball no local data for concat-map@https://registry.npmjs.org/concat-map/-/concat-map-0.0.1.tgz. Extracting by manifest.
377 silly tarball no local data for commander@https://registry.npmjs.org/commander/-/commander-4.1.1.tgz. Extracting by manifest.
378 silly tarball no local data for color-string@https://registry.npmjs.org/color-string/-/color-string-1.9.1.tgz. Extracting by manifest.
379 silly tarball no local data for color-name@https://registry.npmjs.org/color-name/-/color-name-1.1.4.tgz. Extracting by manifest.
380 silly tarball no local data for color-convert@https://registry.npmjs.org/color-convert/-/color-convert-2.0.1.tgz. Extracting by manifest.
381 silly tarball no local data for color@https://registry.npmjs.org/color/-/color-4.2.3.tgz. Extracting by manifest.
382 silly tarball no local data for client-only@https://registry.npmjs.org/client-only/-/client-only-0.0.1.tgz. Extracting by manifest.
383 silly tarball no local data for chokidar@https://registry.npmjs.org/chokidar/-/chokidar-3.6.0.tgz. Extracting by manifest.
384 silly tarball no local data for chalk@https://registry.npmjs.org/chalk/-/chalk-4.1.2.tgz. Extracting by manifest.
385 silly tarball no local data for caniuse-lite@https://registry.npmjs.org/caniuse-lite/-/caniuse-lite-1.0.30001810.tgz. Extracting by manifest.
386 silly tarball no local data for camelcase-css@https://registry.npmjs.org/camelcase-css/-/camelcase-css-2.0.1.tgz. Extracting by manifest.
387 silly tarball no local data for callsites@https://registry.npmjs.org/callsites/-/callsites-3.1.0.tgz. Extracting by manifest.
388 silly tarball no local data for call-bound@https://registry.npmjs.org/call-bound/-/call-bound-1.0.4.tgz. Extracting by manifest.
389 silly tarball no local data for call-bind-apply-helpers@https://registry.npmjs.org/call-bind-apply-helpers/-/call-bind-apply-helpers-1.0.2.tgz. Extracting by manifest.
390 silly tarball no local data for call-bind@https://registry.npmjs.org/call-bind/-/call-bind-1.0.9.tgz. Extracting by manifest.
391 silly tarball no local data for busboy@https://registry.npmjs.org/busboy/-/busboy-1.6.0.tgz. Extracting by manifest.
392 silly tarball no local data for browserslist@https://registry.npmjs.org/browserslist/-/browserslist-4.29.0.tgz. Extracting by manifest.
393 silly tarball no local data for braces@https://registry.npmjs.org/braces/-/braces-3.0.3.tgz. Extracting by manifest.
394 silly tarball no local data for brace-expansion@https://registry.npmjs.org/brace-expansion/-/brace-expansion-1.1.21.tgz. Extracting by manifest.
395 silly tarball no local data for binary-extensions@https://registry.npmjs.org/binary-extensions/-/binary-extensions-2.3.0.tgz. Extracting by manifest.
396 silly tarball no local data for baseline-browser-mapping@https://registry.npmjs.org/baseline-browser-mapping/-/baseline-browser-mapping-2.11.25.tgz. Extracting by manifest.
397 silly tarball no local data for balanced-match@https://registry.npmjs.org/balanced-match/-/balanced-match-1.0.2.tgz. Extracting by manifest.
398 silly tarball no local data for axobject-query@https://registry.npmjs.org/axobject-query/-/axobject-query-4.1.0.tgz. Extracting by manifest.
399 silly tarball no local data for axe-core@https://registry.npmjs.org/axe-core/-/axe-core-4.13.0.tgz. Extracting by manifest.
400 silly tarball no local data for available-typed-arrays@https://registry.npmjs.org/available-typed-arrays/-/available-typed-arrays-1.0.7.tgz. Extracting by manifest.
401 silly tarball no local data for autoprefixer@https://registry.npmjs.org/autoprefixer/-/autoprefixer-10.6.1.tgz. Extracting by manifest.
402 silly tarball no local data for async-function@https://registry.npmjs.org/async-function/-/async-function-1.0.0.tgz. Extracting by manifest.
403 silly tarball no local data for ast-types-flow@https://registry.npmjs.org/ast-types-flow/-/ast-types-flow-0.0.8.tgz. Extracting by manifest.
404 silly tarball no local data for arraybuffer.prototype.slice@https://registry.npmjs.org/arraybuffer.prototype.slice/-/arraybuffer.prototype.slice-1.0.4.tgz. Extracting by manifest.
405 silly tarball no local data for array.prototype.tosorted@https://registry.npmjs.org/array.prototype.tosorted/-/array.prototype.tosorted-1.1.4.tgz. Extracting by manifest.
406 silly tarball no local data for array.prototype.flatmap@https://registry.npmjs.org/array.prototype.flatmap/-/array.prototype.flatmap-1.3.3.tgz. Extracting by manifest.
407 silly tarball no local data for array.prototype.flat@https://registry.npmjs.org/array.prototype.flat/-/array.prototype.flat-1.3.3.tgz. Extracting by manifest.
408 silly tarball no local data for array.prototype.findlastindex@https://registry.npmjs.org/array.prototype.findlastindex/-/array.prototype.findlastindex-1.2.6.tgz. Extracting by manifest.
409 silly tarball no local data for array.prototype.findlast@https://registry.npmjs.org/array.prototype.findlast/-/array.prototype.findlast-1.2.5.tgz. Extracting by manifest.
410 silly tarball no local data for array-includes@https://registry.npmjs.org/array-includes/-/array-includes-3.2.0.tgz. Extracting by manifest.
411 silly tarball no local data for array-buffer-byte-length@https://registry.npmjs.org/array-buffer-byte-length/-/array-buffer-byte-length-1.0.2.tgz. Extracting by manifest.
412 silly tarball no local data for aria-query@https://registry.npmjs.org/aria-query/-/aria-query-5.3.2.tgz. Extracting by manifest.
413 silly tarball no local data for argparse@https://registry.npmjs.org/argparse/-/argparse-2.0.1.tgz. Extracting by manifest.
414 silly tarball no local data for arg@https://registry.npmjs.org/arg/-/arg-5.0.2.tgz. Extracting by manifest.
415 silly tarball no local data for anymatch@https://registry.npmjs.org/anymatch/-/anymatch-3.1.3.tgz. Extracting by manifest.
416 silly tarball no local data for any-promise@https://registry.npmjs.org/any-promise/-/any-promise-1.3.0.tgz. Extracting by manifest.
417 silly tarball no local data for ansi-styles@https://registry.npmjs.org/ansi-styles/-/ansi-styles-4.3.0.tgz. Extracting by manifest.
418 silly tarball no local data for ansi-regex@https://registry.npmjs.org/ansi-regex/-/ansi-regex-5.0.1.tgz. Extracting by manifest.
419 silly tarball no local data for ajv@https://registry.npmjs.org/ajv/-/ajv-6.15.0.tgz. Extracting by manifest.
420 silly tarball no local data for acorn-jsx@https://registry.npmjs.org/acorn-jsx/-/acorn-jsx-5.3.2.tgz. Extracting by manifest.
421 silly tarball no local data for acorn@https://registry.npmjs.org/acorn/-/acorn-8.18.0.tgz. Extracting by manifest.
422 silly tarball no local data for abitype@https://registry.npmjs.org/abitype/-/abitype-1.2.3.tgz. Extracting by manifest.
423 silly tarball no local data for @unrs/resolver-binding-linux-x64-musl@https://registry.npmjs.org/@unrs/resolver-binding-linux-x64-musl/-/resolver-binding-linux-x64-musl-1.12.2.tgz. Extracting by manifest.
424 silly tarball no local data for @unrs/resolver-binding-linux-x64-gnu@https://registry.npmjs.org/@unrs/resolver-binding-linux-x64-gnu/-/resolver-binding-linux-x64-gnu-1.12.2.tgz. Extracting by manifest.
425 silly tarball no local data for @ungap/structured-clone@https://registry.npmjs.org/@ungap/structured-clone/-/structured-clone-1.4.0.tgz. Extracting by manifest.
426 silly tarball no local data for @typescript-eslint/visitor-keys@https://registry.npmjs.org/@typescript-eslint/visitor-keys/-/visitor-keys-8.70.1.tgz. Extracting by manifest.
427 silly tarball no local data for @typescript-eslint/utils@https://registry.npmjs.org/@typescript-eslint/utils/-/utils-8.70.1.tgz. Extracting by manifest.
428 silly tarball no local data for @typescript-eslint/typescript-estree@https://registry.npmjs.org/@typescript-eslint/typescript-estree/-/typescript-estree-8.70.1.tgz. Extracting by manifest.
429 silly tarball no local data for @typescript-eslint/types@https://registry.npmjs.org/@typescript-eslint/types/-/types-8.70.1.tgz. Extracting by manifest.
430 silly tarball no local data for @typescript-eslint/type-utils@https://registry.npmjs.org/@typescript-eslint/type-utils/-/type-utils-8.70.1.tgz. Extracting by manifest.
431 silly tarball no local data for @typescript-eslint/tsconfig-utils@https://registry.npmjs.org/@typescript-eslint/tsconfig-utils/-/tsconfig-utils-8.70.1.tgz. Extracting by manifest.
432 silly tarball no local data for @typescript-eslint/scope-manager@https://registry.npmjs.org/@typescript-eslint/scope-manager/-/scope-manager-8.70.1.tgz. Extracting by manifest.
433 silly tarball no local data for @typescript-eslint/project-service@https://registry.npmjs.org/@typescript-eslint/project-service/-/project-service-8.70.1.tgz. Extracting by manifest.
434 silly tarball no local data for @typescript-eslint/parser@https://registry.npmjs.org/@typescript-eslint/parser/-/parser-8.70.1.tgz. Extracting by manifest.
435 silly tarball no local data for @typescript-eslint/eslint-plugin@https://registry.npmjs.org/@typescript-eslint/eslint-plugin/-/eslint-plugin-8.70.1.tgz. Extracting by manifest.
436 silly tarball no local data for @types/react-dom@https://registry.npmjs.org/@types/react-dom/-/react-dom-18.3.7.tgz. Extracting by manifest.
437 silly tarball no local data for @types/react@https://registry.npmjs.org/@types/react/-/react-18.3.31.tgz. Extracting by manifest.
438 silly tarball no local data for @types/prop-types@https://registry.npmjs.org/@types/prop-types/-/prop-types-15.7.15.tgz. Extracting by manifest.
439 silly tarball no local data for @types/node@https://registry.npmjs.org/@types/node/-/node-20.19.43.tgz. Extracting by manifest.
440 silly tarball no local data for @types/json5@https://registry.npmjs.org/@types/json5/-/json5-0.0.29.tgz. Extracting by manifest.
441 silly tarball no local data for @tybys/wasm-util@https://registry.npmjs.org/@tybys/wasm-util/-/wasm-util-0.10.4.tgz. Extracting by manifest.
442 silly tarball no local data for @swc/helpers@https://registry.npmjs.org/@swc/helpers/-/helpers-0.5.13.tgz. Extracting by manifest.
443 silly tarball no local data for @swc/counter@https://registry.npmjs.org/@swc/counter/-/counter-0.1.3.tgz. Extracting by manifest.
444 silly tarball no local data for @scure/bip39@https://registry.npmjs.org/@scure/bip39/-/bip39-1.6.0.tgz. Extracting by manifest.
445 silly tarball no local data for @scure/bip32@https://registry.npmjs.org/@scure/bip32/-/bip32-1.7.0.tgz. Extracting by manifest.
446 silly tarball no local data for @scure/base@https://registry.npmjs.org/@scure/base/-/base-1.2.6.tgz. Extracting by manifest.
447 silly tarball no local data for @rushstack/eslint-patch@https://registry.npmjs.org/@rushstack/eslint-patch/-/eslint-patch-1.16.1.tgz. Extracting by manifest.
448 silly tarball no local data for @rtsao/scc@https://registry.npmjs.org/@rtsao/scc/-/scc-1.1.0.tgz. Extracting by manifest.
449 silly tarball no local data for @nolyfill/is-core-module@https://registry.npmjs.org/@nolyfill/is-core-module/-/is-core-module-1.0.39.tgz. Extracting by manifest.
450 silly tarball no local data for @nodelib/fs.walk@https://registry.npmjs.org/@nodelib/fs.walk/-/fs.walk-1.2.8.tgz. Extracting by manifest.
451 silly tarball no local data for @nodelib/fs.stat@https://registry.npmjs.org/@nodelib/fs.stat/-/fs.stat-2.0.5.tgz. Extracting by manifest.
452 silly tarball no local data for @nodelib/fs.scandir@https://registry.npmjs.org/@nodelib/fs.scandir/-/fs.scandir-2.1.5.tgz. Extracting by manifest.
453 silly tarball no local data for @noble/hashes@https://registry.npmjs.org/@noble/hashes/-/hashes-1.8.0.tgz. Extracting by manifest.
454 silly tarball no local data for @noble/curves@https://registry.npmjs.org/@noble/curves/-/curves-1.9.1.tgz. Extracting by manifest.
455 silly tarball no local data for @noble/ciphers@https://registry.npmjs.org/@noble/ciphers/-/ciphers-1.3.0.tgz. Extracting by manifest.
456 silly tarball no local data for @next/swc-linux-x64-musl@https://registry.npmjs.org/@next/swc-linux-x64-musl/-/swc-linux-x64-musl-15.0.3.tgz. Extracting by manifest.
457 silly tarball no local data for @next/swc-linux-x64-gnu@https://registry.npmjs.org/@next/swc-linux-x64-gnu/-/swc-linux-x64-gnu-15.0.3.tgz. Extracting by manifest.
458 silly tarball no local data for @next/eslint-plugin-next@https://registry.npmjs.org/@next/eslint-plugin-next/-/eslint-plugin-next-15.0.3.tgz. Extracting by manifest.
459 silly tarball no local data for @next/env@https://registry.npmjs.org/@next/env/-/env-15.0.3.tgz. Extracting by manifest.
460 silly tarball no local data for @napi-rs/wasm-runtime@https://registry.npmjs.org/@napi-rs/wasm-runtime/-/wasm-runtime-1.2.4.tgz. Extracting by manifest.
461 silly tarball no local data for @jridgewell/trace-mapping@https://registry.npmjs.org/@jridgewell/trace-mapping/-/trace-mapping-0.3.31.tgz. Extracting by manifest.
462 silly tarball no local data for @jridgewell/sourcemap-codec@https://registry.npmjs.org/@jridgewell/sourcemap-codec/-/sourcemap-codec-1.6.0.tgz. Extracting by manifest.
463 silly tarball no local data for @jridgewell/resolve-uri@https://registry.npmjs.org/@jridgewell/resolve-uri/-/resolve-uri-3.1.2.tgz. Extracting by manifest.
464 silly tarball no local data for @jridgewell/gen-mapping@https://registry.npmjs.org/@jridgewell/gen-mapping/-/gen-mapping-0.3.13.tgz. Extracting by manifest.
465 silly tarball no local data for @img/sharp-linuxmusl-x64@https://registry.npmjs.org/@img/sharp-linuxmusl-x64/-/sharp-linuxmusl-x64-0.33.5.tgz. Extracting by manifest.
466 silly tarball no local data for @img/sharp-linux-x64@https://registry.npmjs.org/@img/sharp-linux-x64/-/sharp-linux-x64-0.33.5.tgz. Extracting by manifest.
467 silly tarball no local data for @img/sharp-libvips-linuxmusl-x64@https://registry.npmjs.org/@img/sharp-libvips-linuxmusl-x64/-/sharp-libvips-linuxmusl-x64-1.0.4.tgz. Extracting by manifest.
468 silly tarball no local data for @img/sharp-libvips-linux-x64@https://registry.npmjs.org/@img/sharp-libvips-linux-x64/-/sharp-libvips-linux-x64-1.0.4.tgz. Extracting by manifest.
469 silly tarball no local data for @humanwhocodes/object-schema@https://registry.npmjs.org/@humanwhocodes/object-schema/-/object-schema-2.0.3.tgz. Extracting by manifest.
470 silly tarball no local data for @humanwhocodes/module-importer@https://registry.npmjs.org/@humanwhocodes/module-importer/-/module-importer-1.0.1.tgz. Extracting by manifest.
471 silly tarball no local data for @humanwhocodes/config-array@https://registry.npmjs.org/@humanwhocodes/config-array/-/config-array-0.13.0.tgz. Extracting by manifest.
472 silly tarball no local data for @eslint/js@https://registry.npmjs.org/@eslint/js/-/js-8.57.1.tgz. Extracting by manifest.
473 silly tarball no local data for @eslint/eslintrc@https://registry.npmjs.org/@eslint/eslintrc/-/eslintrc-2.1.4.tgz. Extracting by manifest.
474 silly tarball no local data for @eslint-community/regexpp@https://registry.npmjs.org/@eslint-community/regexpp/-/regexpp-4.12.2.tgz. Extracting by manifest.
475 silly tarball no local data for @eslint-community/eslint-utils@https://registry.npmjs.org/@eslint-community/eslint-utils/-/eslint-utils-4.10.1.tgz. Extracting by manifest.
476 silly tarball no local data for @emnapi/wasi-threads@https://registry.npmjs.org/@emnapi/wasi-threads/-/wasi-threads-1.2.1.tgz. Extracting by manifest.
477 silly tarball no local data for @emnapi/runtime@https://registry.npmjs.org/@emnapi/runtime/-/runtime-1.11.3.tgz. Extracting by manifest.
478 silly tarball no local data for @emnapi/core@https://registry.npmjs.org/@emnapi/core/-/core-1.10.0.tgz. Extracting by manifest.
479 silly tarball no local data for @alloc/quick-lru@https://registry.npmjs.org/@alloc/quick-lru/-/quick-lru-5.3.0.tgz. Extracting by manifest.
480 silly tarball no local data for @adraffy/ens-normalize@https://registry.npmjs.org/@adraffy/ens-normalize/-/ens-normalize-1.11.1.tgz. Extracting by manifest.
481 silly tarball no local data for picomatch@https://registry.npmjs.org/picomatch/-/picomatch-4.0.7.tgz. Extracting by manifest.
482 silly tarball no local data for fdir@https://registry.npmjs.org/fdir/-/fdir-6.5.0.tgz. Extracting by manifest.
483 silly tarball no local data for resolve@https://registry.npmjs.org/resolve/-/resolve-1.22.12.tgz. Extracting by manifest.
484 silly tarball no local data for fast-glob@https://registry.npmjs.org/fast-glob/-/fast-glob-3.3.3.tgz. Extracting by manifest.
485 silly tarball no local data for glob-parent@https://registry.npmjs.org/glob-parent/-/glob-parent-5.1.2.tgz. Extracting by manifest.
486 silly tarball no local data for resolve@https://registry.npmjs.org/resolve/-/resolve-1.22.12.tgz. Extracting by manifest.
487 silly tarball no local data for semver@https://registry.npmjs.org/semver/-/semver-6.3.1.tgz. Extracting by manifest.
488 silly tarball no local data for postcss@https://registry.npmjs.org/postcss/-/postcss-8.4.31.tgz. Extracting by manifest.
489 silly tarball no local data for glob-parent@https://registry.npmjs.org/glob-parent/-/glob-parent-5.1.2.tgz. Extracting by manifest.
490 silly tarball no local data for semver@https://registry.npmjs.org/semver/-/semver-6.3.1.tgz. Extracting by manifest.
491 silly tarball no local data for doctrine@https://registry.npmjs.org/doctrine/-/doctrine-2.1.0.tgz. Extracting by manifest.
492 silly tarball no local data for semver@https://registry.npmjs.org/semver/-/semver-6.3.1.tgz. Extracting by manifest.
493 silly tarball no local data for doctrine@https://registry.npmjs.org/doctrine/-/doctrine-2.1.0.tgz. Extracting by manifest.
494 silly tarball no local data for debug@https://registry.npmjs.org/debug/-/debug-3.2.7.tgz. Extracting by manifest.
495 silly tarball no local data for debug@https://registry.npmjs.org/debug/-/debug-3.2.7.tgz. Extracting by manifest.
496 silly tarball no local data for debug@https://registry.npmjs.org/debug/-/debug-3.2.7.tgz. Extracting by manifest.
497 silly tarball no local data for glob-parent@https://registry.npmjs.org/glob-parent/-/glob-parent-5.1.2.tgz. Extracting by manifest.
498 silly tarball no local data for @emnapi/runtime@https://registry.npmjs.org/@emnapi/runtime/-/runtime-1.10.0.tgz. Extracting by manifest.
499 silly tarball no local data for eslint-visitor-keys@https://registry.npmjs.org/eslint-visitor-keys/-/eslint-visitor-keys-5.0.1.tgz. Extracting by manifest.
500 silly tarball no local data for minimatch@https://registry.npmjs.org/minimatch/-/minimatch-10.2.6.tgz. Extracting by manifest.
501 silly tarball no local data for brace-expansion@https://registry.npmjs.org/brace-expansion/-/brace-expansion-5.0.12.tgz. Extracting by manifest.
502 silly tarball no local data for balanced-match@https://registry.npmjs.org/balanced-match/-/balanced-match-4.0.4.tgz. Extracting by manifest.
503 silly tarball no local data for ignore@https://registry.npmjs.org/ignore/-/ignore-7.0.9.tgz. Extracting by manifest.
504 http fetch POST 200 https://registry.npmjs.org/-/npm/v1/security/advisories/bulk 700ms
505 silly audit report {
505 silly audit report   next: [
505 silly audit report     {
505 silly audit report       id: 1117931,
505 silly audit report       url: 'https://github.com/advisories/GHSA-8h8q-6873-q5fj',
505 silly audit report       title: 'Next.js Vulnerable to Denial of Service with Server Components',
505 silly audit report       severity: 'high',
505 silly audit report       vulnerable_versions: '>=13.0.0 <15.5.16',
505 silly audit report       cwe: [Array],
505 silly audit report       cvss: [Object]
505 silly audit report     },
505 silly audit report     {
505 silly audit report       id: 1101437,
505 silly audit report       url: 'https://github.com/advisories/GHSA-7m27-7ghc-44w9',
505 silly audit report       title: 'Next.js Allows a Denial of Service (DoS) with Server Actions',
505 silly audit report       severity: 'moderate',
505 silly audit report       vulnerable_versions: '>=15.0.0 <15.1.2',
505 silly audit report       cwe: [Array],
505 silly audit report       cvss: [Object]
505 silly audit report     },
505 silly audit report     {
505 silly audit report       id: 1105462,
505 silly audit report       url: 'https://github.com/advisories/GHSA-3h52-269p-cp9r',
505 silly audit report       title: 'Information exposure in Next.js dev server due to lack of origin verification',
505 silly audit report       severity: 'low',
505 silly audit report       vulnerable_versions: '>=15.0.0 <15.2.2',
505 silly audit report       cwe: [Array],
505 silly audit report       cvss: [Object]
505 silly audit report     },
505 silly audit report     {
505 silly audit report       id: 1111372,
505 silly audit report       url: 'https://github.com/advisories/GHSA-9qr9-h5gf-34mp',
505 silly audit report       title: 'Next.js is vulnerable to RCE in React flight protocol',
505 silly audit report       severity: 'critical',
505 silly audit report       vulnerable_versions: '>=14.3.0-canary.77 <15.0.5',
505 silly audit report       cwe: [Array],
505 silly audit report       cvss: [Object]
505 silly audit report     },
505 silly audit report     {
505 silly audit report       id: 1111381,
505 silly audit report       url: 'https://github.com/advisories/GHSA-w37m-7fhw-fmv9',
505 silly audit report       title: 'Next Server Actions Source Code Exposure ',
505 silly audit report       severity: 'moderate',
505 silly audit report       vulnerable_versions: '>=15.0.0-canary.0 <15.0.6',
505 silly audit report       cwe: [Array],
505 silly audit report       cvss: [Object]
505 silly audit report     },
505 silly audit report     {
505 silly audit report       id: 1111390,
505 silly audit report       url: 'https://github.com/advisories/GHSA-mwv6-3258-q52c',
505 silly audit report       title: 'Next Vulnerable to Denial of Service with Server Components',
505 silly audit report       severity: 'high',
505 silly audit report       vulnerable_versions: '>=15.0.0-canary.0 <15.0.6',
505 silly audit report       cwe: [Array],
505 silly audit report       cvss: [Object]
505 silly audit report     },
505 silly audit report     {
505 silly audit report       id: 1107228,
505 silly audit report       url: 'https://github.com/advisories/GHSA-g5qg-72qw-gw5v',
505 silly audit report       title: 'Next.js Affected by Cache Key Confusion for Image Optimization API Routes',
505 silly audit report       severity: 'moderate',
505 silly audit report       vulnerable_versions: '>=15.0.0 <=15.4.4',
505 silly audit report       cwe: [Array],
505 silly audit report       cvss: [Object]
505 silly audit report     },
505 silly audit report     {
505 silly audit report       id: 1107514,
505 silly audit report       url: 'https://github.com/advisories/GHSA-xv57-4mr9-wg8v',
505 silly audit report       title: 'Next.js Content Injection Vulnerability for Image Optimization',
505 silly audit report       severity: 'moderate',
505 silly audit report       vulnerable_versions: '>=15.0.0 <=15.4.4',
505 silly audit report       cwe: [Array],
505 silly audit report       cvss: [Object]
505 silly audit report     },
505 silly audit report     {
505 silly audit report       id: 1107515,
505 silly audit report       url: 'https://github.com/advisories/GHSA-4342-x723-ch2f',
505 silly audit report       title: 'Next.js Improper Middleware Redirect Handling Leads to SSRF',
505 silly audit report       severity: 'moderate',
505 silly audit report       vulnerable_versions: '>=15.0.0-canary.0 <15.4.7',
505 silly audit report       cwe: [Array],
505 silly audit report       cvss: [Object]
505 silly audit report     },
505 silly audit report     {
505 silly audit report       id: 1108410,
505 silly audit report       url: 'https://github.com/advisories/GHSA-qpjv-v59x-3qc4',
505 silly audit report       title: 'Next.js Race Condition to Cache Poisoning',
505 silly audit report       severity: 'low',
505 silly audit report       vulnerable_versions: '>=15.0.0 <15.1.6',
505 silly audit report       cwe: [Array],
505 silly audit report       cvss: [Object]
505 silly audit report     },
505 silly audit report     {
505 silly audit report       id: 1118942,
505 silly audit report       url: 'https://github.com/advisories/GHSA-3g8h-86w9-wvmq',
505 silly audit report       title: "Next.js's Middleware / Proxy redirects can be cache-poisoned",
505 silly audit report       severity: 'low',
505 silly audit report       vulnerable_versions: '>=12.2.0 <15.5.16',
505 silly audit report       cwe: [Array],
505 silly audit report       cvss: [Object]
505 silly audit report     },
505 silly audit report     {
505 silly audit report       id: 1118944,
505 silly audit report       url: 'https://github.com/advisories/GHSA-ffhc-5mcf-pf4q',
505 silly audit report       title: 'Next.js vulnerable to cross-site scripting in App Router applications using CSP nonces',
505 silly audit report       severity: 'moderate',
505 silly audit report       vulnerable_versions: '>=13.4.0 <15.5.16',
505 silly audit report       cwe: [Array],
505 silly audit report       cvss: [Object]
505 silly audit report     },
505 silly audit report     {
505 silly audit report       id: 1118946,
505 silly audit report       url: 'https://github.com/advisories/GHSA-vfv6-92ff-j949',
505 silly audit report       title: 'Next.js vulnerable to cache poisoning via collisions in React Server Component cache-busting',
505 silly audit report       severity: 'low',
505 silly audit report       vulnerable_versions: '>=13.4.6 <15.5.16',
505 silly audit report       cwe: [Array],
505 silly audit report       cvss: [Object]
505 silly audit report     },
505 silly audit report     {
505 silly audit report       id: 1118948,
505 silly audit report       url: 'https://github.com/advisories/GHSA-gx5p-jg67-6x7h',
505 silly audit report       title: 'Next.js has cross-site scripting in beforeInteractive scripts with untrusted input',
505 silly audit report       severity: 'moderate',
505 silly audit report       vulnerable_versions: '>=13.0.0 <15.5.16',
505 silly audit report       cwe: [Array],
505 silly audit report       cvss: [Object]
505 silly audit report     },
505 silly audit report     {
505 silly audit report       id: 1118950,
505 silly audit report       url: 'https://github.com/advisories/GHSA-mg66-mrh9-m8jx',
505 silly audit report       title: 'Next.js vulnerable to Denial of Service via connection exhaustion in applications using Cache Components',
505 silly audit report       severity: 'high',
505 silly audit report       vulnerable_versions: '>=15.0.0 <15.5.16',
505 silly audit report       cwe: [Array],
505 silly audit report       cvss: [Object]
505 silly audit report     },
505 silly audit report     {
505 silly audit report       id: 1118952,
505 silly audit report       url: 'https://github.com/advisories/GHSA-h64f-5h5j-jqjh',
505 silly audit report       title: 'Next.js has a Denial of Service in the Image Optimization API',
505 silly audit report       severity: 'moderate',
505 silly audit report       vulnerable_versions: '>=10.0.0 <15.5.16',
505 silly audit report       cwe: [Array],
505 silly audit report       cvss: [Object]
505 silly audit report     },
505 silly audit report     {
505 silly audit report       id: 1118954,
505 silly audit report       url: 'https://github.com/advisories/GHSA-c4j6-fc7j-m34r',
505 silly audit report       title: 'Next.js vulnerable to server-side request forgery in applications using WebSocket upgrades',
505 silly audit report       severity: 'high',
505 silly audit report       vulnerable_versions: '>=13.4.13 <15.5.16',
505 silly audit report       cwe: [Array],
505 silly audit report       cvss: [Object]
505 silly audit report     },
505 silly audit report     {
505 silly audit report       id: 1118958,
505 silly audit report       url: 'https://github.com/advisories/GHSA-wfc6-r584-vfw7',
505 silly audit report       title: 'Next.js vulnerable to cache poisoning in React Server Component responses',
505 silly audit report       severity: 'moderate',
505 silly audit report       vulnerable_versions: '>=14.2.0 <15.5.16',
505 silly audit report       cwe: [Array],
505 silly audit report       cvss: [Object]
505 silly audit report     },
505 silly audit report     {
505 silly audit report       id: 1118962,
505 silly audit report       url: 'https://github.com/advisories/GHSA-36qx-fr4f-26g5',
505 silly audit report       title: 'Next.js has a Middleware / Proxy bypass in Pages Router applications using i18n',
505 silly audit report       severity: 'high',
505 silly audit report       vulnerable_versions: '>=12.2.0 <15.5.16',
505 silly audit report       cwe: [Array],
505 silly audit report       cvss: [Object]
505 silly audit report     },
505 silly audit report     {
505 silly audit report       id: 1112593,
505 silly audit report       url: 'https://github.com/advisories/GHSA-9g9p-9gw9-jx7f',
505 silly audit report       title: 'Next.js self-hosted applications vulnerable to DoS via Image Optimizer remotePatterns configuration',
505 silly audit report       severity: 'moderate',
505 silly audit report       vulnerable_versions: '>=10.0.0 <15.5.10',
505 silly audit report       cwe: [Array],
505 silly audit report       cvss: [Object]
505 silly audit report     },
505 silly audit report     {
505 silly audit report       id: 1112653,
505 silly audit report       url: 'https://github.com/advisories/GHSA-h25m-26qc-wcjf',
505 silly audit report       title: 'Next.js HTTP request deserialization can lead to DoS when using insecure React Server Components',
505 silly audit report       severity: 'high',
505 silly audit report       vulnerable_versions: '>=13.0.0 <15.0.8',
505 silly audit report       cwe: [Array],
505 silly audit report       cvss: [Object]
505 silly audit report     },
505 silly audit report     {
505 silly audit report       id: 1113688,
505 silly audit report       url: 'https://github.com/advisories/GHSA-f82v-jwr5-mffw',
505 silly audit report       title: 'Authorization Bypass in Next.js Middleware',
505 silly audit report       severity: 'critical',
505 silly audit report       vulnerable_versions: '>=15.0.0 <15.2.3',
505 silly audit report       cwe: [Array],
505 silly audit report       cvss: [Object]
505 silly audit report     },
505 silly audit report     {
505 silly audit report       id: 1114897,
505 silly audit report       url: 'https://github.com/advisories/GHSA-ggv3-7p47-pfv8',
505 silly audit report       title: 'Next.js: HTTP request smuggling in rewrites',
505 silly audit report       severity: 'moderate',
505 silly audit report       vulnerable_versions: '>=9.5.0 <15.5.13',
505 silly audit report       cwe: [Array],
505 silly audit report       cvss: [Object]
505 silly audit report     },
505 silly audit report     {
505 silly audit report       id: 1114940,
505 silly audit report       url: 'https://github.com/advisories/GHSA-3x4c-7xq6-9pq8',
505 silly audit report       title: 'Next.js: Unbounded next/image disk cache growth can exhaust storage',
505 silly audit report       severity: 'moderate',
505 silly audit report       vulnerable_versions: '>=10.0.0 <15.5.14',
505 silly audit report       cwe: [Array],
505 silly audit report       cvss: [Object]
505 silly audit report     },
505 silly audit report     {
505 silly audit report       id: 1116376,
505 silly audit report       url: 'https://github.com/advisories/GHSA-q4gf-8mx6-v5v3',
505 silly audit report       title: 'Next.js has a Denial of Service with Server Components',
505 silly audit report       severity: 'high',
505 silly audit report       vulnerable_versions: '>=13.0.0 <15.5.15',
505 silly audit report       cwe: [Array],
505 silly audit report       cvss: [Object]
505 silly audit report     },
505 silly audit report     {
505 silly audit report       id: 1124185,
505 silly audit report       url: 'https://github.com/advisories/GHSA-89xv-2m56-2m9x',
505 silly audit report       title: 'Next.js: Server-Side Request Forgery in Server Actions on custom servers',
505 silly audit report       severity: 'high',
505 silly audit report       vulnerable_versions: '>=14.1.1 <15.5.21',
505 silly audit report       cwe: [Array],
505 silly audit report       cvss: [Object]
505 silly audit report     },
505 silly audit report     {
505 silly audit report       id: 1124172,
505 silly audit report       url: 'https://github.com/advisories/GHSA-m99w-x7hq-7vfj',
505 silly audit report       title: 'Next.js: Denial of Service in App Router using Server Actions',
505 silly audit report       severity: 'high',
505 silly audit report       vulnerable_versions: '>=13.0.0 <15.5.21',
505 silly audit report       cwe: [Array],
505 silly audit report       cvss: [Object]
505 silly audit report     },
505 silly audit report     {
505 silly audit report       id: 1124187,
505 silly audit report       url: 'https://github.com/advisories/GHSA-68g3-v927-f742',
505 silly audit report       title: 'Next.js: Cache confusion of response bodies for requests with bodies',
505 silly audit report       severity: 'moderate',
505 silly audit report       vulnerable_versions: '>=13.0.0 <15.5.21',
505 silly audit report       cwe: [Array],
505 silly audit report       cvss: [Object]
505 silly audit report     },
505 silly audit report     {
505 silly audit report       id: 1124189,
505 silly audit report       url: 'https://github.com/advisories/GHSA-4633-3j49-mh5q',
505 silly audit report       title: 'Next.js: Cache confusion of response bodies for requests with bodies containing invalid UTF-8 byte sequences',
505 silly audit report       severity: 'moderate',
505 silly audit report       vulnerable_versions: '>=13.0.0 <15.5.21',
505 silly audit report       cwe: [Array],
505 silly audit report       cvss: [Object]
505 silly audit report     },
505 silly audit report     {
505 silly audit report       id: 1124191,
505 silly audit report       url: 'https://github.com/advisories/GHSA-4c39-4ccg-62r3',
505 silly audit report       title: 'Next.js: Unbounded Server Action payload in Edge runtime',
505 silly audit report       severity: 'moderate',
505 silly audit report       vulnerable_versions: '>=13.0.0 <15.5.21',
505 silly audit report       cwe: [Array],
505 silly audit report       cvss: [Object]
505 silly audit report     },
505 silly audit report     {
505 silly audit report       id: 1124193,
505 silly audit report       url: 'https://github.com/advisories/GHSA-p9j2-gv94-2wf4',
505 silly audit report       title: 'Next.js: Server-Side Request Forgery in rewrites via attacker-controlled destination hostname',
505 silly audit report       severity: 'high',
505 silly audit report       vulnerable_versions: '>=12.0.0 <15.5.21',
505 silly audit report       cwe: [Array],
505 silly audit report       cvss: [Object]
505 silly audit report     },
505 silly audit report     {
505 silly audit report       id: 1124197,
505 silly audit report       url: 'https://github.com/advisories/GHSA-955p-x3mx-jcvp',
505 silly audit report       title: 'Next.js: Unauthenticated disclosure of internal Server Function endpoints',
505 silly audit report       severity: 'moderate',
505 silly audit report       vulnerable_versions: '>=13.0.0 <15.5.21',
505 silly audit report       cwe: [Array],
505 silly audit report       cvss: [Object]
505 silly audit report     },
505 silly audit report     {
505 silly audit report       id: 1193677,
505 silly audit report       url: 'https://github.com/advisories/GHSA-p293-qw3h-jr36',
505 silly audit report       title: 'Next.js: Unauthenticated Remote Code Execution on windows-hosted servers',
505 silly audit report       severity: 'critical',
505 silly audit report       vulnerable_versions: '>=13.4.0 <15.5.24',
505 silly audit report       cwe: [Array],
505 silly audit report       cvss: [Object]
505 silly audit report     },
505 silly audit report     {
505 silly audit report       id: 1193733,
505 silly audit report       url: 'https://github.com/advisories/GHSA-2xp9-vwfh-vxw4',
505 silly audit report       title: 'Next.js: Unauthenticated Remote Code Execution in Image Optimization API when AVIF files are used',
505 silly audit report       severity: 'critical',
505 silly audit report       vulnerable_versions: '>=10.0.0 <15.5.24',
505 silly audit report       cwe: [Array],
505 silly audit report       cvss: [Object]
505 silly audit report     }
505 silly audit report   ],
505 silly audit report   postcss: [
505 silly audit report     {
505 silly audit report       id: 1130709,
505 silly audit report       url: 'https://github.com/advisories/GHSA-fxqj-rqcc-2cmp',
505 silly audit report       title: 'PostCSS: incomplete fix of GHSA-6g55-p6wh-862q — attacker-controlled sourceMappingURL reads arbitrary .map files when `from` is unset',
505 silly audit report       severity: 'moderate',
505 silly audit report       vulnerable_versions: '<=8.5.22',
505 silly audit report       cwe: [Array],
505 silly audit report       cvss: [Object]
505 silly audit report     },
505 silly audit report     {
505 silly audit report       id: 1117015,
505 silly audit report       url: 'https://github.com/advisories/GHSA-qx2v-qp2m-jg93',
505 silly audit report       title: 'PostCSS has XSS via Unescaped </style> in its CSS Stringify Output',
505 silly audit report       severity: 'moderate',
505 silly audit report       vulnerable_versions: '<8.5.10',
505 silly audit report       cwe: [Array],
505 silly audit report       cvss: [Object]
505 silly audit report     },
505 silly audit report     {
505 silly audit report       id: 1124252,
505 silly audit report       url: 'https://github.com/advisories/GHSA-6g55-p6wh-862q',
505 silly audit report       title: 'PostCSS: Arbitrary file read and information disclosure via attacker-controlled sourceMappingURL in CSS comments',
505 silly audit report       severity: 'high',
505 silly audit report       vulnerable_versions: '<=8.5.11',
505 silly audit report       cwe: [Array],
505 silly audit report       cvss: [Object]
505 silly audit report     },
505 silly audit report     {
505 silly audit report       id: 1139510,
505 silly audit report       url: 'https://github.com/advisories/GHSA-r28c-9q8g-f849',
505 silly audit report       title: 'PostCSS: Path Traversal in Previous Source Map Auto-Loading (sourceMappingURL) leads to Arbitrary .map File Disclosure',
505 silly audit report       severity: 'high',
505 silly audit report       vulnerable_versions: '<=8.5.17',
505 silly audit report       cwe: [Array],
505 silly audit report       cvss: [Object]
505 silly audit report     }
505 silly audit report   ],
505 silly audit report   sharp: [
505 silly audit report     {
505 silly audit report       id: 1124066,
505 silly audit report       url: 'https://github.com/advisories/GHSA-f88m-g3jw-g9cj',
505 silly audit report       title: 'sharp inherited vulnerabilities in libvips: CVE-2026-33327, CVE-2026-33328, CVE-2026-35590, CVE-2026-35591',
505 silly audit report       severity: 'high',
505 silly audit report       vulnerable_versions: '<0.35.0',
505 silly audit report       cwe: [Array],
505 silly audit report       cvss: [Object]
505 silly audit report     },
505 silly audit report     {
505 silly audit report       id: 1193725,
505 silly audit report       url: 'https://github.com/advisories/GHSA-rgj7-g3m4-5g8c',
505 silly audit report       title: 'sharp: Vulnerabilities in libheif: GHSA-g89c-p67h-r497 and GHSA-2jg2-4ch7-h545',
505 silly audit report       severity: 'high',
505 silly audit report       vulnerable_versions: '<0.35.4',
505 silly audit report       cwe: [Array],
505 silly audit report       cvss: [Object]
505 silly audit report     }
505 silly audit report   ]
505 silly audit report }
506 silly packumentCache corgi:https://registry.npmjs.org/next cache-miss
507 silly packumentCache corgi:https://registry.npmjs.org/postcss cache-miss
508 silly packumentCache corgi:https://registry.npmjs.org/sharp cache-miss
509 http fetch GET 200 https://registry.npmjs.org/yocto-queue/-/yocto-queue-0.1.0.tgz 1205ms (cache miss)
510 http fetch GET 200 https://registry.npmjs.org/util-deprecate/-/util-deprecate-1.0.2.tgz 1202ms (cache miss)
511 http fetch GET 200 https://registry.npmjs.org/which/-/which-2.0.2.tgz 1205ms (cache miss)
512 http fetch GET 200 https://registry.npmjs.org/typed-array-byte-offset/-/typed-array-byte-offset-1.0.5.tgz 1200ms (cache miss)
513 http fetch GET 200 https://registry.npmjs.org/tinyglobby/-/tinyglobby-0.2.17.tgz 1190ms (cache miss)
514 http fetch GET 200 https://registry.npmjs.org/thenify/-/thenify-3.3.1.tgz 1189ms (cache miss)
515 http fetch GET 200 https://registry.npmjs.org/thenify-all/-/thenify-all-1.6.0.tgz 1190ms (cache miss)
516 http fetch GET 200 https://registry.npmjs.org/supports-preserve-symlinks-flag/-/supports-preserve-symlinks-flag-1.0.0.tgz 1188ms (cache miss)
517 http fetch GET 200 https://registry.npmjs.org/strip-json-comments/-/strip-json-comments-3.1.1.tgz 1185ms (cache miss)
518 http fetch GET 200 https://registry.npmjs.org/update-browserslist-db/-/update-browserslist-db-1.3.3.tgz 1245ms (cache miss)
519 http fetch GET 200 https://registry.npmjs.org/strip-bom/-/strip-bom-3.0.0.tgz 1227ms (cache miss)
520 http fetch GET 200 https://registry.npmjs.org/string.prototype.repeat/-/string.prototype.repeat-1.0.0.tgz 1223ms (cache miss)
521 http fetch GET 200 https://registry.npmjs.org/wrappy/-/wrappy-1.0.2.tgz 1288ms (cache miss)
522 http fetch GET 200 https://registry.npmjs.org/word-wrap/-/word-wrap-1.2.5.tgz 1288ms (cache miss)
523 http fetch GET 200 https://registry.npmjs.org/typed-array-byte-length/-/typed-array-byte-length-1.0.3.tgz 1283ms (cache miss)
524 http fetch GET 200 https://registry.npmjs.org/supports-color/-/supports-color-7.2.0.tgz 1269ms (cache miss)
525 http fetch GET 200 https://registry.npmjs.org/strip-ansi/-/strip-ansi-6.0.1.tgz 1267ms (cache miss)
526 http fetch GET 200 https://registry.npmjs.org/stable-hash/-/stable-hash-0.0.5.tgz 1260ms (cache miss)
527 http fetch GET 200 https://registry.npmjs.org/simple-swizzle/-/simple-swizzle-0.2.4.tgz 1260ms (cache miss)
528 http fetch GET 200 https://registry.npmjs.org/which-collection/-/which-collection-1.0.2.tgz 1316ms (cache miss)
529 http fetch GET 200 https://registry.npmjs.org/type-check/-/type-check-0.4.0.tgz 1309ms (cache miss)
530 http fetch GET 200 https://registry.npmjs.org/stop-iteration-iterator/-/stop-iteration-iterator-1.1.0.tgz 1288ms (cache miss)
531 http fetch GET 200 https://registry.npmjs.org/set-proto/-/set-proto-1.0.0.tgz 1279ms (cache miss)
532 http fetch GET 200 https://registry.npmjs.org/safe-array-concat/-/safe-array-concat-1.1.4.tgz 1276ms (cache miss)
533 http fetch GET 200 https://registry.npmjs.org/typed-array-buffer/-/typed-array-buffer-1.0.3.tgz 1332ms (cache miss)
534 http fetch GET 200 https://registry.npmjs.org/to-regex-range/-/to-regex-range-5.0.1.tgz 1325ms (cache miss)
535 http fetch GET 200 https://registry.npmjs.org/side-channel-map/-/side-channel-map-1.0.1.tgz 1313ms (cache miss)
536 http fetch GET 200 https://registry.npmjs.org/side-channel-weakmap/-/side-channel-weakmap-1.0.2.tgz 1315ms (cache miss)
537 http fetch GET 200 https://registry.npmjs.org/shebang-command/-/shebang-command-2.0.0.tgz 1308ms (cache miss)
538 http fetch GET 200 https://registry.npmjs.org/safe-regex-test/-/safe-regex-test-1.1.0.tgz 1307ms (cache miss)
539 http fetch GET 200 https://registry.npmjs.org/which-boxed-primitive/-/which-boxed-primitive-1.1.1.tgz 1369ms (cache miss)
540 http fetch GET 200 https://registry.npmjs.org/safe-push-apply/-/safe-push-apply-1.0.0.tgz 1327ms (cache miss)
541 http fetch GET 200 https://registry.npmjs.org/text-table/-/text-table-0.2.0.tgz 1353ms (cache miss)
542 http fetch GET 200 https://registry.npmjs.org/shebang-regex/-/shebang-regex-3.0.0.tgz 1338ms (cache miss)
543 http fetch GET 200 https://registry.npmjs.org/run-parallel/-/run-parallel-1.2.0.tgz 1329ms (cache miss)
544 http fetch GET 200 https://registry.npmjs.org/read-cache/-/read-cache-1.0.2.tgz 1323ms (cache miss)
545 http fetch GET 200 https://registry.npmjs.org/unbox-primitive/-/unbox-primitive-1.1.0.tgz 1399ms (cache miss)
546 http fetch GET 200 https://registry.npmjs.org/rimraf/-/rimraf-3.0.2.tgz 1363ms (cache miss)
547 warn deprecated rimraf@3.0.2: Rimraf versions prior to v4 are no longer supported
548 http fetch GET 200 https://registry.npmjs.org/unrs-resolver/-/unrs-resolver-1.12.2.tgz 1453ms (cache miss)
549 http fetch GET 200 https://registry.npmjs.org/resolve-from/-/resolve-from-4.0.0.tgz 1414ms (cache miss)
550 http fetch GET 200 https://registry.npmjs.org/queue-microtask/-/queue-microtask-1.2.3.tgz 1408ms (cache miss)
551 http fetch GET 200 https://registry.npmjs.org/typed-array-length/-/typed-array-length-1.0.8.tgz 1492ms (cache miss)
552 http fetch GET 200 https://registry.npmjs.org/punycode/-/punycode-2.3.1.tgz 1447ms (cache miss)
553 http fetch GET 200 https://registry.npmjs.org/readdirp/-/readdirp-3.6.0.tgz 1449ms (cache miss)
554 http fetch GET 200 https://registry.npmjs.org/pirates/-/pirates-4.0.7.tgz 1440ms (cache miss)
555 http fetch GET 200 https://registry.npmjs.org/path-key/-/path-key-3.1.1.tgz 1439ms (cache miss)
556 http fetch GET 200 https://registry.npmjs.org/string.prototype.matchall/-/string.prototype.matchall-4.1.0.tgz 1483ms (cache miss)
557 http fetch GET 200 https://registry.npmjs.org/set-function-name/-/set-function-name-2.0.2.tgz 1473ms (cache miss)
558 http fetch GET 200 https://registry.npmjs.org/set-function-length/-/set-function-length-1.2.2.tgz 1473ms (cache miss)
559 http fetch GET 200 https://registry.npmjs.org/resolve-pkg-maps/-/resolve-pkg-maps-1.0.0.tgz 1470ms (cache miss)
560 http fetch GET 200 https://registry.npmjs.org/reflect.getprototypeof/-/reflect.getprototypeof-1.0.10.tgz 1466ms (cache miss)
561 http fetch GET 200 https://registry.npmjs.org/prop-types/-/prop-types-15.8.1.tgz 1462ms (cache miss)
562 http fetch GET 200 https://registry.npmjs.org/path-is-absolute/-/path-is-absolute-1.0.1.tgz 1456ms (cache miss)
563 http fetch GET 200 https://registry.npmjs.org/streamsearch/-/streamsearch-1.1.0.tgz 1504ms (cache miss)
564 http fetch GET 200 https://registry.npmjs.org/prelude-ls/-/prelude-ls-1.2.1.tgz 1482ms (cache miss)
565 http fetch GET 200 https://registry.npmjs.org/postcss-nested/-/postcss-nested-6.2.0.tgz 1502ms (cache miss)
566 http fetch GET 200 https://registry.npmjs.org/postcss-js/-/postcss-js-4.1.0.tgz 1498ms (cache miss)
567 http fetch GET 200 https://registry.npmjs.org/possible-typed-array-names/-/possible-typed-array-names-1.1.0.tgz 1498ms (cache miss)
568 http fetch GET 200 https://registry.npmjs.org/postcss-import/-/postcss-import-15.1.0.tgz 1499ms (cache miss)
569 http fetch GET 200 https://registry.npmjs.org/path-parse/-/path-parse-1.0.7.tgz 1496ms (cache miss)
570 http fetch GET 200 https://registry.npmjs.org/path-exists/-/path-exists-4.0.0.tgz 1495ms (cache miss)
571 http fetch GET 200 https://registry.npmjs.org/p-locate/-/p-locate-5.0.0.tgz 1494ms (cache miss)
572 http fetch GET 200 https://registry.npmjs.org/p-limit/-/p-limit-3.1.0.tgz 1494ms (cache miss)
573 http fetch GET 200 https://registry.npmjs.org/object.groupby/-/object.groupby-1.0.3.tgz 1488ms (cache miss)
574 http fetch GET 200 https://registry.npmjs.org/which-builtin-type/-/which-builtin-type-1.2.1.tgz 1588ms (cache miss)
575 http fetch GET 200 https://registry.npmjs.org/string.prototype.includes/-/string.prototype.includes-2.0.1.tgz 1560ms (cache miss)
576 http fetch GET 200 https://registry.npmjs.org/side-channel/-/side-channel-1.1.1.tgz 1557ms (cache miss)
577 http fetch GET 200 https://registry.npmjs.org/parent-module/-/parent-module-1.0.1.tgz 1529ms (cache miss)
578 http fetch GET 200 https://registry.npmjs.org/once/-/once-1.4.0.tgz 1522ms (cache miss)
579 http fetch GET 200 https://registry.npmjs.org/own-keys/-/own-keys-1.0.2.tgz 1527ms (cache miss)
580 http fetch GET 200 https://registry.npmjs.org/normalize-path/-/normalize-path-3.0.0.tgz 1518ms (cache miss)
581 http fetch GET 200 https://registry.npmjs.org/postcss-load-config/-/postcss-load-config-6.0.1.tgz 1561ms (cache miss)
582 http fetch GET 200 https://registry.npmjs.org/picocolors/-/picocolors-1.1.1.tgz 1557ms (cache miss)
583 http fetch GET 200 https://registry.npmjs.org/object-keys/-/object-keys-1.1.1.tgz 1551ms (cache miss)
584 http fetch GET 200 https://registry.npmjs.org/reusify/-/reusify-1.1.0.tgz 1606ms (cache miss)
585 http fetch GET 200 https://registry.npmjs.org/object.fromentries/-/object.fromentries-2.0.8.tgz 1580ms (cache miss)
586 http fetch GET 200 https://registry.npmjs.org/object-assign/-/object-assign-4.1.1.tgz 1578ms (cache miss)
587 http fetch GET 200 https://registry.npmjs.org/ms/-/ms-2.1.3.tgz 1562ms (cache miss)
588 http fetch GET 200 https://registry.npmjs.org/loose-envify/-/loose-envify-1.4.0.tgz 1549ms (cache miss)
589 http fetch GET 200 https://registry.npmjs.org/merge2/-/merge2-1.4.1.tgz 1559ms (cache miss)
590 http fetch GET 200 https://registry.npmjs.org/math-intrinsics/-/math-intrinsics-1.1.0.tgz 1550ms (cache miss)
591 http fetch GET 200 https://registry.npmjs.org/string.prototype.trimstart/-/string.prototype.trimstart-1.0.8.tgz 1651ms (cache miss)
592 http fetch GET 200 https://registry.npmjs.org/side-channel-list/-/side-channel-list-1.0.1.tgz 1642ms (cache miss)
593 http fetch GET 200 https://registry.npmjs.org/react-is/-/react-is-16.13.1.tgz 1625ms (cache miss)
594 http fetch GET 200 https://registry.npmjs.org/natural-compare/-/natural-compare-1.4.0.tgz 1592ms (cache miss)
595 http fetch GET 200 https://registry.npmjs.org/locate-path/-/locate-path-6.0.0.tgz 1573ms (cache miss)
596 http fetch GET 200 https://registry.npmjs.org/lines-and-columns/-/lines-and-columns-1.2.4.tgz 1573ms (cache miss)
597 http fetch GET 200 https://registry.npmjs.org/lilconfig/-/lilconfig-3.1.3.tgz 1572ms (cache miss)
598 http fetch GET 200 https://registry.npmjs.org/string.prototype.trimend/-/string.prototype.trimend-1.0.10.tgz 1675ms (cache miss)
599 http fetch GET 200 https://registry.npmjs.org/mz/-/mz-2.7.0.tgz 1613ms (cache miss)
600 http fetch GET 200 https://registry.npmjs.org/language-tags/-/language-tags-1.0.9.tgz 1596ms (cache miss)
601 http fetch GET 200 https://registry.npmjs.org/json-schema-traverse/-/json-schema-traverse-0.4.1.tgz 1593ms (cache miss)
602 http fetch GET 200 https://registry.npmjs.org/which-typed-array/-/which-typed-array-1.1.24.tgz 1744ms (cache miss)
603 http fetch GET 200 https://registry.npmjs.org/source-map-js/-/source-map-js-1.2.1.tgz 1718ms (cache miss)
604 http fetch GET 200 https://registry.npmjs.org/scheduler/-/scheduler-0.23.2.tgz 1709ms (cache miss)
605 http fetch GET 200 https://registry.npmjs.org/micromatch/-/micromatch-4.0.8.tgz 1660ms (cache miss)
606 http fetch GET 200 https://registry.npmjs.org/minimatch/-/minimatch-3.1.5.tgz 1662ms (cache miss)
607 http fetch GET 200 https://registry.npmjs.org/levn/-/levn-0.4.1.tgz 1648ms (cache miss)
608 http fetch GET 200 https://registry.npmjs.org/json-buffer/-/json-buffer-3.0.1.tgz 1645ms (cache miss)
609 http fetch GET 200 https://registry.npmjs.org/ts-interface-checker/-/ts-interface-checker-0.1.13.tgz 1780ms (cache miss)
610 http fetch GET 200 https://registry.npmjs.org/postcss-value-parser/-/postcss-value-parser-4.2.0.tgz 1741ms (cache miss)
611 http fetch GET 200 https://registry.npmjs.org/object.values/-/object.values-1.2.1.tgz 1726ms (cache miss)
612 http fetch GET 200 https://registry.npmjs.org/node-releases/-/node-releases-2.0.56.tgz 1720ms (cache miss)
613 http fetch GET 200 https://registry.npmjs.org/lodash.merge/-/lodash.merge-4.6.2.tgz 1692ms (cache miss)
614 http fetch GET 200 https://registry.npmjs.org/optionator/-/optionator-0.9.4.tgz 1748ms (cache miss)
615 http fetch GET 200 https://registry.npmjs.org/keyv/-/keyv-4.5.4.tgz 1710ms (cache miss)
616 http fetch GET 200 https://registry.npmjs.org/isexe/-/isexe-2.0.0.tgz 1705ms (cache miss)
617 http fetch GET 200 https://registry.npmjs.org/is-weakref/-/is-weakref-1.1.1.tgz 1705ms (cache miss)
618 http fetch GET 200 https://registry.npmjs.org/js-tokens/-/js-tokens-4.0.0.tgz 1708ms (cache miss)
619 http fetch GET 200 https://registry.npmjs.org/is-string/-/is-string-1.1.1.tgz 1701ms (cache miss)
620 http fetch GET 200 https://registry.npmjs.org/json5/-/json5-1.0.2.tgz 1725ms (cache miss)
621 http fetch GET 200 https://registry.npmjs.org/isows/-/isows-1.0.7.tgz 1723ms (cache miss)
622 http fetch GET 200 https://registry.npmjs.org/isarray/-/isarray-2.0.5.tgz 1722ms (cache miss)
623 http fetch GET 200 https://registry.npmjs.org/is-boolean-object/-/is-boolean-object-1.2.2.tgz 1705ms (cache miss)
624 http fetch GET 200 https://registry.npmjs.org/json-stable-stringify-without-jsonify/-/json-stable-stringify-without-jsonify-1.0.1.tgz 1754ms (cache miss)
625 http fetch GET 200 https://registry.npmjs.org/iterator.prototype/-/iterator.prototype-1.1.5.tgz 1751ms (cache miss)
626 http fetch GET 200 https://registry.npmjs.org/is-weakset/-/is-weakset-2.0.4.tgz 1750ms (cache miss)
627 http fetch GET 200 https://registry.npmjs.org/is-weakmap/-/is-weakmap-2.0.2.tgz 1749ms (cache miss)
628 http fetch GET 200 https://registry.npmjs.org/is-typed-array/-/is-typed-array-1.1.15.tgz 1749ms (cache miss)
629 http fetch GET 200 https://registry.npmjs.org/is-symbol/-/is-symbol-1.1.1.tgz 1746ms (cache miss)
630 http fetch GET 200 https://registry.npmjs.org/is-set/-/is-set-2.0.3.tgz 1744ms (cache miss)
631 http fetch GET 200 https://registry.npmjs.org/is-regex/-/is-regex-1.2.1.tgz 1745ms (cache miss)
632 http fetch GET 200 https://registry.npmjs.org/is-glob/-/is-glob-4.0.3.tgz 1738ms (cache miss)
633 http fetch GET 200 https://registry.npmjs.org/is-shared-array-buffer/-/is-shared-array-buffer-1.0.4.tgz 1767ms (cache miss)
634 http fetch GET 200 https://registry.npmjs.org/is-path-inside/-/is-path-inside-3.0.3.tgz 1765ms (cache miss)
635 http fetch GET 200 https://registry.npmjs.org/is-number/-/is-number-7.0.0.tgz 1763ms (cache miss)
636 http fetch GET 200 https://registry.npmjs.org/is-negative-zero/-/is-negative-zero-2.0.3.tgz 1761ms (cache miss)
637 http fetch GET 200 https://registry.npmjs.org/is-finalizationregistry/-/is-finalizationregistry-1.1.1.tgz 1759ms (cache miss)
638 http fetch GET 200 https://registry.npmjs.org/is-data-view/-/is-data-view-1.0.2.tgz 1757ms (cache miss)
639 http fetch GET 200 https://registry.npmjs.org/is-document.all/-/is-document.all-1.0.0.tgz 1758ms (cache miss)
640 http fetch GET 200 https://registry.npmjs.org/is-callable/-/is-callable-1.2.7.tgz 1756ms (cache miss)
641 http fetch GET 200 https://registry.npmjs.org/is-bun-module/-/is-bun-module-2.0.0.tgz 1757ms (cache miss)
642 http fetch GET 200 https://registry.npmjs.org/is-bigint/-/is-bigint-1.1.0.tgz 1755ms (cache miss)
643 http fetch GET 200 https://registry.npmjs.org/import-fresh/-/import-fresh-3.3.1.tgz 1750ms (cache miss)
644 http fetch GET 200 https://registry.npmjs.org/has-tostringtag/-/has-tostringtag-1.0.2.tgz 1750ms (cache miss)
645 http fetch GET 200 https://registry.npmjs.org/tslib/-/tslib-2.8.1.tgz 1899ms (cache miss)
646 http fetch GET 200 https://registry.npmjs.org/string.prototype.trim/-/string.prototype.trim-1.2.11.tgz 1884ms (cache miss)
647 http fetch GET 200 https://registry.npmjs.org/object-hash/-/object-hash-3.0.0.tgz 1837ms (cache miss)
648 http fetch GET 200 https://registry.npmjs.org/is-date-object/-/is-date-object-1.1.0.tgz 1783ms (cache miss)
649 http fetch GET 200 https://registry.npmjs.org/is-map/-/is-map-2.0.3.tgz 1802ms (cache miss)
650 http fetch GET 200 https://registry.npmjs.org/is-number-object/-/is-number-object-1.1.1.tgz 1807ms (cache miss)
651 http fetch GET 200 https://registry.npmjs.org/is-generator-function/-/is-generator-function-1.1.2.tgz 1802ms (cache miss)
652 http fetch GET 200 https://registry.npmjs.org/is-extglob/-/is-extglob-2.1.1.tgz 1802ms (cache miss)
653 http fetch GET 200 https://registry.npmjs.org/inflight/-/inflight-1.0.6.tgz 1796ms (cache miss)
654 warn deprecated inflight@1.0.6: This module is not supported, and leaks memory. Do not use it. Check out lru-cache if you want a good and tested way to coalesce async requests by a key value, which is much more comprehensive and powerful.
655 http fetch GET 200 https://registry.npmjs.org/has-symbols/-/has-symbols-1.1.0.tgz 1791ms (cache miss)
656 http fetch GET 200 https://registry.npmjs.org/inherits/-/inherits-2.0.4.tgz 1796ms (cache miss)
657 http fetch GET 200 https://registry.npmjs.org/is-binary-path/-/is-binary-path-2.1.0.tgz 1836ms (cache miss)
658 http fetch GET 200 https://registry.npmjs.org/is-async-function/-/is-async-function-2.1.1.tgz 1835ms (cache miss)
659 http fetch GET 200 https://registry.npmjs.org/is-core-module/-/is-core-module-2.17.0.tgz 1838ms (cache miss)
660 http fetch GET 200 https://registry.npmjs.org/is-arrayish/-/is-arrayish-0.3.4.tgz 1834ms (cache miss)
661 http fetch GET 200 https://registry.npmjs.org/internal-slot/-/internal-slot-1.1.0.tgz 1833ms (cache miss)
662 http fetch GET 200 https://registry.npmjs.org/is-array-buffer/-/is-array-buffer-3.0.5.tgz 1835ms (cache miss)
663 http fetch GET 200 https://registry.npmjs.org/object.entries/-/object.entries-1.1.9.tgz 1940ms (cache miss)
664 http fetch GET 200 https://registry.npmjs.org/object.assign/-/object.assign-4.1.7.tgz 1939ms (cache miss)
665 http fetch GET 200 https://registry.npmjs.org/napi-postinstall/-/napi-postinstall-0.3.4.tgz 1925ms (cache miss)
666 http fetch GET 200 https://registry.npmjs.org/gopd/-/gopd-1.2.0.tgz 1867ms (cache miss)
667 http fetch GET 200 https://registry.npmjs.org/has-flag/-/has-flag-4.0.0.tgz 1872ms (cache miss)
668 http fetch GET 200 https://registry.npmjs.org/globalthis/-/globalthis-1.0.4.tgz 1868ms (cache miss)
669 http fetch GET 200 https://registry.npmjs.org/hasown/-/hasown-2.0.4.tgz 1896ms (cache miss)
670 http fetch GET 200 https://registry.npmjs.org/ignore/-/ignore-5.3.2.tgz 1898ms (cache miss)
671 http fetch GET 200 https://registry.npmjs.org/imurmurhash/-/imurmurhash-0.1.4.tgz 1899ms (cache miss)
672 http fetch GET 200 https://registry.npmjs.org/functions-have-names/-/functions-have-names-1.2.3.tgz 1887ms (cache miss)
673 http fetch GET 200 https://registry.npmjs.org/picomatch/-/picomatch-2.3.2.tgz 1993ms (cache miss)
674 http fetch GET 200 https://registry.npmjs.org/has-property-descriptors/-/has-property-descriptors-1.0.2.tgz 1913ms (cache miss)
675 http fetch GET 200 https://registry.npmjs.org/has-bigints/-/has-bigints-1.1.0.tgz 1912ms (cache miss)
676 http fetch GET 200 https://registry.npmjs.org/get-symbol-description/-/get-symbol-description-1.1.0.tgz 1906ms (cache miss)
677 http fetch GET 200 https://registry.npmjs.org/get-intrinsic/-/get-intrinsic-1.3.0.tgz 1905ms (cache miss)
678 http fetch GET 200 https://registry.npmjs.org/get-proto/-/get-proto-1.0.1.tgz 1907ms (cache miss)
679 http fetch GET 200 https://registry.npmjs.org/find-up/-/find-up-5.0.0.tgz 1900ms (cache miss)
680 http fetch GET 200 https://registry.npmjs.org/has-proto/-/has-proto-1.2.0.tgz 1941ms (cache miss)
681 http fetch GET 200 https://registry.npmjs.org/globals/-/globals-13.24.0.tgz 1936ms (cache miss)
682 http fetch GET 200 https://registry.npmjs.org/glob-parent/-/glob-parent-6.0.2.tgz 1936ms (cache miss)
683 http fetch GET 200 https://registry.npmjs.org/glob/-/glob-7.2.3.tgz 1935ms (cache miss)
684 warn deprecated glob@7.2.3: Old versions of glob are not supported, and contain widely publicized security vulnerabilities, which have been fixed in the current version. Please update. Support for old versions may be purchased (at exorbitant rates) by contacting i@izs.me
685 http fetch GET 200 https://registry.npmjs.org/function-bind/-/function-bind-1.1.2.tgz 1932ms (cache miss)
686 http fetch GET 200 https://registry.npmjs.org/for-each/-/for-each-0.3.5.tgz 1930ms (cache miss)
687 http fetch GET 200 https://registry.npmjs.org/flatted/-/flatted-3.4.4.tgz 1930ms (cache miss)
688 http fetch GET 200 https://registry.npmjs.org/fill-range/-/fill-range-7.1.1.tgz 1928ms (cache miss)
689 http fetch GET 200 https://registry.npmjs.org/fast-levenshtein/-/fast-levenshtein-2.0.6.tgz 1926ms (cache miss)
690 http fetch GET 200 https://registry.npmjs.org/eslint-visitor-keys/-/eslint-visitor-keys-3.4.3.tgz 1919ms (cache miss)
691 http fetch GET 200 https://registry.npmjs.org/nanoid/-/nanoid-3.3.19.tgz 2018ms (cache miss)
692 http fetch GET 200 https://registry.npmjs.org/eventemitter3/-/eventemitter3-5.0.1.tgz 1948ms (cache miss)
693 http fetch GET 200 https://registry.npmjs.org/minimist/-/minimist-1.2.8.tgz 2035ms (cache miss)
694 http fetch GET 200 https://registry.npmjs.org/generator-function/-/generator-function-2.0.1.tgz 1978ms (cache miss)
695 http fetch GET 200 https://registry.npmjs.org/fs.realpath/-/fs.realpath-1.0.0.tgz 1977ms (cache miss)
696 http fetch GET 200 https://registry.npmjs.org/flat-cache/-/flat-cache-3.2.0.tgz 1975ms (cache miss)
697 http fetch GET 200 https://registry.npmjs.org/fast-deep-equal/-/fast-deep-equal-3.1.3.tgz 1971ms (cache miss)
698 http fetch GET 200 https://registry.npmjs.org/estraverse/-/estraverse-5.3.0.tgz 1970ms (cache miss)
699 http fetch GET 200 https://registry.npmjs.org/file-entry-cache/-/file-entry-cache-6.0.1.tgz 1974ms (cache miss)
700 http fetch GET 200 https://registry.npmjs.org/esutils/-/esutils-2.0.3.tgz 1991ms (cache miss)
701 http fetch GET 200 https://registry.npmjs.org/esrecurse/-/esrecurse-4.3.0.tgz 2019ms (cache miss)
702 http fetch GET 200 https://registry.npmjs.org/es-errors/-/es-errors-1.3.0.tgz 2007ms (cache miss)
703 http fetch GET 200 https://registry.npmjs.org/regexp.prototype.flags/-/regexp.prototype.flags-1.5.4.tgz 2158ms (cache miss)
704 http fetch GET 200 https://registry.npmjs.org/escalade/-/escalade-3.2.0.tgz 2040ms (cache miss)
705 http fetch GET 200 https://registry.npmjs.org/escape-string-regexp/-/escape-string-regexp-4.0.0.tgz 2042ms (cache miss)
706 http fetch GET 200 https://registry.npmjs.org/eslint-import-resolver-node/-/eslint-import-resolver-node-0.3.10.tgz 2044ms (cache miss)
707 http fetch GET 200 https://registry.npmjs.org/es-object-atoms/-/es-object-atoms-1.1.2.tgz 2039ms (cache miss)
708 http fetch GET 200 https://registry.npmjs.org/react/-/react-18.3.1.tgz 2182ms (cache miss)
709 http fetch GET 200 https://registry.npmjs.org/fastq/-/fastq-1.20.3.tgz 2080ms (cache miss)
710 http fetch GET 200 https://registry.npmjs.org/espree/-/espree-9.6.1.tgz 2073ms (cache miss)
711 http fetch GET 200 https://registry.npmjs.org/eslint-import-resolver-typescript/-/eslint-import-resolver-typescript-3.10.1.tgz 2070ms (cache miss)
712 http fetch GET 200 https://registry.npmjs.org/eslint-config-next/-/eslint-config-next-15.0.3.tgz 2071ms (cache miss)
713 http fetch GET 200 https://registry.npmjs.org/es-abstract-get/-/es-abstract-get-1.0.0.tgz 2064ms (cache miss)
714 http fetch GET 200 https://registry.npmjs.org/es-define-property/-/es-define-property-1.0.1.tgz 2066ms (cache miss)
715 http fetch GET 200 https://registry.npmjs.org/dlv/-/dlv-1.1.3.tgz 2064ms (cache miss)
716 http fetch GET 200 https://registry.npmjs.org/dunder-proto/-/dunder-proto-1.0.1.tgz 2065ms (cache miss)
717 http fetch GET 200 https://registry.npmjs.org/define-data-property/-/define-data-property-1.1.4.tgz 2050ms (cache miss)
718 http fetch GET 200 https://registry.npmjs.org/data-view-byte-offset/-/data-view-byte-offset-1.0.1.tgz 2049ms (cache miss)
719 http fetch GET 200 https://registry.npmjs.org/es-shim-unscopables/-/es-shim-unscopables-1.1.0.tgz 2120ms (cache miss)
720 http fetch GET 200 https://registry.npmjs.org/es-to-primitive/-/es-to-primitive-1.3.4.tgz 2120ms (cache miss)
721 http fetch GET 200 https://registry.npmjs.org/es-set-tostringtag/-/es-set-tostringtag-2.1.0.tgz 2118ms (cache miss)
722 http fetch GET 200 https://registry.npmjs.org/emoji-regex/-/emoji-regex-9.2.2.tgz 2115ms (cache miss)
723 http fetch GET 200 https://registry.npmjs.org/debug/-/debug-4.4.3.tgz 2098ms (cache miss)
724 http fetch GET 200 https://registry.npmjs.org/detect-libc/-/detect-libc-2.1.2.tgz 2139ms (cache miss)
725 http fetch GET 200 https://registry.npmjs.org/didyoumean/-/didyoumean-1.2.2.tgz 2140ms (cache miss)
726 http fetch GET 200 https://registry.npmjs.org/define-properties/-/define-properties-1.2.1.tgz 2127ms (cache miss)
727 http fetch GET 200 https://registry.npmjs.org/damerau-levenshtein/-/damerau-levenshtein-1.0.8.tgz 2121ms (cache miss)
728 http fetch GET 200 https://registry.npmjs.org/node-exports-info/-/node-exports-info-1.6.2.tgz 2250ms (cache miss)
729 http fetch GET 200 https://registry.npmjs.org/fast-json-stable-stringify/-/fast-json-stable-stringify-2.1.0.tgz 2171ms (cache miss)
730 http fetch GET 200 https://registry.npmjs.org/deep-is/-/deep-is-0.1.4.tgz 2143ms (cache miss)
731 http fetch GET 200 https://registry.npmjs.org/data-view-byte-length/-/data-view-byte-length-1.0.2.tgz 2141ms (cache miss)
732 http fetch GET 200 https://registry.npmjs.org/color-name/-/color-name-1.1.4.tgz 2132ms (cache miss)
733 http fetch GET 200 https://registry.npmjs.org/color/-/color-4.2.3.tgz 2134ms (cache miss)
734 http fetch GET 200 https://registry.npmjs.org/cross-spawn/-/cross-spawn-7.0.6.tgz 2156ms (cache miss)
735 http fetch GET 200 https://registry.npmjs.org/client-only/-/client-only-0.0.1.tgz 2154ms (cache miss)
736 http fetch GET 200 https://registry.npmjs.org/ts-api-utils/-/ts-api-utils-2.5.0.tgz 2371ms (cache miss)
737 http fetch GET 200 https://registry.npmjs.org/get-tsconfig/-/get-tsconfig-4.14.3.tgz 2240ms (cache miss)
738 http fetch GET 200 https://registry.npmjs.org/data-view-buffer/-/data-view-buffer-1.0.2.tgz 2196ms (cache miss)
739 http fetch GET 200 https://registry.npmjs.org/callsites/-/callsites-3.1.0.tgz 2185ms (cache miss)
740 http fetch GET 200 https://registry.npmjs.org/call-bound/-/call-bound-1.0.4.tgz 2185ms (cache miss)
741 http fetch GET 200 https://registry.npmjs.org/eslint-scope/-/eslint-scope-7.2.2.tgz 2247ms (cache miss)
742 http fetch GET 200 https://registry.npmjs.org/concat-map/-/concat-map-0.0.1.tgz 2212ms (cache miss)
743 http fetch GET 200 https://registry.npmjs.org/color-convert/-/color-convert-2.0.1.tgz 2210ms (cache miss)
744 http fetch GET 200 https://registry.npmjs.org/chalk/-/chalk-4.1.2.tgz 2209ms (cache miss)
745 http fetch GET 200 https://registry.npmjs.org/color-string/-/color-string-1.9.1.tgz 2211ms (cache miss)
746 http fetch GET 200 https://registry.npmjs.org/call-bind-apply-helpers/-/call-bind-apply-helpers-1.0.2.tgz 2207ms (cache miss)
747 http fetch GET 200 https://registry.npmjs.org/available-typed-arrays/-/available-typed-arrays-1.0.7.tgz 2203ms (cache miss)
748 http fetch GET 200 https://registry.npmjs.org/ws/-/ws-8.21.0.tgz 2465ms (cache miss)
749 http fetch GET 200 https://registry.npmjs.org/cssesc/-/cssesc-3.0.0.tgz 2269ms (cache miss)
750 http fetch GET 200 https://registry.npmjs.org/commander/-/commander-4.1.1.tgz 2264ms (cache miss)
751 http fetch GET 200 https://registry.npmjs.org/chokidar/-/chokidar-3.6.0.tgz 2262ms (cache miss)
752 http fetch GET 200 https://registry.npmjs.org/brace-expansion/-/brace-expansion-1.1.21.tgz 2259ms (cache miss)
753 http fetch GET 200 https://registry.npmjs.org/arraybuffer.prototype.slice/-/arraybuffer.prototype.slice-1.0.4.tgz 2252ms (cache miss)
754 http fetch GET 200 https://registry.npmjs.org/binary-extensions/-/binary-extensions-2.3.0.tgz 2300ms (cache miss)
755 http fetch GET 200 https://registry.npmjs.org/balanced-match/-/balanced-match-1.0.2.tgz 2299ms (cache miss)
756 http fetch GET 200 https://registry.npmjs.org/camelcase-css/-/camelcase-css-2.0.1.tgz 2333ms (cache miss)
757 http fetch GET 200 https://registry.npmjs.org/browserslist/-/browserslist-4.29.0.tgz 2359ms (cache miss)
758 http fetch GET 200 https://registry.npmjs.org/braces/-/braces-3.0.3.tgz 2359ms (cache miss)
759 http fetch GET 200 https://registry.npmjs.org/ast-types-flow/-/ast-types-flow-0.0.8.tgz 2353ms (cache miss)
760 http fetch GET 200 https://registry.npmjs.org/async-function/-/async-function-1.0.0.tgz 2354ms (cache miss)
761 http fetch GET 200 https://registry.npmjs.org/array.prototype.findlastindex/-/array.prototype.findlastindex-1.2.6.tgz 2349ms (cache miss)
762 http fetch GET 200 https://registry.npmjs.org/arg/-/arg-5.0.2.tgz 2343ms (cache miss)
763 http fetch GET 200 https://registry.npmjs.org/function.prototype.name/-/function.prototype.name-1.2.0.tgz 2465ms (cache miss)
764 http fetch GET 200 https://registry.npmjs.org/call-bind/-/call-bind-1.0.9.tgz 2409ms (cache miss)
765 http fetch GET 200 https://registry.npmjs.org/array.prototype.flat/-/array.prototype.flat-1.3.3.tgz 2398ms (cache miss)
766 http fetch GET 200 https://registry.npmjs.org/anymatch/-/anymatch-3.1.3.tgz 2391ms (cache miss)
767 http fetch GET 200 https://registry.npmjs.org/array-includes/-/array-includes-3.2.0.tgz 2394ms (cache miss)
768 http fetch GET 200 https://registry.npmjs.org/array-buffer-byte-length/-/array-buffer-byte-length-1.0.2.tgz 2395ms (cache miss)
769 http fetch GET 200 https://registry.npmjs.org/any-promise/-/any-promise-1.3.0.tgz 2391ms (cache miss)
770 http fetch GET 200 https://registry.npmjs.org/ansi-regex/-/ansi-regex-5.0.1.tgz 2390ms (cache miss)
771 http fetch GET 200 https://registry.npmjs.org/type-fest/-/type-fest-0.20.2.tgz 2646ms (cache miss)
772 http fetch GET 200 https://registry.npmjs.org/@typescript-eslint/project-service/-/project-service-8.70.1.tgz 2416ms (cache miss)
773 http fetch GET 200 https://registry.npmjs.org/ansi-styles/-/ansi-styles-4.3.0.tgz 2447ms (cache miss)
774 http fetch GET 200 https://registry.npmjs.org/fraction.js/-/fraction.js-5.3.4.tgz 2540ms (cache miss)
775 http fetch GET 200 https://registry.npmjs.org/argparse/-/argparse-2.0.1.tgz 2468ms (cache miss)
776 http fetch GET 200 https://registry.npmjs.org/acorn-jsx/-/acorn-jsx-5.3.2.tgz 2465ms (cache miss)
777 http fetch GET 200 https://registry.npmjs.org/@ungap/structured-clone/-/structured-clone-1.4.0.tgz 2462ms (cache miss)
778 http fetch GET 200 https://registry.npmjs.org/@typescript-eslint/visitor-keys/-/visitor-keys-8.70.1.tgz 2461ms (cache miss)
779 http fetch GET 200 https://registry.npmjs.org/@typescript-eslint/tsconfig-utils/-/tsconfig-utils-8.70.1.tgz 2456ms (cache miss)
780 http fetch GET 200 https://registry.npmjs.org/@types/react-dom/-/react-dom-18.3.7.tgz 2454ms (cache miss)
781 http fetch GET 200 https://registry.npmjs.org/doctrine/-/doctrine-3.0.0.tgz 2537ms (cache miss)
782 http fetch GET 200 https://registry.npmjs.org/baseline-browser-mapping/-/baseline-browser-mapping-2.11.25.tgz 2505ms (cache miss)
783 http fetch GET 200 https://registry.npmjs.org/array.prototype.flatmap/-/array.prototype.flatmap-1.3.3.tgz 2497ms (cache miss)
784 http fetch GET 200 https://registry.npmjs.org/array.prototype.tosorted/-/array.prototype.tosorted-1.1.4.tgz 2497ms (cache miss)
785 http fetch GET 200 https://registry.npmjs.org/@typescript-eslint/parser/-/parser-8.70.1.tgz 2476ms (cache miss)
786 http fetch GET 200 https://registry.npmjs.org/electron-to-chromium/-/electron-to-chromium-1.5.434.tgz 2554ms (cache miss)
787 http fetch GET 200 https://registry.npmjs.org/@nodelib/fs.walk/-/fs.walk-1.2.8.tgz 2478ms (cache miss)
788 http fetch GET 200 https://registry.npmjs.org/@swc/counter/-/counter-0.1.3.tgz 2483ms (cache miss)
789 http fetch GET 200 https://registry.npmjs.org/@types/prop-types/-/prop-types-15.7.15.tgz 2496ms (cache miss)
790 http fetch GET 200 https://registry.npmjs.org/@types/json5/-/json5-0.0.29.tgz 2494ms (cache miss)
791 http fetch GET 200 https://registry.npmjs.org/eslint-module-utils/-/eslint-module-utils-2.14.0.tgz 2575ms (cache miss)
792 http fetch GET 200 https://registry.npmjs.org/array.prototype.findlast/-/array.prototype.findlast-1.2.5.tgz 2520ms (cache miss)
793 http fetch GET 200 https://registry.npmjs.org/undici-types/-/undici-types-6.21.0.tgz 2772ms (cache miss)
794 http fetch GET 200 https://registry.npmjs.org/postcss-selector-parser/-/postcss-selector-parser-6.1.4.tgz 2722ms (cache miss)
795 http fetch GET 200 https://registry.npmjs.org/@scure/bip32/-/bip32-1.7.0.tgz 2530ms (cache miss)
796 http fetch GET 200 https://registry.npmjs.org/@nodelib/fs.scandir/-/fs.scandir-2.1.5.tgz 2527ms (cache miss)
797 http fetch GET 200 https://registry.npmjs.org/semver/-/semver-7.8.5.tgz 2762ms (cache miss)
798 http fetch GET 200 https://registry.npmjs.org/@next/eslint-plugin-next/-/eslint-plugin-next-15.0.3.tgz 2549ms (cache miss)
799 http fetch GET 200 https://registry.npmjs.org/@rtsao/scc/-/scc-1.1.0.tgz 2560ms (cache miss)
800 http fetch GET 200 https://registry.npmjs.org/@nodelib/fs.stat/-/fs.stat-2.0.5.tgz 2563ms (cache miss)
801 http fetch GET 200 https://registry.npmjs.org/@nolyfill/is-core-module/-/is-core-module-1.0.39.tgz 2564ms (cache miss)
802 http fetch GET 200 https://registry.npmjs.org/eslint-plugin-react-hooks/-/eslint-plugin-react-hooks-5.2.0.tgz 2658ms (cache miss)
803 http fetch GET 200 https://registry.npmjs.org/@next/env/-/env-15.0.3.tgz 2565ms (cache miss)
804 http fetch GET 200 https://registry.npmjs.org/@eslint/js/-/js-8.57.1.tgz 2569ms (cache miss)
805 http fetch GET 200 https://registry.npmjs.org/object-inspect/-/object-inspect-1.13.4.tgz 2771ms (cache miss)
806 http fetch GET 200 https://registry.npmjs.org/@jridgewell/resolve-uri/-/resolve-uri-3.1.2.tgz 2621ms (cache miss)
807 http fetch GET 200 https://registry.npmjs.org/fdir/-/fdir-6.5.0.tgz 2610ms (cache miss)
808 http fetch GET 200 https://registry.npmjs.org/@humanwhocodes/config-array/-/config-array-0.13.0.tgz 2643ms (cache miss)
809 warn deprecated @humanwhocodes/config-array@0.13.0: Use @eslint/config-array instead
810 http fetch GET 200 https://registry.npmjs.org/sharp/-/sharp-0.33.5.tgz 2878ms (cache miss)
811 http fetch GET 200 https://registry.npmjs.org/@typescript-eslint/types/-/types-8.70.1.tgz 2682ms (cache miss)
812 http fetch GET 200 https://registry.npmjs.org/@humanwhocodes/module-importer/-/module-importer-1.0.1.tgz 2653ms (cache miss)
813 http fetch GET 200 https://registry.npmjs.org/glob-parent/-/glob-parent-5.1.2.tgz 2642ms (cache miss)
814 http fetch GET 200 https://registry.npmjs.org/@alloc/quick-lru/-/quick-lru-5.3.0.tgz 2654ms (cache miss)
815 http fetch GET 200 https://registry.npmjs.org/semver/-/semver-6.3.1.tgz 2650ms (cache miss)
816 http fetch GET 200 https://registry.npmjs.org/debug/-/debug-3.2.7.tgz 2644ms (cache miss)
817 http fetch GET 200 https://registry.npmjs.org/brace-expansion/-/brace-expansion-5.0.12.tgz 2649ms (cache miss)
818 http fetch GET 200 https://registry.npmjs.org/picomatch/-/picomatch-4.0.7.tgz 2693ms (cache miss)
819 http fetch GET 200 https://registry.npmjs.org/balanced-match/-/balanced-match-4.0.4.tgz 2680ms (cache miss)
820 http fetch GET 200 https://registry.npmjs.org/glob-parent/-/glob-parent-5.1.2.tgz 2707ms (cache miss)
821 http fetch GET 200 https://registry.npmjs.org/glob-parent/-/glob-parent-5.1.2.tgz 2703ms (cache miss)
822 http fetch GET 200 https://registry.npmjs.org/semver/-/semver-6.3.1.tgz 2708ms (cache miss)
823 http fetch GET 200 https://registry.npmjs.org/semver/-/semver-6.3.1.tgz 2706ms (cache miss)
824 http fetch GET 200 https://registry.npmjs.org/busboy/-/busboy-1.6.0.tgz 2789ms (cache miss)
825 http fetch GET 200 https://registry.npmjs.org/debug/-/debug-3.2.7.tgz 2715ms (cache miss)
826 http fetch GET 200 https://registry.npmjs.org/debug/-/debug-3.2.7.tgz 2716ms (cache miss)
827 http fetch GET 200 https://registry.npmjs.org/doctrine/-/doctrine-2.1.0.tgz 2729ms (cache miss)
828 http fetch GET 200 https://registry.npmjs.org/doctrine/-/doctrine-2.1.0.tgz 2740ms (cache miss)
829 http fetch GET 200 https://registry.npmjs.org/ignore/-/ignore-7.0.9.tgz 2734ms (cache miss)
830 http fetch GET 200 https://registry.npmjs.org/@scure/base/-/base-1.2.6.tgz 2804ms (cache miss)
831 http fetch GET 200 https://registry.npmjs.org/@img/sharp-linux-x64/-/sharp-linux-x64-0.33.5.tgz 2857ms (cache miss)
832 http fetch GET 200 https://registry.npmjs.org/@img/sharp-linuxmusl-x64/-/sharp-linuxmusl-x64-0.33.5.tgz 2857ms (cache miss)
833 http fetch GET 200 https://registry.npmjs.org/eslint-visitor-keys/-/eslint-visitor-keys-5.0.1.tgz 2836ms (cache miss)
834 http fetch GET 200 https://registry.npmjs.org/@emnapi/wasi-threads/-/wasi-threads-1.2.1.tgz 2888ms (cache miss)
835 http fetch GET 200 https://registry.npmjs.org/postcss/-/postcss-8.5.28.tgz 3123ms (cache miss)
836 http fetch GET 200 https://registry.npmjs.org/@humanwhocodes/object-schema/-/object-schema-2.0.3.tgz 2930ms (cache miss)
837 warn deprecated @humanwhocodes/object-schema@2.0.3: Use @eslint/object-schema instead
838 http fetch GET 200 https://registry.npmjs.org/graphemer/-/graphemer-1.4.0.tgz 3073ms (cache miss)
839 http fetch GET 200 https://registry.npmjs.org/acorn/-/acorn-8.18.0.tgz 2986ms (cache miss)
840 http fetch GET 200 https://registry.npmjs.org/@jridgewell/gen-mapping/-/gen-mapping-0.3.13.tgz 2955ms (cache miss)
841 http fetch GET 200 https://registry.npmjs.org/sharp 2669ms (cache miss)
842 silly packumentCache corgi:https://registry.npmjs.org/sharp set size:undefined disposed:false
843 http fetch GET 200 https://registry.npmjs.org/@jridgewell/sourcemap-codec/-/sourcemap-codec-1.6.0.tgz 2983ms (cache miss)
844 http fetch GET 200 https://registry.npmjs.org/@eslint-community/regexpp/-/regexpp-4.12.2.tgz 2975ms (cache miss)
845 http fetch GET 200 https://registry.npmjs.org/@eslint-community/eslint-utils/-/eslint-utils-4.10.1.tgz 2974ms (cache miss)
846 http fetch GET 200 https://registry.npmjs.org/@typescript-eslint/type-utils/-/type-utils-8.70.1.tgz 3011ms (cache miss)
847 http fetch GET 200 https://registry.npmjs.org/@types/react/-/react-18.3.31.tgz 3007ms (cache miss)
848 http fetch GET 200 https://registry.npmjs.org/postcss 2703ms (cache miss)
849 silly packumentCache corgi:https://registry.npmjs.org/postcss set size:undefined disposed:false
850 http fetch GET 200 https://registry.npmjs.org/@emnapi/runtime/-/runtime-1.11.3.tgz 2998ms (cache miss)
851 http fetch GET 200 https://registry.npmjs.org/styled-jsx/-/styled-jsx-5.1.6.tgz 3259ms (cache miss)
852 http fetch GET 200 https://registry.npmjs.org/fast-glob/-/fast-glob-3.3.1.tgz 3134ms (cache miss)
853 http fetch GET 200 https://registry.npmjs.org/@emnapi/runtime/-/runtime-1.10.0.tgz 3014ms (cache miss)
854 http fetch GET 200 https://registry.npmjs.org/uri-js/-/uri-js-4.4.1.tgz 3306ms (cache miss)
855 http fetch GET 200 https://registry.npmjs.org/@napi-rs/wasm-runtime/-/wasm-runtime-1.2.4.tgz 3064ms (cache miss)
856 http fetch GET 200 https://registry.npmjs.org/genlayer-js/-/genlayer-js-0.1.2.tgz 3182ms (cache miss)
857 http fetch GET 200 https://registry.npmjs.org/esquery/-/esquery-1.7.0.tgz 3169ms (cache miss)
858 http fetch GET 200 https://registry.npmjs.org/csstype/-/csstype-3.2.3.tgz 3138ms (cache miss)
859 http fetch GET 200 https://registry.npmjs.org/@jridgewell/trace-mapping/-/trace-mapping-0.3.31.tgz 3078ms (cache miss)
860 http fetch GET 200 https://registry.npmjs.org/@adraffy/ens-normalize/-/ens-normalize-1.11.1.tgz 3065ms (cache miss)
861 http fetch GET 200 https://registry.npmjs.org/js-yaml/-/js-yaml-4.3.2.tgz 3237ms (cache miss)
862 http fetch GET 200 https://registry.npmjs.org/language-subtag-registry/-/language-subtag-registry-0.3.23.tgz 3257ms (cache miss)
863 http fetch GET 200 https://registry.npmjs.org/tsconfig-paths/-/tsconfig-paths-3.15.0.tgz 3363ms (cache miss)
864 http fetch GET 200 https://registry.npmjs.org/fast-glob/-/fast-glob-3.3.3.tgz 3114ms (cache miss)
865 http fetch GET 200 https://registry.npmjs.org/postcss/-/postcss-8.4.31.tgz 3112ms (cache miss)
866 http fetch GET 200 https://registry.npmjs.org/@eslint/eslintrc/-/eslintrc-2.1.4.tgz 3139ms (cache miss)
867 http fetch GET 200 https://registry.npmjs.org/@scure/bip39/-/bip39-1.6.0.tgz 3172ms (cache miss)
868 http fetch GET 200 https://registry.npmjs.org/autoprefixer/-/autoprefixer-10.6.1.tgz 3214ms (cache miss)
869 http fetch GET 200 https://registry.npmjs.org/jsx-ast-utils/-/jsx-ast-utils-3.3.5.tgz 3339ms (cache miss)
870 http fetch GET 200 https://registry.npmjs.org/minimatch/-/minimatch-10.2.6.tgz 3176ms (cache miss)
871 http fetch GET 200 https://registry.npmjs.org/@typescript-eslint/utils/-/utils-8.70.1.tgz 3233ms (cache miss)
872 http fetch GET 200 https://registry.npmjs.org/@tybys/wasm-util/-/wasm-util-0.10.4.tgz 3230ms (cache miss)
873 http fetch GET 200 https://registry.npmjs.org/@typescript-eslint/typescript-estree/-/typescript-estree-8.70.1.tgz 3279ms (cache miss)
874 http fetch GET 200 https://registry.npmjs.org/axobject-query/-/axobject-query-4.1.0.tgz 3315ms (cache miss)
875 http fetch GET 200 https://registry.npmjs.org/jiti/-/jiti-1.21.7.tgz 3416ms (cache miss)
876 http fetch GET 200 https://registry.npmjs.org/@emnapi/core/-/core-1.10.0.tgz 3297ms (cache miss)
877 http fetch GET 200 https://registry.npmjs.org/@unrs/resolver-binding-linux-x64-gnu/-/resolver-binding-linux-x64-gnu-1.12.2.tgz 3411ms (cache miss)
878 http fetch GET 200 https://registry.npmjs.org/@unrs/resolver-binding-linux-x64-musl/-/resolver-binding-linux-x64-musl-1.12.2.tgz 3418ms (cache miss)
879 http fetch GET 200 https://registry.npmjs.org/ajv/-/ajv-6.15.0.tgz 3431ms (cache miss)
880 http fetch GET 200 https://registry.npmjs.org/aria-query/-/aria-query-5.3.2.tgz 3461ms (cache miss)
881 http fetch GET 200 https://registry.npmjs.org/@rushstack/eslint-patch/-/eslint-patch-1.16.1.tgz 3456ms (cache miss)
882 http fetch GET 200 https://registry.npmjs.org/resolve/-/resolve-2.0.0-next.7.tgz 3663ms (cache miss)
883 http fetch GET 200 https://registry.npmjs.org/es-iterator-helpers/-/es-iterator-helpers-1.4.0.tgz 3549ms (cache miss)
884 http fetch GET 200 https://registry.npmjs.org/@noble/ciphers/-/ciphers-1.3.0.tgz 3479ms (cache miss)
885 http fetch GET 200 https://registry.npmjs.org/resolve/-/resolve-1.22.12.tgz 3493ms (cache miss)
886 http fetch GET 200 https://registry.npmjs.org/resolve/-/resolve-1.22.12.tgz 3495ms (cache miss)
887 http fetch GET 200 https://registry.npmjs.org/axe-core/-/axe-core-4.13.0.tgz 3575ms (cache miss)
888 http fetch GET 200 https://registry.npmjs.org/@types/node/-/node-20.19.43.tgz 3550ms (cache miss)
889 http fetch GET 200 https://registry.npmjs.org/eslint-plugin-import/-/eslint-plugin-import-2.32.0.tgz 3638ms (cache miss)
890 http fetch GET 200 https://registry.npmjs.org/react-dom/-/react-dom-18.3.1.tgz 3875ms (cache miss)
891 http fetch GET 200 https://registry.npmjs.org/eslint-plugin-jsx-a11y/-/eslint-plugin-jsx-a11y-6.10.2.tgz 3771ms (cache miss)
892 http fetch GET 200 https://registry.npmjs.org/sucrase/-/sucrase-3.35.1.tgz 3941ms (cache miss)
893 http fetch GET 200 https://registry.npmjs.org/@noble/hashes/-/hashes-1.8.0.tgz 3756ms (cache miss)
894 http fetch GET 200 https://registry.npmjs.org/@typescript-eslint/scope-manager/-/scope-manager-8.70.1.tgz 3806ms (cache miss)
895 http fetch GET 200 https://registry.npmjs.org/@noble/curves/-/curves-1.9.1.tgz 3849ms (cache miss)
896 http fetch GET 200 https://registry.npmjs.org/abitype/-/abitype-1.2.3.tgz 3940ms (cache miss)
897 http fetch GET 200 https://registry.npmjs.org/eslint-plugin-react/-/eslint-plugin-react-7.37.5.tgz 4107ms (cache miss)
898 http fetch GET 200 https://registry.npmjs.org/tailwindcss/-/tailwindcss-3.4.19.tgz 4509ms (cache miss)
899 http fetch GET 200 https://registry.npmjs.org/@typescript-eslint/eslint-plugin/-/eslint-plugin-8.70.1.tgz 4309ms (cache miss)
900 http fetch GET 200 https://registry.npmjs.org/eslint/-/eslint-8.57.1.tgz 4422ms (cache miss)
901 warn deprecated eslint@8.57.1: This version is no longer supported. Please see https://eslint.org/version-support for other options.
902 http fetch GET 200 https://registry.npmjs.org/@swc/helpers/-/helpers-0.5.13.tgz 4348ms (cache miss)
903 http fetch GET 200 https://registry.npmjs.org/caniuse-lite/-/caniuse-lite-1.0.30001810.tgz 4609ms (cache miss)
904 http fetch GET 200 https://registry.npmjs.org/@img/sharp-libvips-linux-x64/-/sharp-libvips-linux-x64-1.0.4.tgz 4670ms (cache miss)
905 http fetch GET 200 https://registry.npmjs.org/@img/sharp-libvips-linuxmusl-x64/-/sharp-libvips-linuxmusl-x64-1.0.4.tgz 4702ms (cache miss)
906 http fetch GET 200 https://registry.npmjs.org/next 4752ms (cache miss)
907 silly packumentCache corgi:https://registry.npmjs.org/next set size:undefined disposed:false
908 http fetch GET 200 https://registry.npmjs.org/typescript/-/typescript-5.9.3.tgz 8097ms (cache miss)
909 http fetch GET 200 https://registry.npmjs.org/ox/-/ox-0.14.45.tgz 8371ms (cache miss)
910 http fetch GET 200 https://registry.npmjs.org/es-abstract/-/es-abstract-1.24.2.tgz 8474ms (cache miss)
911 http fetch GET 200 https://registry.npmjs.org/@next/swc-linux-x64-gnu/-/swc-linux-x64-gnu-15.0.3.tgz 11689ms (cache miss)
912 http fetch GET 200 https://registry.npmjs.org/@next/swc-linux-x64-musl/-/swc-linux-x64-musl-15.0.3.tgz 12348ms (cache miss)
913 http fetch GET 200 https://registry.npmjs.org/viem/-/viem-2.56.8.tgz 13041ms (cache miss)
914 http fetch GET 200 https://registry.npmjs.org/next/-/next-15.0.3.tgz 13990ms (cache miss)
915 warn deprecated next@15.0.3: This version has a security vulnerability. Please upgrade to a patched version. See https://nextjs.org/blog/CVE-2025-66478 for more details.
916 info run sharp@0.33.5 install node_modules/sharp node install/check
917 info run sharp@0.33.5 install { code: 0, signal: null }
918 info run unrs-resolver@1.12.2 postinstall node_modules/unrs-resolver node postinstall.js
919 info run unrs-resolver@1.12.2 postinstall { code: 0, signal: null }
920 verbose cwd /home/user/frontend
921 verbose os Linux 6.1.158+
922 verbose node v20.20.2
923 verbose npm  v10.8.2
924 verbose exit 0
925 info ok
